datum,domaca_ekipa,gostujoca_ekipa,goli_domaci,goli_gosti,liga,sezona
Fri Aug 20 2010,Bayern München,VfL Wolfsburg,2,1,Bundesliga,2010-11
Sat Aug 21 2010,1. FC Köln,1. FC Kaiserslautern,1,3,Bundesliga,2010-11
Sat Aug 21 2010,SC Freiburg,FC St. Pauli,1,3,Bundesliga,2010-11
Sat Aug 21 2010,Bor. Mönchengladbach,1. FC Nürnberg,1,1,Bundesliga,2010-11
Sat Aug 21 2010,TSG 1899 Hoffenheim,Werder Bremen,4,1,Bundesliga,2010-11
Sat Aug 21 2010,Hamburger SV,FC Schalke 04,2,1,Bundesliga,2010-11
Sat Aug 21 2010,Hannover 96,Eintracht Frankfurt,2,1,Bundesliga,2010-11
Sun Aug 22 2010,1. FSV Mainz 05,VfB Stuttgart,2,0,Bundesliga,2010-11
Sun Aug 22 2010,Borussia Dortmund,Bayer 04 Leverkusen,0,2,Bundesliga,2010-11
Fri Aug 27 2010,1. FC Kaiserslautern,Bayern München,2,0,Bundesliga,2010-11
Sat Aug 28 2010,FC Schalke 04,Hannover 96,1,2,Bundesliga,2010-11
Sat Aug 28 2010,VfL Wolfsburg,1. FSV Mainz 05,3,4,Bundesliga,2010-11
Sat Aug 28 2010,1. FC Nürnberg,SC Freiburg,1,2,Bundesliga,2010-11
Sat Aug 28 2010,Werder Bremen,1. FC Köln,4,2,Bundesliga,2010-11
Sat Aug 28 2010,FC St. Pauli,TSG 1899 Hoffenheim,0,1,Bundesliga,2010-11
Sat Aug 28 2010,Eintracht Frankfurt,Hamburger SV,1,3,Bundesliga,2010-11
Sun Aug 29 2010,Bayer 04 Leverkusen,Bor. Mönchengladbach,3,6,Bundesliga,2010-11
Sun Aug 29 2010,VfB Stuttgart,Borussia Dortmund,1,3,Bundesliga,2010-11
Fri Sep 10 2010,TSG 1899 Hoffenheim,FC Schalke 04,2,0,Bundesliga,2010-11
Sat Sep 11 2010,Hamburger SV,1. FC Nürnberg,1,1,Bundesliga,2010-11
Sat Sep 11 2010,Hannover 96,Bayer 04 Leverkusen,2,2,Bundesliga,2010-11
Sat Sep 11 2010,Bor. Mönchengladbach,Eintracht Frankfurt,0,4,Bundesliga,2010-11
Sat Sep 11 2010,Borussia Dortmund,VfL Wolfsburg,2,0,Bundesliga,2010-11
Sat Sep 11 2010,SC Freiburg,VfB Stuttgart,2,1,Bundesliga,2010-11
Sat Sep 11 2010,Bayern München,Werder Bremen,0,0,Bundesliga,2010-11
Sun Sep 12 2010,1. FSV Mainz 05,1. FC Kaiserslautern,2,1,Bundesliga,2010-11
Sun Sep 12 2010,1. FC Köln,FC St. Pauli,1,0,Bundesliga,2010-11
Fri Sep 17 2010,Eintracht Frankfurt,SC Freiburg,0,1,Bundesliga,2010-11
Sat Sep 18 2010,1. FC Kaiserslautern,TSG 1899 Hoffenheim,2,2,Bundesliga,2010-11
Sat Sep 18 2010,Werder Bremen,1. FSV Mainz 05,0,2,Bundesliga,2010-11
Sat Sep 18 2010,VfL Wolfsburg,Hannover 96,2,0,Bundesliga,2010-11
Sat Sep 18 2010,VfB Stuttgart,Bor. Mönchengladbach,7,0,Bundesliga,2010-11
Sat Sep 18 2010,Bayern München,1. FC Köln,0,0,Bundesliga,2010-11
Sun Sep 19 2010,Bayer 04 Leverkusen,1. FC Nürnberg,0,0,Bundesliga,2010-11
Sun Sep 19 2010,FC St. Pauli,Hamburger SV,1,1,Bundesliga,2010-11
Sun Sep 19 2010,FC Schalke 04,Borussia Dortmund,1,3,Bundesliga,2010-11
Tue Sep 21 2010,1. FSV Mainz 05,1. FC Köln,2,0,Bundesliga,2010-11
Tue Sep 21 2010,TSG 1899 Hoffenheim,Bayern München,1,2,Bundesliga,2010-11
Tue Sep 21 2010,Hannover 96,Werder Bremen,4,1,Bundesliga,2010-11
Wed Sep 22 2010,Bor. Mönchengladbach,FC St. Pauli,1,2,Bundesliga,2010-11
Wed Sep 22 2010,Bayer 04 Leverkusen,Eintracht Frankfurt,2,1,Bundesliga,2010-11
Wed Sep 22 2010,1. FC Nürnberg,VfB Stuttgart,2,1,Bundesliga,2010-11
Wed Sep 22 2010,Hamburger SV,VfL Wolfsburg,1,3,Bundesliga,2010-11
Wed Sep 22 2010,Borussia Dortmund,1. FC Kaiserslautern,5,0,Bundesliga,2010-11
Wed Sep 22 2010,SC Freiburg,FC Schalke 04,1,2,Bundesliga,2010-11
Fri Sep 24 2010,1. FC Köln,TSG 1899 Hoffenheim,1,1,Bundesliga,2010-11
Sat Sep 25 2010,FC St. Pauli,Borussia Dortmund,1,3,Bundesliga,2010-11
Sat Sep 25 2010,Bayern München,1. FSV Mainz 05,1,2,Bundesliga,2010-11
Sat Sep 25 2010,VfB Stuttgart,Bayer 04 Leverkusen,1,4,Bundesliga,2010-11
Sat Sep 25 2010,Werder Bremen,Hamburger SV,3,2,Bundesliga,2010-11
Sat Sep 25 2010,Eintracht Frankfurt,1. FC Nürnberg,2,0,Bundesliga,2010-11
Sat Sep 25 2010,FC Schalke 04,Bor. Mönchengladbach,2,2,Bundesliga,2010-11
Sun Sep 26 2010,1. FC Kaiserslautern,Hannover 96,0,1,Bundesliga,2010-11
Sun Sep 26 2010,VfL Wolfsburg,SC Freiburg,2,1,Bundesliga,2010-11
Fri Oct 1 2010,Hannover 96,FC St. Pauli,0,1,Bundesliga,2010-11
Sat Oct 2 2010,1. FSV Mainz 05,TSG 1899 Hoffenheim,4,2,Bundesliga,2010-11
Sat Oct 2 2010,1. FC Nürnberg,FC Schalke 04,2,1,Bundesliga,2010-11
Sat Oct 2 2010,Hamburger SV,1. FC Kaiserslautern,2,1,Bundesliga,2010-11
Sat Oct 2 2010,Bor. Mönchengladbach,VfL Wolfsburg,1,1,Bundesliga,2010-11
Sat Oct 2 2010,SC Freiburg,1. FC Köln,3,2,Bundesliga,2010-11
Sun Oct 3 2010,Borussia Dortmund,Bayern München,2,0,Bundesliga,2010-11
Sun Oct 3 2010,VfB Stuttgart,Eintracht Frankfurt,1,2,Bundesliga,2010-11
Sun Oct 3 2010,Bayer 04 Leverkusen,Werder Bremen,2,2,Bundesliga,2010-11
Fri Oct 15 2010,1. FC Köln,Borussia Dortmund,1,2,Bundesliga,2010-11
Sat Oct 16 2010,Werder Bremen,SC Freiburg,2,1,Bundesliga,2010-11
Sat Oct 16 2010,FC St. Pauli,1. FC Nürnberg,3,2,Bundesliga,2010-11
Sat Oct 16 2010,1. FSV Mainz 05,Hamburger SV,0,1,Bundesliga,2010-11
Sat Oct 16 2010,FC Schalke 04,VfB Stuttgart,2,2,Bundesliga,2010-11
Sat Oct 16 2010,Bayern München,Hannover 96,3,0,Bundesliga,2010-11
Sat Oct 16 2010,VfL Wolfsburg,Bayer 04 Leverkusen,2,3,Bundesliga,2010-11
Sun Oct 17 2010,TSG 1899 Hoffenheim,Bor. Mönchengladbach,3,2,Bundesliga,2010-11
Sun Oct 17 2010,1. FC Kaiserslautern,Eintracht Frankfurt,0,3,Bundesliga,2010-11
Fri Oct 22 2010,Hamburger SV,Bayern München,0,0,Bundesliga,2010-11
Sat Oct 23 2010,Bor. Mönchengladbach,Werder Bremen,1,4,Bundesliga,2010-11
Sat Oct 23 2010,1. FC Nürnberg,VfL Wolfsburg,2,1,Bundesliga,2010-11
Sat Oct 23 2010,Hannover 96,1. FC Köln,2,1,Bundesliga,2010-11
Sat Oct 23 2010,SC Freiburg,1. FC Kaiserslautern,2,1,Bundesliga,2010-11
Sat Oct 23 2010,Eintracht Frankfurt,FC Schalke 04,0,0,Bundesliga,2010-11
Sun Oct 24 2010,Bayer 04 Leverkusen,1. FSV Mainz 05,0,1,Bundesliga,2010-11
Sun Oct 24 2010,VfB Stuttgart,FC St. Pauli,2,0,Bundesliga,2010-11
Sun Oct 24 2010,Borussia Dortmund,TSG 1899 Hoffenheim,1,1,Bundesliga,2010-11
Fri Oct 29 2010,Bayern München,SC Freiburg,4,2,Bundesliga,2010-11
Sat Oct 30 2010,FC Schalke 04,Bayer 04 Leverkusen,0,1,Bundesliga,2010-11
Sat Oct 30 2010,FC St. Pauli,Eintracht Frankfurt,1,3,Bundesliga,2010-11
Sat Oct 30 2010,1. FC Köln,Hamburger SV,3,2,Bundesliga,2010-11
Sat Oct 30 2010,VfL Wolfsburg,VfB Stuttgart,2,0,Bundesliga,2010-11
Sat Oct 30 2010,Werder Bremen,1. FC Nürnberg,2,3,Bundesliga,2010-11
Sat Oct 30 2010,1. FC Kaiserslautern,Bor. Mönchengladbach,3,0,Bundesliga,2010-11
Sun Oct 31 2010,TSG 1899 Hoffenheim,Hannover 96,4,0,Bundesliga,2010-11
Sun Oct 31 2010,1. FSV Mainz 05,Borussia Dortmund,0,2,Bundesliga,2010-11
Fri Nov 5 2010,FC Schalke 04,FC St. Pauli,3,0,Bundesliga,2010-11
Sat Nov 6 2010,Eintracht Frankfurt,VfL Wolfsburg,3,1,Bundesliga,2010-11
Sat Nov 6 2010,Bor. Mönchengladbach,Bayern München,3,3,Bundesliga,2010-11
Sat Nov 6 2010,SC Freiburg,1. FSV Mainz 05,1,0,Bundesliga,2010-11
Sat Nov 6 2010,Hamburger SV,TSG 1899 Hoffenheim,2,1,Bundesliga,2010-11
Sat Nov 6 2010,1. FC Nürnberg,1. FC Köln,3,1,Bundesliga,2010-11
Sun Nov 7 2010,Bayer 04 Leverkusen,1. FC Kaiserslautern,3,1,Bundesliga,2010-11
Sun Nov 7 2010,Hannover 96,Borussia Dortmund,0,4,Bundesliga,2010-11
Sun Nov 7 2010,VfB Stuttgart,Werder Bremen,6,0,Bundesliga,2010-11
Fri Nov 12 2010,Borussia Dortmund,Hamburger SV,2,0,Bundesliga,2010-11
Sat Nov 13 2010,FC St. Pauli,Bayer 04 Leverkusen,0,1,Bundesliga,2010-11
Sat Nov 13 2010,1. FC Kaiserslautern,VfB Stuttgart,3,3,Bundesliga,2010-11
Sat Nov 13 2010,Werder Bremen,Eintracht Frankfurt,0,0,Bundesliga,2010-11
Sat Nov 13 2010,1. FSV Mainz 05,Hannover 96,0,1,Bundesliga,2010-11
Sat Nov 13 2010,1. FC Köln,Bor. Mönchengladbach,0,4,Bundesliga,2010-11
Sat Nov 13 2010,VfL Wolfsburg,FC Schalke 04,2,2,Bundesliga,2010-11
Sun Nov 14 2010,Bayern München,1. FC Nürnberg,3,0,Bundesliga,2010-11
Sun Nov 14 2010,TSG 1899 Hoffenheim,SC Freiburg,0,1,Bundesliga,2010-11
Sat Nov 20 2010,FC Schalke 04,Werder Bremen,4,0,Bundesliga,2010-11
Sat Nov 20 2010,Hannover 96,Hamburger SV,3,2,Bundesliga,2010-11
Sat Nov 20 2010,Bayer 04 Leverkusen,Bayern München,1,1,Bundesliga,2010-11
Sat Nov 20 2010,Bor. Mönchengladbach,1. FSV Mainz 05,2,3,Bundesliga,2010-11
Sat Nov 20 2010,1. FC Nürnberg,1. FC Kaiserslautern,1,3,Bundesliga,2010-11
Sat Nov 20 2010,SC Freiburg,Borussia Dortmund,1,2,Bundesliga,2010-11
Sat Nov 20 2010,Eintracht Frankfurt,TSG 1899 Hoffenheim,0,4,Bundesliga,2010-11
Sun Nov 21 2010,VfB Stuttgart,1. FC Köln,0,1,Bundesliga,2010-11
Sun Nov 21 2010,FC St. Pauli,VfL Wolfsburg,1,1,Bundesliga,2010-11
Fri Nov 26 2010,1. FSV Mainz 05,1. FC Nürnberg,3,0,Bundesliga,2010-11
Sat Nov 27 2010,1. FC Kaiserslautern,FC Schalke 04,5,0,Bundesliga,2010-11
Sat Nov 27 2010,Hamburger SV,VfB Stuttgart,4,2,Bundesliga,2010-11
Sat Nov 27 2010,TSG 1899 Hoffenheim,Bayer 04 Leverkusen,2,2,Bundesliga,2010-11
Sat Nov 27 2010,Hannover 96,SC Freiburg,3,0,Bundesliga,2010-11
Sat Nov 27 2010,Borussia Dortmund,Bor. Mönchengladbach,4,1,Bundesliga,2010-11
Sat Nov 27 2010,Bayern München,Eintracht Frankfurt,4,1,Bundesliga,2010-11
Sun Nov 28 2010,Werder Bremen,FC St. Pauli,3,0,Bundesliga,2010-11
Sun Nov 28 2010,1. FC Köln,VfL Wolfsburg,1,1,Bundesliga,2010-11
Fri Dec 3 2010,FC St. Pauli,1. FC Kaiserslautern,1,0,Bundesliga,2010-11
Sat Dec 4 2010,FC Schalke 04,Bayern München,2,0,Bundesliga,2010-11
Sat Dec 4 2010,VfL Wolfsburg,Werder Bremen,0,0,Bundesliga,2010-11
Sat Dec 4 2010,VfB Stuttgart,TSG 1899 Hoffenheim,1,1,Bundesliga,2010-11
Sat Dec 4 2010,Bor. Mönchengladbach,Hannover 96,1,2,Bundesliga,2010-11
Sat Dec 4 2010,Eintracht Frankfurt,1. FSV Mainz 05,2,1,Bundesliga,2010-11
Sat Dec 4 2010,SC Freiburg,Hamburger SV,1,0,Bundesliga,2010-11
Sun Dec 5 2010,1. FC Nürnberg,Borussia Dortmund,0,2,Bundesliga,2010-11
Sun Dec 5 2010,Bayer 04 Leverkusen,1. FC Köln,3,2,Bundesliga,2010-11
Fri Dec 10 2010,Hannover 96,VfB Stuttgart,2,1,Bundesliga,2010-11
Sat Dec 11 2010,1. FC Köln,Eintracht Frankfurt,1,0,Bundesliga,2010-11
Sat Dec 11 2010,Borussia Dortmund,Werder Bremen,2,0,Bundesliga,2010-11
Sat Dec 11 2010,Hamburger SV,Bayer 04 Leverkusen,2,4,Bundesliga,2010-11
Sat Dec 11 2010,1. FC Kaiserslautern,VfL Wolfsburg,0,0,Bundesliga,2010-11
Sat Dec 11 2010,TSG 1899 Hoffenheim,1. FC Nürnberg,1,1,Bundesliga,2010-11
Sat Dec 11 2010,Bayern München,FC St. Pauli,3,0,Bundesliga,2010-11
Sun Dec 12 2010,SC Freiburg,Bor. Mönchengladbach,3,0,Bundesliga,2010-11
Sun Dec 12 2010,1. FSV Mainz 05,FC Schalke 04,0,1,Bundesliga,2010-11
Fri Dec 17 2010,Bor. Mönchengladbach,Hamburger SV,1,2,Bundesliga,2010-11
Sat Dec 18 2010,1. FC Nürnberg,Hannover 96,3,1,Bundesliga,2010-11
Sat Dec 18 2010,FC Schalke 04,1. FC Köln,3,0,Bundesliga,2010-11
Sat Dec 18 2010,VfL Wolfsburg,TSG 1899 Hoffenheim,2,2,Bundesliga,2010-11
Sat Dec 18 2010,Eintracht Frankfurt,Borussia Dortmund,1,0,Bundesliga,2010-11
Sat Dec 18 2010,FC St. Pauli,1. FSV Mainz 05,2,4,Bundesliga,2010-11
Sat Dec 18 2010,Werder Bremen,1. FC Kaiserslautern,1,2,Bundesliga,2010-11
Sun Dec 19 2010,VfB Stuttgart,Bayern München,3,5,Bundesliga,2010-11
Sun Dec 19 2010,Bayer 04 Leverkusen,SC Freiburg,2,2,Bundesliga,2010-11
Fri Jan 14 2011,Bayer 04 Leverkusen,Borussia Dortmund,1,3,Bundesliga,2010-11
Sat Jan 15 2011,1. FC Nürnberg,Bor. Mönchengladbach,0,1,Bundesliga,2010-11
Sat Jan 15 2011,FC Schalke 04,Hamburger SV,0,1,Bundesliga,2010-11
Sat Jan 15 2011,VfB Stuttgart,1. FSV Mainz 05,1,0,Bundesliga,2010-11
Sat Jan 15 2011,Werder Bremen,TSG 1899 Hoffenheim,2,1,Bundesliga,2010-11
Sat Jan 15 2011,VfL Wolfsburg,Bayern München,1,1,Bundesliga,2010-11
Sat Jan 15 2011,FC St. Pauli,SC Freiburg,2,2,Bundesliga,2010-11
Sun Jan 16 2011,1. FC Kaiserslautern,1. FC Köln,1,1,Bundesliga,2010-11
Sun Jan 16 2011,Eintracht Frankfurt,Hannover 96,0,3,Bundesliga,2010-11
Fri Jan 21 2011,Hamburger SV,Eintracht Frankfurt,1,0,Bundesliga,2010-11
Sat Jan 22 2011,1. FSV Mainz 05,VfL Wolfsburg,0,1,Bundesliga,2010-11
Sat Jan 22 2011,Borussia Dortmund,VfB Stuttgart,1,1,Bundesliga,2010-11
Sat Jan 22 2011,Bayern München,1. FC Kaiserslautern,5,1,Bundesliga,2010-11
Sat Jan 22 2011,SC Freiburg,1. FC Nürnberg,1,1,Bundesliga,2010-11
Sat Jan 22 2011,1. FC Köln,Werder Bremen,3,0,Bundesliga,2010-11
Sat Jan 22 2011,Hannover 96,FC Schalke 04,0,1,Bundesliga,2010-11
Sun Jan 23 2011,Bor. Mönchengladbach,Bayer 04 Leverkusen,1,3,Bundesliga,2010-11
Sun Jan 23 2011,TSG 1899 Hoffenheim,FC St. Pauli,2,2,Bundesliga,2010-11
Fri Jan 28 2011,Bayer 04 Leverkusen,Hannover 96,2,0,Bundesliga,2010-11
Sat Jan 29 2011,FC Schalke 04,TSG 1899 Hoffenheim,0,1,Bundesliga,2010-11
Sat Jan 29 2011,Werder Bremen,Bayern München,1,3,Bundesliga,2010-11
Sat Jan 29 2011,VfL Wolfsburg,Borussia Dortmund,0,3,Bundesliga,2010-11
Sat Jan 29 2011,1. FC Nürnberg,Hamburger SV,2,0,Bundesliga,2010-11
Sat Jan 29 2011,FC St. Pauli,1. FC Köln,3,0,Bundesliga,2010-11
Sat Jan 29 2011,1. FC Kaiserslautern,1. FSV Mainz 05,0,1,Bundesliga,2010-11
Sun Jan 30 2011,Eintracht Frankfurt,Bor. Mönchengladbach,0,1,Bundesliga,2010-11
Sun Jan 30 2011,VfB Stuttgart,SC Freiburg,0,1,Bundesliga,2010-11
Fri Feb 4 2011,Borussia Dortmund,FC Schalke 04,0,0,Bundesliga,2010-11
Sat Feb 5 2011,1. FSV Mainz 05,Werder Bremen,1,1,Bundesliga,2010-11
Sat Feb 5 2011,Hannover 96,VfL Wolfsburg,1,0,Bundesliga,2010-11
Sat Feb 5 2011,1. FC Nürnberg,Bayer 04 Leverkusen,1,0,Bundesliga,2010-11
Sat Feb 5 2011,Bor. Mönchengladbach,VfB Stuttgart,2,3,Bundesliga,2010-11
Sat Feb 5 2011,TSG 1899 Hoffenheim,1. FC Kaiserslautern,3,2,Bundesliga,2010-11
Sat Feb 5 2011,1. FC Köln,Bayern München,3,2,Bundesliga,2010-11
Sun Feb 6 2011,SC Freiburg,Eintracht Frankfurt,0,0,Bundesliga,2010-11
Sat Feb 12 2011,Bayern München,TSG 1899 Hoffenheim,4,0,Bundesliga,2010-11
Sat Feb 12 2011,1. FC Kaiserslautern,Borussia Dortmund,1,1,Bundesliga,2010-11
Sat Feb 12 2011,VfL Wolfsburg,Hamburger SV,0,1,Bundesliga,2010-11
Sat Feb 12 2011,FC Schalke 04,SC Freiburg,1,0,Bundesliga,2010-11
Sat Feb 12 2011,VfB Stuttgart,1. FC Nürnberg,1,4,Bundesliga,2010-11
Sat Feb 12 2011,FC St. Pauli,Bor. Mönchengladbach,3,1,Bundesliga,2010-11
Sat Feb 12 2011,Eintracht Frankfurt,Bayer 04 Leverkusen,0,3,Bundesliga,2010-11
Sun Feb 13 2011,Werder Bremen,Hannover 96,1,1,Bundesliga,2010-11
Sun Feb 13 2011,1. FC Köln,1. FSV Mainz 05,4,2,Bundesliga,2010-11
Wed Feb 16 2011,Hamburger SV,FC St. Pauli,0,1,Bundesliga,2010-11
Fri Feb 18 2011,1. FC Nürnberg,Eintracht Frankfurt,3,0,Bundesliga,2010-11
Sat Feb 19 2011,Hannover 96,1. FC Kaiserslautern,3,0,Bundesliga,2010-11
Sat Feb 19 2011,TSG 1899 Hoffenheim,1. FC Köln,1,1,Bundesliga,2010-11
Sat Feb 19 2011,1. FSV Mainz 05,Bayern München,1,3,Bundesliga,2010-11
Sat Feb 19 2011,Borussia Dortmund,FC St. Pauli,2,0,Bundesliga,2010-11
Sat Feb 19 2011,Hamburger SV,Werder Bremen,4,0,Bundesliga,2010-11
Sat Feb 19 2011,SC Freiburg,VfL Wolfsburg,2,1,Bundesliga,2010-11
Sun Feb 20 2011,Bor. Mönchengladbach,FC Schalke 04,2,1,Bundesliga,2010-11
Sun Feb 20 2011,Bayer 04 Leverkusen,VfB Stuttgart,4,2,Bundesliga,2010-11
Fri Feb 25 2011,VfL Wolfsburg,Bor. Mönchengladbach,2,1,Bundesliga,2010-11
Sat Feb 26 2011,1. FC Kaiserslautern,Hamburger SV,1,1,Bundesliga,2010-11
Sat Feb 26 2011,1. FC Köln,SC Freiburg,1,0,Bundesliga,2010-11
Sat Feb 26 2011,Bayern München,Borussia Dortmund,1,3,Bundesliga,2010-11
Sat Feb 26 2011,FC St. Pauli,Hannover 96,0,1,Bundesliga,2010-11
Sat Feb 26 2011,TSG 1899 Hoffenheim,1. FSV Mainz 05,1,2,Bundesliga,2010-11
Sat Feb 26 2011,FC Schalke 04,1. FC Nürnberg,1,1,Bundesliga,2010-11
Sun Feb 27 2011,Werder Bremen,Bayer 04 Leverkusen,2,2,Bundesliga,2010-11
Sun Feb 27 2011,Eintracht Frankfurt,VfB Stuttgart,0,2,Bundesliga,2010-11
Fri Mar 4 2011,Borussia Dortmund,1. FC Köln,1,0,Bundesliga,2010-11
Sat Mar 5 2011,Eintracht Frankfurt,1. FC Kaiserslautern,0,0,Bundesliga,2010-11
Sat Mar 5 2011,Bayer 04 Leverkusen,VfL Wolfsburg,3,0,Bundesliga,2010-11
Sat Mar 5 2011,Bor. Mönchengladbach,TSG 1899 Hoffenheim,2,0,Bundesliga,2010-11
Sat Mar 5 2011,1. FC Nürnberg,FC St. Pauli,5,0,Bundesliga,2010-11
Sat Mar 5 2011,VfB Stuttgart,FC Schalke 04,1,0,Bundesliga,2010-11
Sat Mar 5 2011,Hannover 96,Bayern München,3,1,Bundesliga,2010-11
Sun Mar 6 2011,Hamburger SV,1. FSV Mainz 05,2,4,Bundesliga,2010-11
Sun Mar 6 2011,SC Freiburg,Werder Bremen,1,3,Bundesliga,2010-11
Fri Mar 11 2011,1. FC Köln,Hannover 96,4,0,Bundesliga,2010-11
Sat Mar 12 2011,VfL Wolfsburg,1. FC Nürnberg,1,2,Bundesliga,2010-11
Sat Mar 12 2011,1. FC Kaiserslautern,SC Freiburg,2,1,Bundesliga,2010-11
Sat Mar 12 2011,FC Schalke 04,Eintracht Frankfurt,2,1,Bundesliga,2010-11
Sat Mar 12 2011,TSG 1899 Hoffenheim,Borussia Dortmund,1,0,Bundesliga,2010-11
Sat Mar 12 2011,Werder Bremen,Bor. Mönchengladbach,1,1,Bundesliga,2010-11
Sat Mar 12 2011,Bayern München,Hamburger SV,6,0,Bundesliga,2010-11
Sun Mar 13 2011,FC St. Pauli,VfB Stuttgart,1,2,Bundesliga,2010-11
Sun Mar 13 2011,1. FSV Mainz 05,Bayer 04 Leverkusen,0,1,Bundesliga,2010-11
Fri Mar 18 2011,Bor. Mönchengladbach,1. FC Kaiserslautern,0,1,Bundesliga,2010-11
Sat Mar 19 2011,Eintracht Frankfurt,FC St. Pauli,2,1,Bundesliga,2010-11
Sat Mar 19 2011,SC Freiburg,Bayern München,1,2,Bundesliga,2010-11
Sat Mar 19 2011,Hannover 96,TSG 1899 Hoffenheim,2,0,Bundesliga,2010-11
Sat Mar 19 2011,Hamburger SV,1. FC Köln,6,2,Bundesliga,2010-11
Sat Mar 19 2011,Borussia Dortmund,1. FSV Mainz 05,1,1,Bundesliga,2010-11
Sat Mar 19 2011,1. FC Nürnberg,Werder Bremen,1,3,Bundesliga,2010-11
Sun Mar 20 2011,Bayer 04 Leverkusen,FC Schalke 04,2,0,Bundesliga,2010-11
Sun Mar 20 2011,VfB Stuttgart,VfL Wolfsburg,1,1,Bundesliga,2010-11
Fri Apr 1 2011,FC St. Pauli,FC Schalke 04,0,2,Bundesliga,2010-11
Sat Apr 2 2011,Bayern München,Bor. Mönchengladbach,1,0,Bundesliga,2010-11
Sat Apr 2 2011,Borussia Dortmund,Hannover 96,4,1,Bundesliga,2010-11
Sat Apr 2 2011,1. FSV Mainz 05,SC Freiburg,1,1,Bundesliga,2010-11
Sat Apr 2 2011,1. FC Kaiserslautern,Bayer 04 Leverkusen,0,1,Bundesliga,2010-11
Sat Apr 2 2011,TSG 1899 Hoffenheim,Hamburger SV,0,0,Bundesliga,2010-11
Sat Apr 2 2011,Werder Bremen,VfB Stuttgart,1,1,Bundesliga,2010-11
Sun Apr 3 2011,1. FC Köln,1. FC Nürnberg,1,0,Bundesliga,2010-11
Sun Apr 3 2011,VfL Wolfsburg,Eintracht Frankfurt,1,1,Bundesliga,2010-11
Fri Apr 8 2011,Eintracht Frankfurt,Werder Bremen,1,1,Bundesliga,2010-11
Sat Apr 9 2011,SC Freiburg,TSG 1899 Hoffenheim,3,2,Bundesliga,2010-11
Sat Apr 9 2011,FC Schalke 04,VfL Wolfsburg,1,0,Bundesliga,2010-11
Sat Apr 9 2011,1. FC Nürnberg,Bayern München,1,1,Bundesliga,2010-11
Sat Apr 9 2011,VfB Stuttgart,1. FC Kaiserslautern,2,4,Bundesliga,2010-11
Sat Apr 9 2011,Hamburger SV,Borussia Dortmund,1,1,Bundesliga,2010-11
Sat Apr 9 2011,Hannover 96,1. FSV Mainz 05,2,0,Bundesliga,2010-11
Sun Apr 10 2011,Bor. Mönchengladbach,1. FC Köln,5,1,Bundesliga,2010-11
Sun Apr 10 2011,Bayer 04 Leverkusen,FC St. Pauli,2,1,Bundesliga,2010-11
Fri Apr 15 2011,1. FSV Mainz 05,Bor. Mönchengladbach,1,0,Bundesliga,2010-11
Sat Apr 16 2011,Hamburger SV,Hannover 96,0,0,Bundesliga,2010-11
Sat Apr 16 2011,Werder Bremen,FC Schalke 04,1,1,Bundesliga,2010-11
Sat Apr 16 2011,1. FC Köln,VfB Stuttgart,1,3,Bundesliga,2010-11
Sat Apr 16 2011,1. FC Kaiserslautern,1. FC Nürnberg,0,2,Bundesliga,2010-11
Sat Apr 16 2011,TSG 1899 Hoffenheim,Eintracht Frankfurt,1,0,Bundesliga,2010-11
Sat Apr 16 2011,VfL Wolfsburg,FC St. Pauli,2,2,Bundesliga,2010-11
Sun Apr 17 2011,Borussia Dortmund,SC Freiburg,3,0,Bundesliga,2010-11
Sun Apr 17 2011,Bayern München,Bayer 04 Leverkusen,5,1,Bundesliga,2010-11
Thu Apr 21 2011,SC Freiburg,Hannover 96,1,3,Bundesliga,2010-11
Sat Apr 23 2011,FC Schalke 04,1. FC Kaiserslautern,0,1,Bundesliga,2010-11
Sat Apr 23 2011,FC St. Pauli,Werder Bremen,1,3,Bundesliga,2010-11
Sat Apr 23 2011,Bor. Mönchengladbach,Borussia Dortmund,1,0,Bundesliga,2010-11
Sat Apr 23 2011,Bayer 04 Leverkusen,TSG 1899 Hoffenheim,2,1,Bundesliga,2010-11
Sat Apr 23 2011,Eintracht Frankfurt,Bayern München,1,1,Bundesliga,2010-11
Sat Apr 23 2011,VfB Stuttgart,Hamburger SV,3,0,Bundesliga,2010-11
Sun Apr 24 2011,VfL Wolfsburg,1. FC Köln,4,1,Bundesliga,2010-11
Sun Apr 24 2011,1. FC Nürnberg,1. FSV Mainz 05,0,0,Bundesliga,2010-11
Fri Apr 29 2011,Werder Bremen,VfL Wolfsburg,0,1,Bundesliga,2010-11
Fri Apr 29 2011,1. FC Kaiserslautern,FC St. Pauli,2,0,Bundesliga,2010-11
Sat Apr 30 2011,1. FSV Mainz 05,Eintracht Frankfurt,3,0,Bundesliga,2010-11
Sat Apr 30 2011,1. FC Köln,Bayer 04 Leverkusen,2,0,Bundesliga,2010-11
Sat Apr 30 2011,Bayern München,FC Schalke 04,4,1,Bundesliga,2010-11
Sat Apr 30 2011,Hannover 96,Bor. Mönchengladbach,0,1,Bundesliga,2010-11
Sat Apr 30 2011,Hamburger SV,SC Freiburg,0,2,Bundesliga,2010-11
Sat Apr 30 2011,TSG 1899 Hoffenheim,VfB Stuttgart,1,2,Bundesliga,2010-11
Sat Apr 30 2011,Borussia Dortmund,1. FC Nürnberg,2,0,Bundesliga,2010-11
Sat May 7 2011,Eintracht Frankfurt,1. FC Köln,0,2,Bundesliga,2010-11
Sat May 7 2011,FC Schalke 04,1. FSV Mainz 05,1,3,Bundesliga,2010-11
Sat May 7 2011,FC St. Pauli,Bayern München,1,8,Bundesliga,2010-11
Sat May 7 2011,Werder Bremen,Borussia Dortmund,2,0,Bundesliga,2010-11
Sat May 7 2011,Bayer 04 Leverkusen,Hamburger SV,1,1,Bundesliga,2010-11
Sat May 7 2011,Bor. Mönchengladbach,SC Freiburg,2,0,Bundesliga,2010-11
Sat May 7 2011,1. FC Nürnberg,TSG 1899 Hoffenheim,1,2,Bundesliga,2010-11
Sat May 7 2011,VfB Stuttgart,Hannover 96,2,1,Bundesliga,2010-11
Sat May 7 2011,VfL Wolfsburg,1. FC Kaiserslautern,1,2,Bundesliga,2010-11
Sat May 14 2011,Hannover 96,1. FC Nürnberg,3,1,Bundesliga,2010-11
Sat May 14 2011,1. FC Köln,FC Schalke 04,2,1,Bundesliga,2010-11
Sat May 14 2011,Hamburger SV,Bor. Mönchengladbach,1,1,Bundesliga,2010-11
Sat May 14 2011,TSG 1899 Hoffenheim,VfL Wolfsburg,1,3,Bundesliga,2010-11
Sat May 14 2011,SC Freiburg,Bayer 04 Leverkusen,0,1,Bundesliga,2010-11
Sat May 14 2011,1. FSV Mainz 05,FC St. Pauli,2,1,Bundesliga,2010-11
Sat May 14 2011,Borussia Dortmund,Eintracht Frankfurt,3,1,Bundesliga,2010-11
Sat May 14 2011,Bayern München,VfB Stuttgart,2,1,Bundesliga,2010-11
Sat May 14 2011,1. FC Kaiserslautern,Werder Bremen,3,2,Bundesliga,2010-11
Fri Aug 5 2011,Borussia Dortmund,Hamburger SV,3,1,Bundesliga,2011-12
Sat Aug 6 2011,1. FC Köln,VfL Wolfsburg,0,3,Bundesliga,2011-12
Sat Aug 6 2011,Hannover 96,TSG 1899 Hoffenheim,2,1,Bundesliga,2011-12
Sat Aug 6 2011,Werder Bremen,1. FC Kaiserslautern,2,0,Bundesliga,2011-12
Sat Aug 6 2011,VfB Stuttgart,FC Schalke 04,3,0,Bundesliga,2011-12
Sat Aug 6 2011,FC Augsburg,SC Freiburg,2,2,Bundesliga,2011-12
Sat Aug 6 2011,Hertha BSC,1. FC Nürnberg,0,1,Bundesliga,2011-12
Sun Aug 7 2011,1. FSV Mainz 05,Bayer 04 Leverkusen,2,0,Bundesliga,2011-12
Sun Aug 7 2011,Bayern München,Bor. Mönchengladbach,0,1,Bundesliga,2011-12
Sat Aug 13 2011,Hamburger SV,Hertha BSC,2,2,Bundesliga,2011-12
Sat Aug 13 2011,SC Freiburg,1. FSV Mainz 05,1,2,Bundesliga,2011-12
Sat Aug 13 2011,TSG 1899 Hoffenheim,Borussia Dortmund,1,0,Bundesliga,2011-12
Sat Aug 13 2011,FC Schalke 04,1. FC Köln,5,1,Bundesliga,2011-12
Sat Aug 13 2011,Bor. Mönchengladbach,VfB Stuttgart,1,1,Bundesliga,2011-12
Sat Aug 13 2011,VfL Wolfsburg,Bayern München,0,1,Bundesliga,2011-12
Sat Aug 13 2011,1. FC Nürnberg,Hannover 96,1,2,Bundesliga,2011-12
Sun Aug 14 2011,1. FC Kaiserslautern,FC Augsburg,1,1,Bundesliga,2011-12
Sun Aug 14 2011,Bayer 04 Leverkusen,Werder Bremen,1,0,Bundesliga,2011-12
Fri Aug 19 2011,Bor. Mönchengladbach,VfL Wolfsburg,4,1,Bundesliga,2011-12
Sat Aug 20 2011,Borussia Dortmund,1. FC Nürnberg,2,0,Bundesliga,2011-12
Sat Aug 20 2011,VfB Stuttgart,Bayer 04 Leverkusen,0,1,Bundesliga,2011-12
Sat Aug 20 2011,Bayern München,Hamburger SV,5,0,Bundesliga,2011-12
Sat Aug 20 2011,FC Augsburg,TSG 1899 Hoffenheim,0,2,Bundesliga,2011-12
Sat Aug 20 2011,1. FC Köln,1. FC Kaiserslautern,1,1,Bundesliga,2011-12
Sat Aug 20 2011,Werder Bremen,SC Freiburg,5,3,Bundesliga,2011-12
Sun Aug 21 2011,1. FSV Mainz 05,FC Schalke 04,2,4,Bundesliga,2011-12
Sun Aug 21 2011,Hannover 96,Hertha BSC,1,1,Bundesliga,2011-12
Fri Aug 26 2011,Hertha BSC,VfB Stuttgart,1,0,Bundesliga,2011-12
Sat Aug 27 2011,Bayer 04 Leverkusen,Borussia Dortmund,0,0,Bundesliga,2011-12
Sat Aug 27 2011,1. FC Nürnberg,FC Augsburg,1,0,Bundesliga,2011-12
Sat Aug 27 2011,Hamburger SV,1. FC Köln,3,4,Bundesliga,2011-12
Sat Aug 27 2011,TSG 1899 Hoffenheim,Werder Bremen,1,2,Bundesliga,2011-12
Sat Aug 27 2011,SC Freiburg,VfL Wolfsburg,3,0,Bundesliga,2011-12
Sat Aug 27 2011,1. FC Kaiserslautern,Bayern München,0,3,Bundesliga,2011-12
Sun Aug 28 2011,Hannover 96,1. FSV Mainz 05,1,1,Bundesliga,2011-12
Sun Aug 28 2011,FC Schalke 04,Bor. Mönchengladbach,1,0,Bundesliga,2011-12
Fri Sep 9 2011,FC Augsburg,Bayer 04 Leverkusen,1,4,Bundesliga,2011-12
Sat Sep 10 2011,Werder Bremen,Hamburger SV,2,0,Bundesliga,2011-12
Sat Sep 10 2011,Bayern München,SC Freiburg,7,0,Bundesliga,2011-12
Sat Sep 10 2011,Bor. Mönchengladbach,1. FC Kaiserslautern,1,0,Bundesliga,2011-12
Sat Sep 10 2011,VfB Stuttgart,Hannover 96,3,0,Bundesliga,2011-12
Sat Sep 10 2011,1. FSV Mainz 05,TSG 1899 Hoffenheim,0,4,Bundesliga,2011-12
Sat Sep 10 2011,Borussia Dortmund,Hertha BSC,1,2,Bundesliga,2011-12
Sun Sep 11 2011,1. FC Köln,1. FC Nürnberg,1,2,Bundesliga,2011-12
Sun Sep 11 2011,VfL Wolfsburg,FC Schalke 04,2,1,Bundesliga,2011-12
Fri Sep 16 2011,SC Freiburg,VfB Stuttgart,1,2,Bundesliga,2011-12
Sat Sep 17 2011,1. FC Nürnberg,Werder Bremen,1,1,Bundesliga,2011-12
Sat Sep 17 2011,Hertha BSC,FC Augsburg,2,2,Bundesliga,2011-12
Sat Sep 17 2011,Hamburger SV,Bor. Mönchengladbach,0,1,Bundesliga,2011-12
Sat Sep 17 2011,TSG 1899 Hoffenheim,VfL Wolfsburg,3,1,Bundesliga,2011-12
Sat Sep 17 2011,Bayer 04 Leverkusen,1. FC Köln,1,4,Bundesliga,2011-12
Sat Sep 17 2011,1. FC Kaiserslautern,1. FSV Mainz 05,3,1,Bundesliga,2011-12
Sun Sep 18 2011,FC Schalke 04,Bayern München,0,2,Bundesliga,2011-12
Sun Sep 18 2011,Hannover 96,Borussia Dortmund,2,1,Bundesliga,2011-12
Fri Sep 23 2011,VfB Stuttgart,Hamburger SV,1,2,Bundesliga,2011-12
Sat Sep 24 2011,VfL Wolfsburg,1. FC Kaiserslautern,1,0,Bundesliga,2011-12
Sat Sep 24 2011,Bor. Mönchengladbach,1. FC Nürnberg,1,0,Bundesliga,2011-12
Sat Sep 24 2011,FC Augsburg,Hannover 96,0,0,Bundesliga,2011-12
Sat Sep 24 2011,1. FSV Mainz 05,Borussia Dortmund,1,2,Bundesliga,2011-12
Sat Sep 24 2011,FC Schalke 04,SC Freiburg,4,2,Bundesliga,2011-12
Sat Sep 24 2011,Bayern München,Bayer 04 Leverkusen,3,0,Bundesliga,2011-12
Sun Sep 25 2011,1. FC Köln,TSG 1899 Hoffenheim,2,0,Bundesliga,2011-12
Sun Sep 25 2011,Werder Bremen,Hertha BSC,2,1,Bundesliga,2011-12
Fri Sep 30 2011,1. FC Kaiserslautern,VfB Stuttgart,0,2,Bundesliga,2011-12
Sat Oct 1 2011,Borussia Dortmund,FC Augsburg,4,0,Bundesliga,2011-12
Sat Oct 1 2011,Hertha BSC,1. FC Köln,3,0,Bundesliga,2011-12
Sat Oct 1 2011,SC Freiburg,Bor. Mönchengladbach,1,0,Bundesliga,2011-12
Sat Oct 1 2011,Bayer 04 Leverkusen,VfL Wolfsburg,3,1,Bundesliga,2011-12
Sat Oct 1 2011,1. FC Nürnberg,1. FSV Mainz 05,3,3,Bundesliga,2011-12
Sat Oct 1 2011,TSG 1899 Hoffenheim,Bayern München,0,0,Bundesliga,2011-12
Sun Oct 2 2011,Hannover 96,Werder Bremen,3,2,Bundesliga,2011-12
Sun Oct 2 2011,Hamburger SV,FC Schalke 04,1,2,Bundesliga,2011-12
Fri Oct 14 2011,Werder Bremen,Borussia Dortmund,0,2,Bundesliga,2011-12
Sat Oct 15 2011,VfL Wolfsburg,1. FC Nürnberg,2,1,Bundesliga,2011-12
Sat Oct 15 2011,Bor. Mönchengladbach,Bayer 04 Leverkusen,2,2,Bundesliga,2011-12
Sat Oct 15 2011,FC Schalke 04,1. FC Kaiserslautern,1,2,Bundesliga,2011-12
Sat Oct 15 2011,1. FSV Mainz 05,FC Augsburg,0,1,Bundesliga,2011-12
Sat Oct 15 2011,Bayern München,Hertha BSC,4,0,Bundesliga,2011-12
Sat Oct 15 2011,VfB Stuttgart,TSG 1899 Hoffenheim,2,0,Bundesliga,2011-12
Sun Oct 16 2011,SC Freiburg,Hamburger SV,1,2,Bundesliga,2011-12
Sun Oct 16 2011,1. FC Köln,Hannover 96,2,0,Bundesliga,2011-12
Fri Oct 21 2011,FC Augsburg,Werder Bremen,1,1,Bundesliga,2011-12
Sat Oct 22 2011,Hamburger SV,VfL Wolfsburg,1,1,Bundesliga,2011-12
Sat Oct 22 2011,TSG 1899 Hoffenheim,Bor. Mönchengladbach,1,0,Bundesliga,2011-12
Sat Oct 22 2011,Borussia Dortmund,1. FC Köln,5,0,Bundesliga,2011-12
Sat Oct 22 2011,Hertha BSC,1. FSV Mainz 05,0,0,Bundesliga,2011-12
Sat Oct 22 2011,1. FC Nürnberg,VfB Stuttgart,2,2,Bundesliga,2011-12
Sat Oct 22 2011,1. FC Kaiserslautern,SC Freiburg,1,0,Bundesliga,2011-12
Sun Oct 23 2011,Hannover 96,Bayern München,2,1,Bundesliga,2011-12
Sun Oct 23 2011,Bayer 04 Leverkusen,FC Schalke 04,0,1,Bundesliga,2011-12
Fri Oct 28 2011,SC Freiburg,Bayer 04 Leverkusen,0,1,Bundesliga,2011-12
Sat Oct 29 2011,1. FSV Mainz 05,Werder Bremen,1,3,Bundesliga,2011-12
Sat Oct 29 2011,FC Schalke 04,TSG 1899 Hoffenheim,3,1,Bundesliga,2011-12
Sat Oct 29 2011,Bayern München,1. FC Nürnberg,4,0,Bundesliga,2011-12
Sat Oct 29 2011,VfL Wolfsburg,Hertha BSC,2,3,Bundesliga,2011-12
Sat Oct 29 2011,Bor. Mönchengladbach,Hannover 96,2,1,Bundesliga,2011-12
Sat Oct 29 2011,VfB Stuttgart,Borussia Dortmund,1,1,Bundesliga,2011-12
Sun Oct 30 2011,1. FC Köln,FC Augsburg,3,0,Bundesliga,2011-12
Sun Oct 30 2011,Hamburger SV,1. FC Kaiserslautern,1,1,Bundesliga,2011-12
Fri Nov 4 2011,1. FSV Mainz 05,VfB Stuttgart,3,1,Bundesliga,2011-12
Sat Nov 5 2011,Werder Bremen,1. FC Köln,3,2,Bundesliga,2011-12
Sat Nov 5 2011,Bayer 04 Leverkusen,Hamburger SV,2,2,Bundesliga,2011-12
Sat Nov 5 2011,TSG 1899 Hoffenheim,1. FC Kaiserslautern,1,1,Bundesliga,2011-12
Sat Nov 5 2011,Hertha BSC,Bor. Mönchengladbach,1,2,Bundesliga,2011-12
Sat Nov 5 2011,1. FC Nürnberg,SC Freiburg,1,2,Bundesliga,2011-12
Sat Nov 5 2011,Borussia Dortmund,VfL Wolfsburg,5,1,Bundesliga,2011-12
Sun Nov 6 2011,Hannover 96,FC Schalke 04,2,2,Bundesliga,2011-12
Sun Nov 6 2011,FC Augsburg,Bayern München,1,2,Bundesliga,2011-12
Fri Nov 18 2011,1. FC Kaiserslautern,Bayer 04 Leverkusen,0,2,Bundesliga,2011-12
Sat Nov 19 2011,VfL Wolfsburg,Hannover 96,4,1,Bundesliga,2011-12
Sat Nov 19 2011,FC Schalke 04,1. FC Nürnberg,4,0,Bundesliga,2011-12
Sat Nov 19 2011,Bayern München,Borussia Dortmund,0,1,Bundesliga,2011-12
Sat Nov 19 2011,SC Freiburg,Hertha BSC,2,2,Bundesliga,2011-12
Sat Nov 19 2011,Bor. Mönchengladbach,Werder Bremen,5,0,Bundesliga,2011-12
Sun Nov 20 2011,Hamburger SV,TSG 1899 Hoffenheim,2,0,Bundesliga,2011-12
Sun Nov 20 2011,VfB Stuttgart,FC Augsburg,2,1,Bundesliga,2011-12
Fri Nov 25 2011,1. FC Köln,Bor. Mönchengladbach,0,3,Bundesliga,2011-12
Sat Nov 26 2011,TSG 1899 Hoffenheim,SC Freiburg,1,1,Bundesliga,2011-12
Sat Nov 26 2011,Hannover 96,Hamburger SV,1,1,Bundesliga,2011-12
Sat Nov 26 2011,1. FC Nürnberg,1. FC Kaiserslautern,1,0,Bundesliga,2011-12
Sat Nov 26 2011,Borussia Dortmund,FC Schalke 04,2,0,Bundesliga,2011-12
Sat Nov 26 2011,Hertha BSC,Bayer 04 Leverkusen,3,3,Bundesliga,2011-12
Sat Nov 26 2011,FC Augsburg,VfL Wolfsburg,2,0,Bundesliga,2011-12
Sun Nov 27 2011,1. FSV Mainz 05,Bayern München,3,2,Bundesliga,2011-12
Sun Nov 27 2011,Werder Bremen,VfB Stuttgart,2,0,Bundesliga,2011-12
Fri Dec 2 2011,Bayer 04 Leverkusen,TSG 1899 Hoffenheim,2,0,Bundesliga,2011-12
Sat Dec 3 2011,Bayern München,Werder Bremen,4,1,Bundesliga,2011-12
Sat Dec 3 2011,SC Freiburg,Hannover 96,1,1,Bundesliga,2011-12
Sat Dec 3 2011,1. FC Kaiserslautern,Hertha BSC,1,1,Bundesliga,2011-12
Sat Dec 3 2011,VfL Wolfsburg,1. FSV Mainz 05,2,2,Bundesliga,2011-12
Sat Dec 3 2011,VfB Stuttgart,1. FC Köln,2,2,Bundesliga,2011-12
Sat Dec 3 2011,Bor. Mönchengladbach,Borussia Dortmund,1,1,Bundesliga,2011-12
Sun Dec 4 2011,Hamburger SV,1. FC Nürnberg,2,0,Bundesliga,2011-12
Sun Dec 4 2011,FC Schalke 04,FC Augsburg,3,1,Bundesliga,2011-12
Fri Dec 9 2011,Hertha BSC,FC Schalke 04,1,2,Bundesliga,2011-12
Sat Dec 10 2011,Hannover 96,Bayer 04 Leverkusen,0,0,Bundesliga,2011-12
Sat Dec 10 2011,Werder Bremen,VfL Wolfsburg,4,1,Bundesliga,2011-12
Sat Dec 10 2011,1. FC Nürnberg,TSG 1899 Hoffenheim,0,2,Bundesliga,2011-12
Sat Dec 10 2011,1. FC Köln,SC Freiburg,4,0,Bundesliga,2011-12
Sat Dec 10 2011,FC Augsburg,Bor. Mönchengladbach,1,0,Bundesliga,2011-12
Sat Dec 10 2011,1. FSV Mainz 05,Hamburger SV,0,0,Bundesliga,2011-12
Sun Dec 11 2011,Borussia Dortmund,1. FC Kaiserslautern,1,1,Bundesliga,2011-12
Sun Dec 11 2011,VfB Stuttgart,Bayern München,1,2,Bundesliga,2011-12
Tue Dec 13 2011,1. FC Köln,1. FSV Mainz 05,1,1,Bundesliga,2011-12
Fri Dec 16 2011,Bayern München,1. FC Köln,3,0,Bundesliga,2011-12
Sat Dec 17 2011,FC Schalke 04,Werder Bremen,5,0,Bundesliga,2011-12
Sat Dec 17 2011,TSG 1899 Hoffenheim,Hertha BSC,1,1,Bundesliga,2011-12
Sat Dec 17 2011,SC Freiburg,Borussia Dortmund,1,4,Bundesliga,2011-12
Sat Dec 17 2011,Bayer 04 Leverkusen,1. FC Nürnberg,0,3,Bundesliga,2011-12
Sat Dec 17 2011,VfL Wolfsburg,VfB Stuttgart,1,0,Bundesliga,2011-12
Sat Dec 17 2011,Hamburger SV,FC Augsburg,1,1,Bundesliga,2011-12
Sun Dec 18 2011,1. FC Kaiserslautern,Hannover 96,1,1,Bundesliga,2011-12
Sun Dec 18 2011,Bor. Mönchengladbach,1. FSV Mainz 05,1,0,Bundesliga,2011-12
Fri Jan 20 2012,Bor. Mönchengladbach,Bayern München,3,1,Bundesliga,2011-12
Sat Jan 21 2012,SC Freiburg,FC Augsburg,1,0,Bundesliga,2011-12
Sat Jan 21 2012,VfL Wolfsburg,1. FC Köln,1,0,Bundesliga,2011-12
Sat Jan 21 2012,FC Schalke 04,VfB Stuttgart,3,1,Bundesliga,2011-12
Sat Jan 21 2012,1. FC Nürnberg,Hertha BSC,2,0,Bundesliga,2011-12
Sat Jan 21 2012,1. FC Kaiserslautern,Werder Bremen,0,0,Bundesliga,2011-12
Sat Jan 21 2012,TSG 1899 Hoffenheim,Hannover 96,0,0,Bundesliga,2011-12
Sun Jan 22 2012,Bayer 04 Leverkusen,1. FSV Mainz 05,3,2,Bundesliga,2011-12
Sun Jan 22 2012,Hamburger SV,Borussia Dortmund,1,5,Bundesliga,2011-12
Fri Jan 27 2012,Hannover 96,1. FC Nürnberg,1,0,Bundesliga,2011-12
Sat Jan 28 2012,Hertha BSC,Hamburger SV,1,2,Bundesliga,2011-12
Sat Jan 28 2012,FC Augsburg,1. FC Kaiserslautern,2,2,Bundesliga,2011-12
Sat Jan 28 2012,1. FC Köln,FC Schalke 04,1,4,Bundesliga,2011-12
Sat Jan 28 2012,Werder Bremen,Bayer 04 Leverkusen,1,1,Bundesliga,2011-12
Sat Jan 28 2012,Borussia Dortmund,TSG 1899 Hoffenheim,3,1,Bundesliga,2011-12
Sat Jan 28 2012,Bayern München,VfL Wolfsburg,2,0,Bundesliga,2011-12
Sun Jan 29 2012,VfB Stuttgart,Bor. Mönchengladbach,0,3,Bundesliga,2011-12
Sun Jan 29 2012,1. FSV Mainz 05,SC Freiburg,3,1,Bundesliga,2011-12
Fri Feb 3 2012,1. FC Nürnberg,Borussia Dortmund,0,2,Bundesliga,2011-12
Sat Feb 4 2012,Bayer 04 Leverkusen,VfB Stuttgart,2,2,Bundesliga,2011-12
Sat Feb 4 2012,TSG 1899 Hoffenheim,FC Augsburg,2,2,Bundesliga,2011-12
Sat Feb 4 2012,Hamburger SV,Bayern München,1,1,Bundesliga,2011-12
Sat Feb 4 2012,VfL Wolfsburg,Bor. Mönchengladbach,0,0,Bundesliga,2011-12
Sat Feb 4 2012,FC Schalke 04,1. FSV Mainz 05,1,1,Bundesliga,2011-12
Sat Feb 4 2012,Hertha BSC,Hannover 96,0,1,Bundesliga,2011-12
Sun Feb 5 2012,1. FC Kaiserslautern,1. FC Köln,0,1,Bundesliga,2011-12
Sun Feb 5 2012,SC Freiburg,Werder Bremen,2,2,Bundesliga,2011-12
Fri Feb 10 2012,VfL Wolfsburg,SC Freiburg,3,2,Bundesliga,2011-12
Sat Feb 11 2012,Werder Bremen,TSG 1899 Hoffenheim,1,1,Bundesliga,2011-12
Sat Feb 11 2012,Borussia Dortmund,Bayer 04 Leverkusen,1,0,Bundesliga,2011-12
Sat Feb 11 2012,Bor. Mönchengladbach,FC Schalke 04,3,0,Bundesliga,2011-12
Sat Feb 11 2012,VfB Stuttgart,Hertha BSC,5,0,Bundesliga,2011-12
Sat Feb 11 2012,Bayern München,1. FC Kaiserslautern,2,0,Bundesliga,2011-12
Sat Feb 11 2012,1. FSV Mainz 05,Hannover 96,1,1,Bundesliga,2011-12
Sun Feb 12 2012,1. FC Köln,Hamburger SV,0,1,Bundesliga,2011-12
Sun Feb 12 2012,FC Augsburg,1. FC Nürnberg,0,0,Bundesliga,2011-12
Fri Feb 17 2012,TSG 1899 Hoffenheim,1. FSV Mainz 05,1,1,Bundesliga,2011-12
Sat Feb 18 2012,1. FC Kaiserslautern,Bor. Mönchengladbach,1,2,Bundesliga,2011-12
Sat Feb 18 2012,SC Freiburg,Bayern München,0,0,Bundesliga,2011-12
Sat Feb 18 2012,1. FC Nürnberg,1. FC Köln,2,1,Bundesliga,2011-12
Sat Feb 18 2012,Bayer 04 Leverkusen,FC Augsburg,4,1,Bundesliga,2011-12
Sat Feb 18 2012,Hamburger SV,Werder Bremen,1,3,Bundesliga,2011-12
Sat Feb 18 2012,Hertha BSC,Borussia Dortmund,0,1,Bundesliga,2011-12
Sun Feb 19 2012,FC Schalke 04,VfL Wolfsburg,4,0,Bundesliga,2011-12
Sun Feb 19 2012,Hannover 96,VfB Stuttgart,4,2,Bundesliga,2011-12
Fri Feb 24 2012,Bor. Mönchengladbach,Hamburger SV,1,1,Bundesliga,2011-12
Sat Feb 25 2012,1. FSV Mainz 05,1. FC Kaiserslautern,4,0,Bundesliga,2011-12
Sat Feb 25 2012,Werder Bremen,1. FC Nürnberg,0,1,Bundesliga,2011-12
Sat Feb 25 2012,1. FC Köln,Bayer 04 Leverkusen,0,2,Bundesliga,2011-12
Sat Feb 25 2012,VfB Stuttgart,SC Freiburg,4,1,Bundesliga,2011-12
Sat Feb 25 2012,FC Augsburg,Hertha BSC,3,0,Bundesliga,2011-12
Sat Feb 25 2012,VfL Wolfsburg,TSG 1899 Hoffenheim,1,2,Bundesliga,2011-12
Sun Feb 26 2012,Bayern München,FC Schalke 04,2,0,Bundesliga,2011-12
Sun Feb 26 2012,Borussia Dortmund,Hannover 96,3,1,Bundesliga,2011-12
Sat Mar 3 2012,Hannover 96,FC Augsburg,2,2,Bundesliga,2011-12
Sat Mar 3 2012,Hamburger SV,VfB Stuttgart,0,4,Bundesliga,2011-12
Sat Mar 3 2012,SC Freiburg,FC Schalke 04,2,1,Bundesliga,2011-12
Sat Mar 3 2012,Borussia Dortmund,1. FSV Mainz 05,2,1,Bundesliga,2011-12
Sat Mar 3 2012,Hertha BSC,Werder Bremen,1,0,Bundesliga,2011-12
Sat Mar 3 2012,1. FC Kaiserslautern,VfL Wolfsburg,0,0,Bundesliga,2011-12
Sat Mar 3 2012,Bayer 04 Leverkusen,Bayern München,2,0,Bundesliga,2011-12
Sun Mar 4 2012,1. FC Nürnberg,Bor. Mönchengladbach,1,0,Bundesliga,2011-12
Sun Mar 4 2012,TSG 1899 Hoffenheim,1. FC Köln,1,1,Bundesliga,2011-12
Fri Mar 9 2012,VfB Stuttgart,1. FC Kaiserslautern,0,0,Bundesliga,2011-12
Sat Mar 10 2012,FC Augsburg,Borussia Dortmund,0,0,Bundesliga,2011-12
Sat Mar 10 2012,Bor. Mönchengladbach,SC Freiburg,0,0,Bundesliga,2011-12
Sat Mar 10 2012,VfL Wolfsburg,Bayer 04 Leverkusen,3,2,Bundesliga,2011-12
Sat Mar 10 2012,Bayern München,TSG 1899 Hoffenheim,7,1,Bundesliga,2011-12
Sat Mar 10 2012,1. FC Köln,Hertha BSC,1,0,Bundesliga,2011-12
Sat Mar 10 2012,1. FSV Mainz 05,1. FC Nürnberg,2,1,Bundesliga,2011-12
Sun Mar 11 2012,Werder Bremen,Hannover 96,3,0,Bundesliga,2011-12
Sun Mar 11 2012,FC Schalke 04,Hamburger SV,3,1,Bundesliga,2011-12
Fri Mar 16 2012,TSG 1899 Hoffenheim,VfB Stuttgart,1,2,Bundesliga,2011-12
Sat Mar 17 2012,Bayer 04 Leverkusen,Bor. Mönchengladbach,1,2,Bundesliga,2011-12
Sat Mar 17 2012,Borussia Dortmund,Werder Bremen,1,0,Bundesliga,2011-12
Sat Mar 17 2012,FC Augsburg,1. FSV Mainz 05,2,1,Bundesliga,2011-12
Sat Mar 17 2012,Hertha BSC,Bayern München,0,6,Bundesliga,2011-12
Sat Mar 17 2012,1. FC Nürnberg,VfL Wolfsburg,1,3,Bundesliga,2011-12
Sat Mar 17 2012,Hamburger SV,SC Freiburg,1,3,Bundesliga,2011-12
Sun Mar 18 2012,1. FC Kaiserslautern,FC Schalke 04,1,4,Bundesliga,2011-12
Sun Mar 18 2012,Hannover 96,1. FC Köln,4,1,Bundesliga,2011-12
Fri Mar 23 2012,VfL Wolfsburg,Hamburger SV,2,1,Bundesliga,2011-12
Sat Mar 24 2012,1. FSV Mainz 05,Hertha BSC,1,3,Bundesliga,2011-12
Sat Mar 24 2012,Werder Bremen,FC Augsburg,1,1,Bundesliga,2011-12
Sat Mar 24 2012,SC Freiburg,1. FC Kaiserslautern,2,0,Bundesliga,2011-12
Sat Mar 24 2012,Bor. Mönchengladbach,TSG 1899 Hoffenheim,1,2,Bundesliga,2011-12
Sat Mar 24 2012,Bayern München,Hannover 96,2,1,Bundesliga,2011-12
Sat Mar 24 2012,FC Schalke 04,Bayer 04 Leverkusen,2,0,Bundesliga,2011-12
Sun Mar 25 2012,1. FC Köln,Borussia Dortmund,1,6,Bundesliga,2011-12
Sun Mar 25 2012,VfB Stuttgart,1. FC Nürnberg,1,0,Bundesliga,2011-12
Fri Mar 30 2012,Borussia Dortmund,VfB Stuttgart,4,4,Bundesliga,2011-12
Sat Mar 31 2012,Hertha BSC,VfL Wolfsburg,1,4,Bundesliga,2011-12
Sat Mar 31 2012,Bayer 04 Leverkusen,SC Freiburg,0,2,Bundesliga,2011-12
Sat Mar 31 2012,1. FC Nürnberg,Bayern München,0,1,Bundesliga,2011-12
Sat Mar 31 2012,1. FC Kaiserslautern,Hamburger SV,0,1,Bundesliga,2011-12
Sat Mar 31 2012,FC Augsburg,1. FC Köln,2,1,Bundesliga,2011-12
Sat Mar 31 2012,Werder Bremen,1. FSV Mainz 05,0,3,Bundesliga,2011-12
Sun Apr 1 2012,Hannover 96,Bor. Mönchengladbach,2,1,Bundesliga,2011-12
Sun Apr 1 2012,TSG 1899 Hoffenheim,FC Schalke 04,1,1,Bundesliga,2011-12
Sat Apr 7 2012,Bayern München,FC Augsburg,2,1,Bundesliga,2011-12
Sat Apr 7 2012,1. FC Köln,Werder Bremen,1,1,Bundesliga,2011-12
Sat Apr 7 2012,1. FC Kaiserslautern,TSG 1899 Hoffenheim,1,2,Bundesliga,2011-12
Sat Apr 7 2012,VfL Wolfsburg,Borussia Dortmund,1,3,Bundesliga,2011-12
Sat Apr 7 2012,Bor. Mönchengladbach,Hertha BSC,0,0,Bundesliga,2011-12
Sat Apr 7 2012,VfB Stuttgart,1. FSV Mainz 05,4,1,Bundesliga,2011-12
Sat Apr 7 2012,SC Freiburg,1. FC Nürnberg,2,2,Bundesliga,2011-12
Sun Apr 8 2012,Hamburger SV,Bayer 04 Leverkusen,1,1,Bundesliga,2011-12
Sun Apr 8 2012,FC Schalke 04,Hannover 96,3,0,Bundesliga,2011-12
Tue Apr 10 2012,Werder Bremen,Bor. Mönchengladbach,2,2,Bundesliga,2011-12
Tue Apr 10 2012,Hertha BSC,SC Freiburg,1,2,Bundesliga,2011-12
Tue Apr 10 2012,1. FSV Mainz 05,1. FC Köln,4,0,Bundesliga,2011-12
Tue Apr 10 2012,FC Augsburg,VfB Stuttgart,1,3,Bundesliga,2011-12
Wed Apr 11 2012,1. FC Nürnberg,FC Schalke 04,4,1,Bundesliga,2011-12
Wed Apr 11 2012,TSG 1899 Hoffenheim,Hamburger SV,4,0,Bundesliga,2011-12
Wed Apr 11 2012,Hannover 96,VfL Wolfsburg,2,0,Bundesliga,2011-12
Wed Apr 11 2012,Bayer 04 Leverkusen,1. FC Kaiserslautern,3,1,Bundesliga,2011-12
Wed Apr 11 2012,Borussia Dortmund,Bayern München,1,0,Bundesliga,2011-12
Fri Apr 13 2012,VfB Stuttgart,Werder Bremen,4,1,Bundesliga,2011-12
Sat Apr 14 2012,FC Schalke 04,Borussia Dortmund,1,2,Bundesliga,2011-12
Sat Apr 14 2012,1. FC Kaiserslautern,1. FC Nürnberg,0,2,Bundesliga,2011-12
Sat Apr 14 2012,Bayern München,1. FSV Mainz 05,0,0,Bundesliga,2011-12
Sat Apr 14 2012,Hamburger SV,Hannover 96,1,0,Bundesliga,2011-12
Sat Apr 14 2012,Bayer 04 Leverkusen,Hertha BSC,3,3,Bundesliga,2011-12
Sat Apr 14 2012,VfL Wolfsburg,FC Augsburg,1,2,Bundesliga,2011-12
Sun Apr 15 2012,Bor. Mönchengladbach,1. FC Köln,3,0,Bundesliga,2011-12
Sun Apr 15 2012,SC Freiburg,TSG 1899 Hoffenheim,0,0,Bundesliga,2011-12
Fri Apr 20 2012,1. FSV Mainz 05,VfL Wolfsburg,0,0,Bundesliga,2011-12
Sat Apr 21 2012,Borussia Dortmund,Bor. Mönchengladbach,2,0,Bundesliga,2011-12
Sat Apr 21 2012,Werder Bremen,Bayern München,1,2,Bundesliga,2011-12
Sat Apr 21 2012,TSG 1899 Hoffenheim,Bayer 04 Leverkusen,0,1,Bundesliga,2011-12
Sat Apr 21 2012,Hertha BSC,1. FC Kaiserslautern,1,2,Bundesliga,2011-12
Sat Apr 21 2012,1. FC Köln,VfB Stuttgart,1,1,Bundesliga,2011-12
Sat Apr 21 2012,1. FC Nürnberg,Hamburger SV,1,1,Bundesliga,2011-12
Sun Apr 22 2012,Hannover 96,SC Freiburg,0,0,Bundesliga,2011-12
Sun Apr 22 2012,FC Augsburg,FC Schalke 04,1,1,Bundesliga,2011-12
Sat Apr 28 2012,Bayer 04 Leverkusen,Hannover 96,1,0,Bundesliga,2011-12
Sat Apr 28 2012,SC Freiburg,1. FC Köln,4,1,Bundesliga,2011-12
Sat Apr 28 2012,VfL Wolfsburg,Werder Bremen,3,1,Bundesliga,2011-12
Sat Apr 28 2012,Bor. Mönchengladbach,FC Augsburg,0,0,Bundesliga,2011-12
Sat Apr 28 2012,1. FC Kaiserslautern,Borussia Dortmund,2,5,Bundesliga,2011-12
Sat Apr 28 2012,FC Schalke 04,Hertha BSC,4,0,Bundesliga,2011-12
Sat Apr 28 2012,TSG 1899 Hoffenheim,1. FC Nürnberg,2,3,Bundesliga,2011-12
Sat Apr 28 2012,Bayern München,VfB Stuttgart,2,0,Bundesliga,2011-12
Sat Apr 28 2012,Hamburger SV,1. FSV Mainz 05,0,0,Bundesliga,2011-12
Sat May 5 2012,Borussia Dortmund,SC Freiburg,4,0,Bundesliga,2011-12
Sat May 5 2012,1. FSV Mainz 05,Bor. Mönchengladbach,0,3,Bundesliga,2011-12
Sat May 5 2012,Werder Bremen,FC Schalke 04,2,3,Bundesliga,2011-12
Sat May 5 2012,FC Augsburg,Hamburger SV,1,0,Bundesliga,2011-12
Sat May 5 2012,Hannover 96,1. FC Kaiserslautern,2,1,Bundesliga,2011-12
Sat May 5 2012,1. FC Nürnberg,Bayer 04 Leverkusen,1,4,Bundesliga,2011-12
Sat May 5 2012,VfB Stuttgart,VfL Wolfsburg,3,2,Bundesliga,2011-12
Sat May 5 2012,1. FC Köln,Bayern München,1,4,Bundesliga,2011-12
Sat May 5 2012,Hertha BSC,TSG 1899 Hoffenheim,3,1,Bundesliga,2011-12
Fri Aug 24 2012,Borussia Dortmund,Werder Bremen,2,1,Bundesliga,2012-13
Sat Aug 25 2012,Bor. Mönchengladbach,TSG 1899 Hoffenheim,2,1,Bundesliga,2012-13
Sat Aug 25 2012,SC Freiburg,1. FSV Mainz 05,1,1,Bundesliga,2012-13
Sat Aug 25 2012,VfB Stuttgart,VfL Wolfsburg,0,1,Bundesliga,2012-13
Sat Aug 25 2012,Hamburger SV,1. FC Nürnberg,0,1,Bundesliga,2012-13
Sat Aug 25 2012,Eintracht Frankfurt,Bayer 04 Leverkusen,2,1,Bundesliga,2012-13
Sat Aug 25 2012,SpVgg Greuther Fürth,Bayern München,0,3,Bundesliga,2012-13
Sat Aug 25 2012,FC Augsburg,Fortuna Düsseldorf,0,2,Bundesliga,2012-13
Sun Aug 26 2012,Hannover 96,FC Schalke 04,2,2,Bundesliga,2012-13
Fri Aug 31 2012,1. FSV Mainz 05,SpVgg Greuther Fürth,0,1,Bundesliga,2012-13
Sat Sep 1 2012,Bayer 04 Leverkusen,SC Freiburg,2,0,Bundesliga,2012-13
Sat Sep 1 2012,TSG 1899 Hoffenheim,Eintracht Frankfurt,0,4,Bundesliga,2012-13
Sat Sep 1 2012,FC Schalke 04,FC Augsburg,3,1,Bundesliga,2012-13
Sat Sep 1 2012,Werder Bremen,Hamburger SV,2,0,Bundesliga,2012-13
Sat Sep 1 2012,1. FC Nürnberg,Borussia Dortmund,1,1,Bundesliga,2012-13
Sat Sep 1 2012,Fortuna Düsseldorf,Bor. Mönchengladbach,0,0,Bundesliga,2012-13
Sun Sep 2 2012,VfL Wolfsburg,Hannover 96,0,4,Bundesliga,2012-13
Sun Sep 2 2012,Bayern München,VfB Stuttgart,6,1,Bundesliga,2012-13
Fri Sep 14 2012,FC Augsburg,VfL Wolfsburg,0,0,Bundesliga,2012-13
Sat Sep 15 2012,Borussia Dortmund,Bayer 04 Leverkusen,3,0,Bundesliga,2012-13
Sat Sep 15 2012,Hannover 96,Werder Bremen,3,2,Bundesliga,2012-13
Sat Sep 15 2012,Bor. Mönchengladbach,1. FC Nürnberg,2,3,Bundesliga,2012-13
Sat Sep 15 2012,SpVgg Greuther Fürth,FC Schalke 04,0,2,Bundesliga,2012-13
Sat Sep 15 2012,VfB Stuttgart,Fortuna Düsseldorf,0,0,Bundesliga,2012-13
Sat Sep 15 2012,Bayern München,1. FSV Mainz 05,3,1,Bundesliga,2012-13
Sun Sep 16 2012,Eintracht Frankfurt,Hamburger SV,3,2,Bundesliga,2012-13
Sun Sep 16 2012,SC Freiburg,TSG 1899 Hoffenheim,5,3,Bundesliga,2012-13
Fri Sep 21 2012,1. FC Nürnberg,Eintracht Frankfurt,1,2,Bundesliga,2012-13
Sat Sep 22 2012,1. FSV Mainz 05,FC Augsburg,2,0,Bundesliga,2012-13
Sat Sep 22 2012,FC Schalke 04,Bayern München,0,2,Bundesliga,2012-13
Sat Sep 22 2012,VfL Wolfsburg,SpVgg Greuther Fürth,1,1,Bundesliga,2012-13
Sat Sep 22 2012,Hamburger SV,Borussia Dortmund,3,2,Bundesliga,2012-13
Sat Sep 22 2012,Fortuna Düsseldorf,SC Freiburg,0,0,Bundesliga,2012-13
Sun Sep 23 2012,TSG 1899 Hoffenheim,Hannover 96,3,1,Bundesliga,2012-13
Sun Sep 23 2012,Werder Bremen,VfB Stuttgart,2,2,Bundesliga,2012-13
Sun Sep 23 2012,Bayer 04 Leverkusen,Bor. Mönchengladbach,1,1,Bundesliga,2012-13
Tue Sep 25 2012,FC Schalke 04,1. FSV Mainz 05,3,0,Bundesliga,2012-13
Tue Sep 25 2012,Eintracht Frankfurt,Borussia Dortmund,3,3,Bundesliga,2012-13
Tue Sep 25 2012,Bayern München,VfL Wolfsburg,3,0,Bundesliga,2012-13
Tue Sep 25 2012,SpVgg Greuther Fürth,Fortuna Düsseldorf,0,2,Bundesliga,2012-13
Wed Sep 26 2012,Bor. Mönchengladbach,Hamburger SV,2,2,Bundesliga,2012-13
Wed Sep 26 2012,FC Augsburg,Bayer 04 Leverkusen,1,3,Bundesliga,2012-13
Wed Sep 26 2012,VfB Stuttgart,TSG 1899 Hoffenheim,0,3,Bundesliga,2012-13
Wed Sep 26 2012,SC Freiburg,Werder Bremen,1,2,Bundesliga,2012-13
Wed Sep 26 2012,Hannover 96,1. FC Nürnberg,4,1,Bundesliga,2012-13
Fri Sep 28 2012,Fortuna Düsseldorf,FC Schalke 04,2,2,Bundesliga,2012-13
Sat Sep 29 2012,Hamburger SV,Hannover 96,1,0,Bundesliga,2012-13
Sat Sep 29 2012,Bayer 04 Leverkusen,SpVgg Greuther Fürth,2,0,Bundesliga,2012-13
Sat Sep 29 2012,TSG 1899 Hoffenheim,FC Augsburg,0,0,Bundesliga,2012-13
Sat Sep 29 2012,Borussia Dortmund,Bor. Mönchengladbach,5,0,Bundesliga,2012-13
Sat Sep 29 2012,1. FC Nürnberg,VfB Stuttgart,0,2,Bundesliga,2012-13
Sat Sep 29 2012,Werder Bremen,Bayern München,0,2,Bundesliga,2012-13
Sun Sep 30 2012,VfL Wolfsburg,1. FSV Mainz 05,0,2,Bundesliga,2012-13
Sun Sep 30 2012,Eintracht Frankfurt,SC Freiburg,2,1,Bundesliga,2012-13
Fri Oct 5 2012,FC Augsburg,Werder Bremen,3,1,Bundesliga,2012-13
Sat Oct 6 2012,SC Freiburg,1. FC Nürnberg,3,0,Bundesliga,2012-13
Sat Oct 6 2012,Bayern München,TSG 1899 Hoffenheim,2,0,Bundesliga,2012-13
Sat Oct 6 2012,FC Schalke 04,VfL Wolfsburg,3,0,Bundesliga,2012-13
Sat Oct 6 2012,SpVgg Greuther Fürth,Hamburger SV,0,1,Bundesliga,2012-13
Sat Oct 6 2012,1. FSV Mainz 05,Fortuna Düsseldorf,1,0,Bundesliga,2012-13
Sun Oct 7 2012,Hannover 96,Borussia Dortmund,1,1,Bundesliga,2012-13
Sun Oct 7 2012,Bor. Mönchengladbach,Eintracht Frankfurt,2,0,Bundesliga,2012-13
Sun Oct 7 2012,VfB Stuttgart,Bayer 04 Leverkusen,2,2,Bundesliga,2012-13
Fri Oct 19 2012,TSG 1899 Hoffenheim,SpVgg Greuther Fürth,3,3,Bundesliga,2012-13
Sat Oct 20 2012,Eintracht Frankfurt,Hannover 96,3,1,Bundesliga,2012-13
Sat Oct 20 2012,Borussia Dortmund,FC Schalke 04,1,2,Bundesliga,2012-13
Sat Oct 20 2012,Werder Bremen,Bor. Mönchengladbach,4,0,Bundesliga,2012-13
Sat Oct 20 2012,Fortuna Düsseldorf,Bayern München,0,5,Bundesliga,2012-13
Sat Oct 20 2012,Bayer 04 Leverkusen,1. FSV Mainz 05,2,2,Bundesliga,2012-13
Sat Oct 20 2012,VfL Wolfsburg,SC Freiburg,0,2,Bundesliga,2012-13
Sun Oct 21 2012,Hamburger SV,VfB Stuttgart,0,1,Bundesliga,2012-13
Sun Oct 21 2012,1. FC Nürnberg,FC Augsburg,0,0,Bundesliga,2012-13
Fri Oct 26 2012,FC Augsburg,Hamburger SV,0,2,Bundesliga,2012-13
Sat Oct 27 2012,FC Schalke 04,1. FC Nürnberg,1,0,Bundesliga,2012-13
Sat Oct 27 2012,SC Freiburg,Borussia Dortmund,0,2,Bundesliga,2012-13
Sat Oct 27 2012,SpVgg Greuther Fürth,Werder Bremen,1,1,Bundesliga,2012-13
Sat Oct 27 2012,1. FSV Mainz 05,TSG 1899 Hoffenheim,3,0,Bundesliga,2012-13
Sat Oct 27 2012,Fortuna Düsseldorf,VfL Wolfsburg,1,4,Bundesliga,2012-13
Sun Oct 28 2012,Bayern München,Bayer 04 Leverkusen,1,2,Bundesliga,2012-13
Sun Oct 28 2012,Hannover 96,Bor. Mönchengladbach,2,3,Bundesliga,2012-13
Sun Oct 28 2012,VfB Stuttgart,Eintracht Frankfurt,2,1,Bundesliga,2012-13
Fri Nov 2 2012,Eintracht Frankfurt,SpVgg Greuther Fürth,1,1,Bundesliga,2012-13
Sat Nov 3 2012,Bor. Mönchengladbach,SC Freiburg,1,1,Bundesliga,2012-13
Sat Nov 3 2012,TSG 1899 Hoffenheim,FC Schalke 04,3,2,Bundesliga,2012-13
Sat Nov 3 2012,Borussia Dortmund,VfB Stuttgart,0,0,Bundesliga,2012-13
Sat Nov 3 2012,1. FC Nürnberg,VfL Wolfsburg,1,0,Bundesliga,2012-13
Sat Nov 3 2012,Hannover 96,FC Augsburg,2,0,Bundesliga,2012-13
Sat Nov 3 2012,Hamburger SV,Bayern München,0,3,Bundesliga,2012-13
Sun Nov 4 2012,Werder Bremen,1. FSV Mainz 05,2,1,Bundesliga,2012-13
Sun Nov 4 2012,Bayer 04 Leverkusen,Fortuna Düsseldorf,3,2,Bundesliga,2012-13
Fri Nov 9 2012,1. FSV Mainz 05,1. FC Nürnberg,2,1,Bundesliga,2012-13
Sat Nov 10 2012,FC Schalke 04,Werder Bremen,2,1,Bundesliga,2012-13
Sat Nov 10 2012,FC Augsburg,Borussia Dortmund,1,3,Bundesliga,2012-13
Sat Nov 10 2012,SC Freiburg,Hamburger SV,0,0,Bundesliga,2012-13
Sat Nov 10 2012,Bayern München,Eintracht Frankfurt,2,0,Bundesliga,2012-13
Sat Nov 10 2012,Fortuna Düsseldorf,TSG 1899 Hoffenheim,1,1,Bundesliga,2012-13
Sun Nov 11 2012,SpVgg Greuther Fürth,Bor. Mönchengladbach,2,4,Bundesliga,2012-13
Sun Nov 11 2012,VfB Stuttgart,Hannover 96,2,4,Bundesliga,2012-13
Sun Nov 11 2012,VfL Wolfsburg,Bayer 04 Leverkusen,3,1,Bundesliga,2012-13
Sat Nov 17 2012,Borussia Dortmund,SpVgg Greuther Fürth,3,1,Bundesliga,2012-13
Sat Nov 17 2012,Hamburger SV,1. FSV Mainz 05,1,0,Bundesliga,2012-13
Sat Nov 17 2012,1. FC Nürnberg,Bayern München,1,1,Bundesliga,2012-13
Sat Nov 17 2012,Bayer 04 Leverkusen,FC Schalke 04,2,0,Bundesliga,2012-13
Sat Nov 17 2012,Eintracht Frankfurt,FC Augsburg,4,2,Bundesliga,2012-13
Sat Nov 17 2012,Hannover 96,SC Freiburg,1,2,Bundesliga,2012-13
Sat Nov 17 2012,Bor. Mönchengladbach,VfB Stuttgart,1,2,Bundesliga,2012-13
Sun Nov 18 2012,TSG 1899 Hoffenheim,VfL Wolfsburg,1,3,Bundesliga,2012-13
Sun Nov 18 2012,Werder Bremen,Fortuna Düsseldorf,2,1,Bundesliga,2012-13
Fri Nov 23 2012,Fortuna Düsseldorf,Hamburger SV,2,0,Bundesliga,2012-13
Sat Nov 24 2012,Bayern München,Hannover 96,5,0,Bundesliga,2012-13
Sat Nov 24 2012,FC Schalke 04,Eintracht Frankfurt,1,1,Bundesliga,2012-13
Sat Nov 24 2012,1. FSV Mainz 05,Borussia Dortmund,1,2,Bundesliga,2012-13
Sat Nov 24 2012,SpVgg Greuther Fürth,1. FC Nürnberg,0,0,Bundesliga,2012-13
Sat Nov 24 2012,VfL Wolfsburg,Werder Bremen,1,1,Bundesliga,2012-13
Sun Nov 25 2012,SC Freiburg,VfB Stuttgart,3,0,Bundesliga,2012-13
Sun Nov 25 2012,TSG 1899 Hoffenheim,Bayer 04 Leverkusen,1,2,Bundesliga,2012-13
Sun Nov 25 2012,FC Augsburg,Bor. Mönchengladbach,1,1,Bundesliga,2012-13
Tue Nov 27 2012,Borussia Dortmund,Fortuna Düsseldorf,1,1,Bundesliga,2012-13
Tue Nov 27 2012,Hannover 96,SpVgg Greuther Fürth,2,0,Bundesliga,2012-13
Tue Nov 27 2012,Eintracht Frankfurt,1. FSV Mainz 05,1,3,Bundesliga,2012-13
Tue Nov 27 2012,Hamburger SV,FC Schalke 04,3,1,Bundesliga,2012-13
Wed Nov 28 2012,Werder Bremen,Bayer 04 Leverkusen,1,4,Bundesliga,2012-13
Wed Nov 28 2012,1. FC Nürnberg,TSG 1899 Hoffenheim,4,2,Bundesliga,2012-13
Wed Nov 28 2012,VfB Stuttgart,FC Augsburg,2,1,Bundesliga,2012-13
Wed Nov 28 2012,Bor. Mönchengladbach,VfL Wolfsburg,2,0,Bundesliga,2012-13
Wed Nov 28 2012,SC Freiburg,Bayern München,0,2,Bundesliga,2012-13
Fri Nov 30 2012,Fortuna Düsseldorf,Eintracht Frankfurt,4,0,Bundesliga,2012-13
Sat Dec 1 2012,FC Augsburg,SC Freiburg,1,1,Bundesliga,2012-13
Sat Dec 1 2012,Bayern München,Borussia Dortmund,1,1,Bundesliga,2012-13
Sat Dec 1 2012,SpVgg Greuther Fürth,VfB Stuttgart,0,1,Bundesliga,2012-13
Sat Dec 1 2012,1. FSV Mainz 05,Hannover 96,2,1,Bundesliga,2012-13
Sat Dec 1 2012,FC Schalke 04,Bor. Mönchengladbach,1,1,Bundesliga,2012-13
Sat Dec 1 2012,Bayer 04 Leverkusen,1. FC Nürnberg,1,0,Bundesliga,2012-13
Sun Dec 2 2012,VfL Wolfsburg,Hamburger SV,1,1,Bundesliga,2012-13
Sun Dec 2 2012,TSG 1899 Hoffenheim,Werder Bremen,1,4,Bundesliga,2012-13
Fri Dec 7 2012,Hamburger SV,TSG 1899 Hoffenheim,2,0,Bundesliga,2012-13
Sat Dec 8 2012,SC Freiburg,SpVgg Greuther Fürth,1,0,Bundesliga,2012-13
Sat Dec 8 2012,1. FC Nürnberg,Fortuna Düsseldorf,2,0,Bundesliga,2012-13
Sat Dec 8 2012,FC Augsburg,Bayern München,0,2,Bundesliga,2012-13
Sat Dec 8 2012,Eintracht Frankfurt,Werder Bremen,4,1,Bundesliga,2012-13
Sat Dec 8 2012,Borussia Dortmund,VfL Wolfsburg,2,3,Bundesliga,2012-13
Sat Dec 8 2012,VfB Stuttgart,FC Schalke 04,3,1,Bundesliga,2012-13
Sun Dec 9 2012,Hannover 96,Bayer 04 Leverkusen,3,2,Bundesliga,2012-13
Sun Dec 9 2012,Bor. Mönchengladbach,1. FSV Mainz 05,2,0,Bundesliga,2012-13
Fri Dec 14 2012,Bayern München,Bor. Mönchengladbach,1,1,Bundesliga,2012-13
Sat Dec 15 2012,SpVgg Greuther Fürth,FC Augsburg,1,1,Bundesliga,2012-13
Sat Dec 15 2012,Fortuna Düsseldorf,Hannover 96,2,1,Bundesliga,2012-13
Sat Dec 15 2012,1. FSV Mainz 05,VfB Stuttgart,3,1,Bundesliga,2012-13
Sat Dec 15 2012,FC Schalke 04,SC Freiburg,1,3,Bundesliga,2012-13
Sat Dec 15 2012,Bayer 04 Leverkusen,Hamburger SV,3,0,Bundesliga,2012-13
Sat Dec 15 2012,VfL Wolfsburg,Eintracht Frankfurt,0,2,Bundesliga,2012-13
Sun Dec 16 2012,TSG 1899 Hoffenheim,Borussia Dortmund,1,3,Bundesliga,2012-13
Sun Dec 16 2012,Werder Bremen,1. FC Nürnberg,1,1,Bundesliga,2012-13
Fri Jan 18 2013,FC Schalke 04,Hannover 96,5,4,Bundesliga,2012-13
Sat Jan 19 2013,Werder Bremen,Borussia Dortmund,0,5,Bundesliga,2012-13
Sat Jan 19 2013,1. FSV Mainz 05,SC Freiburg,0,0,Bundesliga,2012-13
Sat Jan 19 2013,Bayer 04 Leverkusen,Eintracht Frankfurt,3,1,Bundesliga,2012-13
Sat Jan 19 2013,TSG 1899 Hoffenheim,Bor. Mönchengladbach,0,0,Bundesliga,2012-13
Sat Jan 19 2013,Bayern München,SpVgg Greuther Fürth,2,0,Bundesliga,2012-13
Sat Jan 19 2013,VfL Wolfsburg,VfB Stuttgart,2,0,Bundesliga,2012-13
Sun Jan 20 2013,Fortuna Düsseldorf,FC Augsburg,2,3,Bundesliga,2012-13
Sun Jan 20 2013,1. FC Nürnberg,Hamburger SV,1,1,Bundesliga,2012-13
Fri Jan 25 2013,Borussia Dortmund,1. FC Nürnberg,3,0,Bundesliga,2012-13
Sat Jan 26 2013,Bor. Mönchengladbach,Fortuna Düsseldorf,2,1,Bundesliga,2012-13
Sat Jan 26 2013,Hannover 96,VfL Wolfsburg,2,1,Bundesliga,2012-13
Sat Jan 26 2013,SC Freiburg,Bayer 04 Leverkusen,0,0,Bundesliga,2012-13
Sat Jan 26 2013,SpVgg Greuther Fürth,1. FSV Mainz 05,0,3,Bundesliga,2012-13
Sat Jan 26 2013,Eintracht Frankfurt,TSG 1899 Hoffenheim,2,1,Bundesliga,2012-13
Sat Jan 26 2013,FC Augsburg,FC Schalke 04,0,0,Bundesliga,2012-13
Sun Jan 27 2013,VfB Stuttgart,Bayern München,0,2,Bundesliga,2012-13
Sun Jan 27 2013,Hamburger SV,Werder Bremen,3,2,Bundesliga,2012-13
Fri Feb 1 2013,Werder Bremen,Hannover 96,2,0,Bundesliga,2012-13
Sat Feb 2 2013,FC Schalke 04,SpVgg Greuther Fürth,1,2,Bundesliga,2012-13
Sat Feb 2 2013,Fortuna Düsseldorf,VfB Stuttgart,3,1,Bundesliga,2012-13
Sat Feb 2 2013,1. FSV Mainz 05,Bayern München,0,3,Bundesliga,2012-13
Sat Feb 2 2013,VfL Wolfsburg,FC Augsburg,1,1,Bundesliga,2012-13
Sat Feb 2 2013,Hamburger SV,Eintracht Frankfurt,0,2,Bundesliga,2012-13
Sat Feb 2 2013,TSG 1899 Hoffenheim,SC Freiburg,2,1,Bundesliga,2012-13
Sun Feb 3 2013,1. FC Nürnberg,Bor. Mönchengladbach,2,1,Bundesliga,2012-13
Sun Feb 3 2013,Bayer 04 Leverkusen,Borussia Dortmund,2,3,Bundesliga,2012-13
Sat Feb 9 2013,Eintracht Frankfurt,1. FC Nürnberg,0,0,Bundesliga,2012-13
Sat Feb 9 2013,VfB Stuttgart,Werder Bremen,1,4,Bundesliga,2012-13
Sat Feb 9 2013,Borussia Dortmund,Hamburger SV,1,4,Bundesliga,2012-13
Sat Feb 9 2013,Bor. Mönchengladbach,Bayer 04 Leverkusen,3,3,Bundesliga,2012-13
Sat Feb 9 2013,Bayern München,FC Schalke 04,4,0,Bundesliga,2012-13
Sat Feb 9 2013,Hannover 96,TSG 1899 Hoffenheim,1,0,Bundesliga,2012-13
Sat Feb 9 2013,SpVgg Greuther Fürth,VfL Wolfsburg,0,1,Bundesliga,2012-13
Sun Feb 10 2013,SC Freiburg,Fortuna Düsseldorf,1,0,Bundesliga,2012-13
Sun Feb 10 2013,FC Augsburg,1. FSV Mainz 05,1,1,Bundesliga,2012-13
Fri Feb 15 2013,VfL Wolfsburg,Bayern München,0,2,Bundesliga,2012-13
Sat Feb 16 2013,1. FSV Mainz 05,FC Schalke 04,2,2,Bundesliga,2012-13
Sat Feb 16 2013,Hamburger SV,Bor. Mönchengladbach,1,0,Bundesliga,2012-13
Sat Feb 16 2013,Bayer 04 Leverkusen,FC Augsburg,2,1,Bundesliga,2012-13
Sat Feb 16 2013,Werder Bremen,SC Freiburg,2,3,Bundesliga,2012-13
Sat Feb 16 2013,Borussia Dortmund,Eintracht Frankfurt,3,0,Bundesliga,2012-13
Sat Feb 16 2013,Fortuna Düsseldorf,SpVgg Greuther Fürth,1,0,Bundesliga,2012-13
Sun Feb 17 2013,TSG 1899 Hoffenheim,VfB Stuttgart,0,1,Bundesliga,2012-13
Sun Feb 17 2013,1. FC Nürnberg,Hannover 96,2,2,Bundesliga,2012-13
Fri Feb 22 2013,SC Freiburg,Eintracht Frankfurt,0,0,Bundesliga,2012-13
Sat Feb 23 2013,FC Schalke 04,Fortuna Düsseldorf,2,1,Bundesliga,2012-13
Sat Feb 23 2013,VfB Stuttgart,1. FC Nürnberg,1,1,Bundesliga,2012-13
Sat Feb 23 2013,Hannover 96,Hamburger SV,5,1,Bundesliga,2012-13
Sat Feb 23 2013,FC Augsburg,TSG 1899 Hoffenheim,2,1,Bundesliga,2012-13
Sat Feb 23 2013,Bayern München,Werder Bremen,6,1,Bundesliga,2012-13
Sat Feb 23 2013,1. FSV Mainz 05,VfL Wolfsburg,1,1,Bundesliga,2012-13
Sun Feb 24 2013,Bor. Mönchengladbach,Borussia Dortmund,1,1,Bundesliga,2012-13
Sun Feb 24 2013,SpVgg Greuther Fürth,Bayer 04 Leverkusen,0,0,Bundesliga,2012-13
Fri Mar 1 2013,Eintracht Frankfurt,Bor. Mönchengladbach,0,1,Bundesliga,2012-13
Sat Mar 2 2013,1. FC Nürnberg,SC Freiburg,1,1,Bundesliga,2012-13
Sat Mar 2 2013,Borussia Dortmund,Hannover 96,3,1,Bundesliga,2012-13
Sat Mar 2 2013,Hamburger SV,SpVgg Greuther Fürth,1,1,Bundesliga,2012-13
Sat Mar 2 2013,Bayer 04 Leverkusen,VfB Stuttgart,2,1,Bundesliga,2012-13
Sat Mar 2 2013,Werder Bremen,FC Augsburg,0,1,Bundesliga,2012-13
Sat Mar 2 2013,VfL Wolfsburg,FC Schalke 04,1,4,Bundesliga,2012-13
Sun Mar 3 2013,TSG 1899 Hoffenheim,Bayern München,0,1,Bundesliga,2012-13
Sun Mar 3 2013,Fortuna Düsseldorf,1. FSV Mainz 05,1,1,Bundesliga,2012-13
Fri Mar 8 2013,FC Augsburg,1. FC Nürnberg,1,2,Bundesliga,2012-13
Sat Mar 9 2013,Bayern München,Fortuna Düsseldorf,3,2,Bundesliga,2012-13
Sat Mar 9 2013,1. FSV Mainz 05,Bayer 04 Leverkusen,1,0,Bundesliga,2012-13
Sat Mar 9 2013,SpVgg Greuther Fürth,TSG 1899 Hoffenheim,0,3,Bundesliga,2012-13
Sat Mar 9 2013,SC Freiburg,VfL Wolfsburg,2,5,Bundesliga,2012-13
Sat Mar 9 2013,FC Schalke 04,Borussia Dortmund,2,1,Bundesliga,2012-13
Sat Mar 9 2013,Bor. Mönchengladbach,Werder Bremen,1,1,Bundesliga,2012-13
Sun Mar 10 2013,VfB Stuttgart,Hamburger SV,0,1,Bundesliga,2012-13
Sun Mar 10 2013,Hannover 96,Eintracht Frankfurt,0,0,Bundesliga,2012-13
Fri Mar 15 2013,VfL Wolfsburg,Fortuna Düsseldorf,1,1,Bundesliga,2012-13
Sat Mar 16 2013,1. FC Nürnberg,FC Schalke 04,3,0,Bundesliga,2012-13
Sat Mar 16 2013,TSG 1899 Hoffenheim,1. FSV Mainz 05,0,0,Bundesliga,2012-13
Sat Mar 16 2013,Borussia Dortmund,SC Freiburg,5,1,Bundesliga,2012-13
Sat Mar 16 2013,Hamburger SV,FC Augsburg,0,1,Bundesliga,2012-13
Sat Mar 16 2013,Bayer 04 Leverkusen,Bayern München,1,2,Bundesliga,2012-13
Sat Mar 16 2013,Werder Bremen,SpVgg Greuther Fürth,2,2,Bundesliga,2012-13
Sun Mar 17 2013,Bor. Mönchengladbach,Hannover 96,1,0,Bundesliga,2012-13
Sun Mar 17 2013,Eintracht Frankfurt,VfB Stuttgart,1,2,Bundesliga,2012-13
Sat Mar 30 2013,VfB Stuttgart,Borussia Dortmund,1,2,Bundesliga,2012-13
Sat Mar 30 2013,SC Freiburg,Bor. Mönchengladbach,2,0,Bundesliga,2012-13
Sat Mar 30 2013,1. FSV Mainz 05,Werder Bremen,1,1,Bundesliga,2012-13
Sat Mar 30 2013,FC Schalke 04,TSG 1899 Hoffenheim,3,0,Bundesliga,2012-13
Sat Mar 30 2013,Bayern München,Hamburger SV,9,2,Bundesliga,2012-13
Sat Mar 30 2013,FC Augsburg,Hannover 96,0,2,Bundesliga,2012-13
Sat Mar 30 2013,Fortuna Düsseldorf,Bayer 04 Leverkusen,1,4,Bundesliga,2012-13
Sun Mar 31 2013,VfL Wolfsburg,1. FC Nürnberg,2,2,Bundesliga,2012-13
Sun Mar 31 2013,SpVgg Greuther Fürth,Eintracht Frankfurt,2,3,Bundesliga,2012-13
Fri Apr 5 2013,TSG 1899 Hoffenheim,Fortuna Düsseldorf,3,0,Bundesliga,2012-13
Sat Apr 6 2013,Werder Bremen,FC Schalke 04,0,2,Bundesliga,2012-13
Sat Apr 6 2013,Eintracht Frankfurt,Bayern München,0,1,Bundesliga,2012-13
Sat Apr 6 2013,Bayer 04 Leverkusen,VfL Wolfsburg,1,1,Bundesliga,2012-13
Sat Apr 6 2013,Bor. Mönchengladbach,SpVgg Greuther Fürth,1,0,Bundesliga,2012-13
Sat Apr 6 2013,Hamburger SV,SC Freiburg,0,1,Bundesliga,2012-13
Sat Apr 6 2013,Borussia Dortmund,FC Augsburg,4,2,Bundesliga,2012-13
Sun Apr 7 2013,1. FC Nürnberg,1. FSV Mainz 05,2,1,Bundesliga,2012-13
Sun Apr 7 2013,Hannover 96,VfB Stuttgart,0,0,Bundesliga,2012-13
Fri Apr 12 2013,SC Freiburg,Hannover 96,3,1,Bundesliga,2012-13
Sat Apr 13 2013,FC Schalke 04,Bayer 04 Leverkusen,2,2,Bundesliga,2012-13
Sat Apr 13 2013,SpVgg Greuther Fürth,Borussia Dortmund,1,6,Bundesliga,2012-13
Sat Apr 13 2013,Fortuna Düsseldorf,Werder Bremen,2,2,Bundesliga,2012-13
Sat Apr 13 2013,1. FSV Mainz 05,Hamburger SV,1,2,Bundesliga,2012-13
Sat Apr 13 2013,Bayern München,1. FC Nürnberg,4,0,Bundesliga,2012-13
Sat Apr 13 2013,VfL Wolfsburg,TSG 1899 Hoffenheim,2,2,Bundesliga,2012-13
Sun Apr 14 2013,FC Augsburg,Eintracht Frankfurt,2,0,Bundesliga,2012-13
Sun Apr 14 2013,VfB Stuttgart,Bor. Mönchengladbach,2,0,Bundesliga,2012-13
Fri Apr 19 2013,Bor. Mönchengladbach,FC Augsburg,1,0,Bundesliga,2012-13
Sat Apr 20 2013,Bayer 04 Leverkusen,TSG 1899 Hoffenheim,5,0,Bundesliga,2012-13
Sat Apr 20 2013,Borussia Dortmund,1. FSV Mainz 05,2,0,Bundesliga,2012-13
Sat Apr 20 2013,Eintracht Frankfurt,FC Schalke 04,1,0,Bundesliga,2012-13
Sat Apr 20 2013,Hannover 96,Bayern München,1,6,Bundesliga,2012-13
Sat Apr 20 2013,Werder Bremen,VfL Wolfsburg,0,3,Bundesliga,2012-13
Sat Apr 20 2013,Hamburger SV,Fortuna Düsseldorf,2,1,Bundesliga,2012-13
Sun Apr 21 2013,1. FC Nürnberg,SpVgg Greuther Fürth,0,1,Bundesliga,2012-13
Sun Apr 21 2013,VfB Stuttgart,SC Freiburg,2,1,Bundesliga,2012-13
Fri Apr 26 2013,SpVgg Greuther Fürth,Hannover 96,2,3,Bundesliga,2012-13
Sat Apr 27 2013,TSG 1899 Hoffenheim,1. FC Nürnberg,2,1,Bundesliga,2012-13
Sat Apr 27 2013,Fortuna Düsseldorf,Borussia Dortmund,1,2,Bundesliga,2012-13
Sat Apr 27 2013,Bayern München,SC Freiburg,1,0,Bundesliga,2012-13
Sat Apr 27 2013,FC Augsburg,VfB Stuttgart,3,0,Bundesliga,2012-13
Sat Apr 27 2013,Bayer 04 Leverkusen,Werder Bremen,1,0,Bundesliga,2012-13
Sat Apr 27 2013,VfL Wolfsburg,Bor. Mönchengladbach,3,1,Bundesliga,2012-13
Sun Apr 28 2013,1. FSV Mainz 05,Eintracht Frankfurt,0,0,Bundesliga,2012-13
Sun Apr 28 2013,FC Schalke 04,Hamburger SV,4,1,Bundesliga,2012-13
Fri May 3 2013,Bor. Mönchengladbach,FC Schalke 04,0,1,Bundesliga,2012-13
Sat May 4 2013,1. FC Nürnberg,Bayer 04 Leverkusen,0,2,Bundesliga,2012-13
Sat May 4 2013,Eintracht Frankfurt,Fortuna Düsseldorf,3,1,Bundesliga,2012-13
Sat May 4 2013,VfB Stuttgart,SpVgg Greuther Fürth,0,2,Bundesliga,2012-13
Sat May 4 2013,Borussia Dortmund,Bayern München,1,1,Bundesliga,2012-13
Sat May 4 2013,Werder Bremen,TSG 1899 Hoffenheim,2,2,Bundesliga,2012-13
Sat May 4 2013,Hannover 96,1. FSV Mainz 05,2,2,Bundesliga,2012-13
Sun May 5 2013,Hamburger SV,VfL Wolfsburg,1,1,Bundesliga,2012-13
Sun May 5 2013,SC Freiburg,FC Augsburg,2,0,Bundesliga,2012-13
Sat May 11 2013,SpVgg Greuther Fürth,SC Freiburg,1,2,Bundesliga,2012-13
Sat May 11 2013,VfL Wolfsburg,Borussia Dortmund,3,3,Bundesliga,2012-13
Sat May 11 2013,1. FSV Mainz 05,Bor. Mönchengladbach,2,4,Bundesliga,2012-13
Sat May 11 2013,Fortuna Düsseldorf,1. FC Nürnberg,1,2,Bundesliga,2012-13
Sat May 11 2013,Bayern München,FC Augsburg,3,0,Bundesliga,2012-13
Sat May 11 2013,TSG 1899 Hoffenheim,Hamburger SV,1,4,Bundesliga,2012-13
Sat May 11 2013,Bayer 04 Leverkusen,Hannover 96,3,1,Bundesliga,2012-13
Sat May 11 2013,Werder Bremen,Eintracht Frankfurt,1,1,Bundesliga,2012-13
Sat May 11 2013,FC Schalke 04,VfB Stuttgart,1,2,Bundesliga,2012-13
Sat May 18 2013,Bor. Mönchengladbach,Bayern München,3,4,Bundesliga,2012-13
Sat May 18 2013,FC Augsburg,SpVgg Greuther Fürth,3,1,Bundesliga,2012-13
Sat May 18 2013,Hannover 96,Fortuna Düsseldorf,3,0,Bundesliga,2012-13
Sat May 18 2013,Borussia Dortmund,TSG 1899 Hoffenheim,1,2,Bundesliga,2012-13
Sat May 18 2013,SC Freiburg,FC Schalke 04,1,2,Bundesliga,2012-13
Sat May 18 2013,VfB Stuttgart,1. FSV Mainz 05,2,2,Bundesliga,2012-13
Sat May 18 2013,Eintracht Frankfurt,VfL Wolfsburg,2,2,Bundesliga,2012-13
Sat May 18 2013,Hamburger SV,Bayer 04 Leverkusen,0,1,Bundesliga,2012-13
Sat May 18 2013,1. FC Nürnberg,Werder Bremen,3,2,Bundesliga,2012-13
Fri Aug 9 2013,Bayern München,Bor. Mönchengladbach,3,1,Bundesliga,2013-14
Sat Aug 10 2013,TSG 1899 Hoffenheim,1. FC Nürnberg,2,2,Bundesliga,2013-14
Sat Aug 10 2013,Bayer 04 Leverkusen,SC Freiburg,3,1,Bundesliga,2013-14
Sat Aug 10 2013,FC Augsburg,Borussia Dortmund,0,4,Bundesliga,2013-14
Sat Aug 10 2013,Hannover 96,VfL Wolfsburg,2,0,Bundesliga,2013-14
Sat Aug 10 2013,Hertha BSC,Eintracht Frankfurt,6,1,Bundesliga,2013-14
Sat Aug 10 2013,Eintracht Braunschweig,Werder Bremen,0,1,Bundesliga,2013-14
Sun Aug 11 2013,FC Schalke 04,Hamburger SV,3,3,Bundesliga,2013-14
Sun Aug 11 2013,1. FSV Mainz 05,VfB Stuttgart,3,2,Bundesliga,2013-14
Sat Aug 17 2013,VfB Stuttgart,Bayer 04 Leverkusen,0,1,Bundesliga,2013-14
Sat Aug 17 2013,Eintracht Frankfurt,Bayern München,0,1,Bundesliga,2013-14
Sat Aug 17 2013,VfL Wolfsburg,FC Schalke 04,4,0,Bundesliga,2013-14
Sat Aug 17 2013,SC Freiburg,1. FSV Mainz 05,1,2,Bundesliga,2013-14
Sat Aug 17 2013,Bor. Mönchengladbach,Hannover 96,3,0,Bundesliga,2013-14
Sat Aug 17 2013,Hamburger SV,TSG 1899 Hoffenheim,1,5,Bundesliga,2013-14
Sat Aug 17 2013,Werder Bremen,FC Augsburg,1,0,Bundesliga,2013-14
Sun Aug 18 2013,Borussia Dortmund,Eintracht Braunschweig,2,1,Bundesliga,2013-14
Sun Aug 18 2013,1. FC Nürnberg,Hertha BSC,2,2,Bundesliga,2013-14
Fri Aug 23 2013,Borussia Dortmund,Werder Bremen,1,0,Bundesliga,2013-14
Sat Aug 24 2013,TSG 1899 Hoffenheim,SC Freiburg,3,3,Bundesliga,2013-14
Sat Aug 24 2013,Bayer 04 Leverkusen,Bor. Mönchengladbach,4,2,Bundesliga,2013-14
Sat Aug 24 2013,Hannover 96,FC Schalke 04,2,1,Bundesliga,2013-14
Sat Aug 24 2013,1. FSV Mainz 05,VfL Wolfsburg,2,0,Bundesliga,2013-14
Sat Aug 24 2013,Hertha BSC,Hamburger SV,1,0,Bundesliga,2013-14
Sat Aug 24 2013,Bayern München,1. FC Nürnberg,2,0,Bundesliga,2013-14
Sun Aug 25 2013,Eintracht Braunschweig,Eintracht Frankfurt,0,2,Bundesliga,2013-14
Sun Aug 25 2013,FC Augsburg,VfB Stuttgart,2,1,Bundesliga,2013-14
Tue Aug 27 2013,SC Freiburg,Bayern München,1,1,Bundesliga,2013-14
Sat Aug 31 2013,1. FC Nürnberg,FC Augsburg,0,1,Bundesliga,2013-14
Sat Aug 31 2013,FC Schalke 04,Bayer 04 Leverkusen,2,0,Bundesliga,2013-14
Sat Aug 31 2013,Hannover 96,1. FSV Mainz 05,4,1,Bundesliga,2013-14
Sat Aug 31 2013,Hamburger SV,Eintracht Braunschweig,4,0,Bundesliga,2013-14
Sat Aug 31 2013,VfL Wolfsburg,Hertha BSC,2,0,Bundesliga,2013-14
Sat Aug 31 2013,Bor. Mönchengladbach,Werder Bremen,4,1,Bundesliga,2013-14
Sun Sep 1 2013,Eintracht Frankfurt,Borussia Dortmund,1,2,Bundesliga,2013-14
Sun Sep 1 2013,VfB Stuttgart,TSG 1899 Hoffenheim,6,2,Bundesliga,2013-14
Fri Sep 13 2013,Hertha BSC,VfB Stuttgart,0,1,Bundesliga,2013-14
Sat Sep 14 2013,1. FSV Mainz 05,FC Schalke 04,0,1,Bundesliga,2013-14
Sat Sep 14 2013,Bayer 04 Leverkusen,VfL Wolfsburg,3,1,Bundesliga,2013-14
Sat Sep 14 2013,Borussia Dortmund,Hamburger SV,6,2,Bundesliga,2013-14
Sat Sep 14 2013,FC Augsburg,SC Freiburg,2,1,Bundesliga,2013-14
Sat Sep 14 2013,Werder Bremen,Eintracht Frankfurt,0,3,Bundesliga,2013-14
Sat Sep 14 2013,Bayern München,Hannover 96,2,0,Bundesliga,2013-14
Sun Sep 15 2013,TSG 1899 Hoffenheim,Bor. Mönchengladbach,2,1,Bundesliga,2013-14
Sun Sep 15 2013,Eintracht Braunschweig,1. FC Nürnberg,1,1,Bundesliga,2013-14
Fri Sep 20 2013,Bor. Mönchengladbach,Eintracht Braunschweig,4,1,Bundesliga,2013-14
Sat Sep 21 2013,Hannover 96,FC Augsburg,2,1,Bundesliga,2013-14
Sat Sep 21 2013,FC Schalke 04,Bayern München,0,4,Bundesliga,2013-14
Sat Sep 21 2013,1. FSV Mainz 05,Bayer 04 Leverkusen,1,4,Bundesliga,2013-14
Sat Sep 21 2013,1. FC Nürnberg,Borussia Dortmund,1,1,Bundesliga,2013-14
Sat Sep 21 2013,VfL Wolfsburg,TSG 1899 Hoffenheim,2,1,Bundesliga,2013-14
Sat Sep 21 2013,Hamburger SV,Werder Bremen,0,2,Bundesliga,2013-14
Sun Sep 22 2013,VfB Stuttgart,Eintracht Frankfurt,1,1,Bundesliga,2013-14
Sun Sep 22 2013,SC Freiburg,Hertha BSC,1,1,Bundesliga,2013-14
Fri Sep 27 2013,FC Augsburg,Bor. Mönchengladbach,2,2,Bundesliga,2013-14
Sat Sep 28 2013,Borussia Dortmund,SC Freiburg,5,0,Bundesliga,2013-14
Sat Sep 28 2013,Hertha BSC,1. FSV Mainz 05,3,1,Bundesliga,2013-14
Sat Sep 28 2013,Bayer 04 Leverkusen,Hannover 96,2,0,Bundesliga,2013-14
Sat Sep 28 2013,Eintracht Frankfurt,Hamburger SV,2,2,Bundesliga,2013-14
Sat Sep 28 2013,TSG 1899 Hoffenheim,FC Schalke 04,3,3,Bundesliga,2013-14
Sat Sep 28 2013,Bayern München,VfL Wolfsburg,1,0,Bundesliga,2013-14
Sun Sep 29 2013,Eintracht Braunschweig,VfB Stuttgart,0,4,Bundesliga,2013-14
Sun Sep 29 2013,Werder Bremen,1. FC Nürnberg,3,3,Bundesliga,2013-14
Fri Oct 4 2013,Hannover 96,Hertha BSC,1,1,Bundesliga,2013-14
Sat Oct 5 2013,VfB Stuttgart,Werder Bremen,1,1,Bundesliga,2013-14
Sat Oct 5 2013,FC Schalke 04,FC Augsburg,4,1,Bundesliga,2013-14
Sat Oct 5 2013,VfL Wolfsburg,Eintracht Braunschweig,0,2,Bundesliga,2013-14
Sat Oct 5 2013,Bor. Mönchengladbach,Borussia Dortmund,2,0,Bundesliga,2013-14
Sat Oct 5 2013,Bayer 04 Leverkusen,Bayern München,1,1,Bundesliga,2013-14
Sat Oct 5 2013,1. FSV Mainz 05,TSG 1899 Hoffenheim,2,2,Bundesliga,2013-14
Sun Oct 6 2013,SC Freiburg,Eintracht Frankfurt,1,1,Bundesliga,2013-14
Sun Oct 6 2013,1. FC Nürnberg,Hamburger SV,0,5,Bundesliga,2013-14
Fri Oct 18 2013,TSG 1899 Hoffenheim,Bayer 04 Leverkusen,1,2,Bundesliga,2013-14
Sat Oct 19 2013,Eintracht Frankfurt,1. FC Nürnberg,1,1,Bundesliga,2013-14
Sat Oct 19 2013,Bayern München,1. FSV Mainz 05,4,1,Bundesliga,2013-14
Sat Oct 19 2013,Hertha BSC,Bor. Mönchengladbach,1,0,Bundesliga,2013-14
Sat Oct 19 2013,Eintracht Braunschweig,FC Schalke 04,2,3,Bundesliga,2013-14
Sat Oct 19 2013,Werder Bremen,SC Freiburg,0,0,Bundesliga,2013-14
Sat Oct 19 2013,Borussia Dortmund,Hannover 96,1,0,Bundesliga,2013-14
Sun Oct 20 2013,FC Augsburg,VfL Wolfsburg,1,2,Bundesliga,2013-14
Sun Oct 20 2013,Hamburger SV,VfB Stuttgart,3,3,Bundesliga,2013-14
Fri Oct 25 2013,VfB Stuttgart,1. FC Nürnberg,1,1,Bundesliga,2013-14
Sat Oct 26 2013,Bayer 04 Leverkusen,FC Augsburg,2,1,Bundesliga,2013-14
Sat Oct 26 2013,1. FSV Mainz 05,Eintracht Braunschweig,2,0,Bundesliga,2013-14
Sat Oct 26 2013,Hannover 96,TSG 1899 Hoffenheim,1,4,Bundesliga,2013-14
Sat Oct 26 2013,VfL Wolfsburg,Werder Bremen,3,0,Bundesliga,2013-14
Sat Oct 26 2013,FC Schalke 04,Borussia Dortmund,1,3,Bundesliga,2013-14
Sat Oct 26 2013,Bayern München,Hertha BSC,3,2,Bundesliga,2013-14
Sun Oct 27 2013,Bor. Mönchengladbach,Eintracht Frankfurt,4,1,Bundesliga,2013-14
Sun Oct 27 2013,SC Freiburg,Hamburger SV,0,3,Bundesliga,2013-14
Fri Nov 1 2013,Borussia Dortmund,VfB Stuttgart,6,1,Bundesliga,2013-14
Sat Nov 2 2013,Hamburger SV,Bor. Mönchengladbach,0,2,Bundesliga,2013-14
Sat Nov 2 2013,1. FC Nürnberg,SC Freiburg,0,3,Bundesliga,2013-14
Sat Nov 2 2013,Eintracht Frankfurt,VfL Wolfsburg,1,2,Bundesliga,2013-14
Sat Nov 2 2013,Eintracht Braunschweig,Bayer 04 Leverkusen,1,0,Bundesliga,2013-14
Sat Nov 2 2013,TSG 1899 Hoffenheim,Bayern München,1,2,Bundesliga,2013-14
Sat Nov 2 2013,Hertha BSC,FC Schalke 04,0,2,Bundesliga,2013-14
Sun Nov 3 2013,Werder Bremen,Hannover 96,3,2,Bundesliga,2013-14
Sun Nov 3 2013,FC Augsburg,1. FSV Mainz 05,2,1,Bundesliga,2013-14
Fri Nov 8 2013,Hannover 96,Eintracht Braunschweig,0,0,Bundesliga,2013-14
Sat Nov 9 2013,TSG 1899 Hoffenheim,Hertha BSC,2,3,Bundesliga,2013-14
Sat Nov 9 2013,Bayern München,FC Augsburg,3,0,Bundesliga,2013-14
Sat Nov 9 2013,Bayer 04 Leverkusen,Hamburger SV,5,3,Bundesliga,2013-14
Sat Nov 9 2013,VfL Wolfsburg,Borussia Dortmund,2,1,Bundesliga,2013-14
Sat Nov 9 2013,FC Schalke 04,Werder Bremen,3,1,Bundesliga,2013-14
Sat Nov 9 2013,Bor. Mönchengladbach,1. FC Nürnberg,3,1,Bundesliga,2013-14
Sun Nov 10 2013,SC Freiburg,VfB Stuttgart,1,3,Bundesliga,2013-14
Sun Nov 10 2013,1. FSV Mainz 05,Eintracht Frankfurt,1,0,Bundesliga,2013-14
Fri Nov 22 2013,VfB Stuttgart,Bor. Mönchengladbach,0,2,Bundesliga,2013-14
Sat Nov 23 2013,Borussia Dortmund,Bayern München,0,3,Bundesliga,2013-14
Sat Nov 23 2013,Eintracht Frankfurt,FC Schalke 04,3,3,Bundesliga,2013-14
Sat Nov 23 2013,Eintracht Braunschweig,SC Freiburg,0,1,Bundesliga,2013-14
Sat Nov 23 2013,Hertha BSC,Bayer 04 Leverkusen,0,1,Bundesliga,2013-14
Sat Nov 23 2013,FC Augsburg,TSG 1899 Hoffenheim,2,0,Bundesliga,2013-14
Sat Nov 23 2013,1. FC Nürnberg,VfL Wolfsburg,1,1,Bundesliga,2013-14
Sun Nov 24 2013,Werder Bremen,1. FSV Mainz 05,2,3,Bundesliga,2013-14
Sun Nov 24 2013,Hamburger SV,Hannover 96,3,1,Bundesliga,2013-14
Fri Nov 29 2013,VfL Wolfsburg,Hamburger SV,1,1,Bundesliga,2013-14
Sat Nov 30 2013,TSG 1899 Hoffenheim,Werder Bremen,4,4,Bundesliga,2013-14
Sat Nov 30 2013,1. FSV Mainz 05,Borussia Dortmund,1,3,Bundesliga,2013-14
Sat Nov 30 2013,Hertha BSC,FC Augsburg,0,0,Bundesliga,2013-14
Sat Nov 30 2013,Bayern München,Eintracht Braunschweig,2,0,Bundesliga,2013-14
Sat Nov 30 2013,FC Schalke 04,VfB Stuttgart,3,0,Bundesliga,2013-14
Sat Nov 30 2013,Bayer 04 Leverkusen,1. FC Nürnberg,3,0,Bundesliga,2013-14
Sun Dec 1 2013,Bor. Mönchengladbach,SC Freiburg,1,0,Bundesliga,2013-14
Sun Dec 1 2013,Hannover 96,Eintracht Frankfurt,2,0,Bundesliga,2013-14
Fri Dec 6 2013,1. FC Nürnberg,1. FSV Mainz 05,1,1,Bundesliga,2013-14
Sat Dec 7 2013,Borussia Dortmund,Bayer 04 Leverkusen,0,1,Bundesliga,2013-14
Sat Dec 7 2013,Werder Bremen,Bayern München,0,7,Bundesliga,2013-14
Sat Dec 7 2013,Bor. Mönchengladbach,FC Schalke 04,2,1,Bundesliga,2013-14
Sat Dec 7 2013,Eintracht Frankfurt,TSG 1899 Hoffenheim,1,2,Bundesliga,2013-14
Sat Dec 7 2013,Hamburger SV,FC Augsburg,0,1,Bundesliga,2013-14
Sat Dec 7 2013,VfB Stuttgart,Hannover 96,4,2,Bundesliga,2013-14
Sun Dec 8 2013,SC Freiburg,VfL Wolfsburg,0,3,Bundesliga,2013-14
Sun Dec 8 2013,Eintracht Braunschweig,Hertha BSC,0,2,Bundesliga,2013-14
Fri Dec 13 2013,Hertha BSC,Werder Bremen,3,2,Bundesliga,2013-14
Sat Dec 14 2013,FC Augsburg,Eintracht Braunschweig,4,1,Bundesliga,2013-14
Sat Dec 14 2013,1. FSV Mainz 05,Bor. Mönchengladbach,0,0,Bundesliga,2013-14
Sat Dec 14 2013,Hannover 96,1. FC Nürnberg,3,3,Bundesliga,2013-14
Sat Dec 14 2013,TSG 1899 Hoffenheim,Borussia Dortmund,2,2,Bundesliga,2013-14
Sat Dec 14 2013,Bayern München,Hamburger SV,3,1,Bundesliga,2013-14
Sat Dec 14 2013,VfL Wolfsburg,VfB Stuttgart,3,1,Bundesliga,2013-14
Sun Dec 15 2013,FC Schalke 04,SC Freiburg,2,0,Bundesliga,2013-14
Sun Dec 15 2013,Bayer 04 Leverkusen,Eintracht Frankfurt,0,1,Bundesliga,2013-14
Fri Dec 20 2013,Eintracht Frankfurt,FC Augsburg,1,1,Bundesliga,2013-14
Sat Dec 21 2013,Hamburger SV,1. FSV Mainz 05,2,3,Bundesliga,2013-14
Sat Dec 21 2013,Werder Bremen,Bayer 04 Leverkusen,1,0,Bundesliga,2013-14
Sat Dec 21 2013,SC Freiburg,Hannover 96,2,1,Bundesliga,2013-14
Sat Dec 21 2013,Eintracht Braunschweig,TSG 1899 Hoffenheim,1,0,Bundesliga,2013-14
Sat Dec 21 2013,1. FC Nürnberg,FC Schalke 04,0,0,Bundesliga,2013-14
Sat Dec 21 2013,Borussia Dortmund,Hertha BSC,1,2,Bundesliga,2013-14
Sun Dec 22 2013,Bor. Mönchengladbach,VfL Wolfsburg,2,2,Bundesliga,2013-14
Fri Jan 24 2014,Bor. Mönchengladbach,Bayern München,0,2,Bundesliga,2013-14
Sat Jan 25 2014,Eintracht Frankfurt,Hertha BSC,1,0,Bundesliga,2013-14
Sat Jan 25 2014,Borussia Dortmund,FC Augsburg,2,2,Bundesliga,2013-14
Sat Jan 25 2014,VfL Wolfsburg,Hannover 96,1,3,Bundesliga,2013-14
Sat Jan 25 2014,SC Freiburg,Bayer 04 Leverkusen,3,2,Bundesliga,2013-14
Sat Jan 25 2014,1. FC Nürnberg,TSG 1899 Hoffenheim,4,0,Bundesliga,2013-14
Sat Jan 25 2014,VfB Stuttgart,1. FSV Mainz 05,1,2,Bundesliga,2013-14
Sun Jan 26 2014,Hamburger SV,FC Schalke 04,0,3,Bundesliga,2013-14
Sun Jan 26 2014,Werder Bremen,Eintracht Braunschweig,0,0,Bundesliga,2013-14
Wed Jan 29 2014,VfB Stuttgart,Bayern München,1,2,Bundesliga,2013-14
Fri Jan 31 2014,Eintracht Braunschweig,Borussia Dortmund,1,2,Bundesliga,2013-14
Sat Feb 1 2014,Hannover 96,Bor. Mönchengladbach,3,1,Bundesliga,2013-14
Sat Feb 1 2014,FC Schalke 04,VfL Wolfsburg,2,1,Bundesliga,2013-14
Sat Feb 1 2014,1. FSV Mainz 05,SC Freiburg,2,0,Bundesliga,2013-14
Sat Feb 1 2014,TSG 1899 Hoffenheim,Hamburger SV,3,0,Bundesliga,2013-14
Sat Feb 1 2014,FC Augsburg,Werder Bremen,3,1,Bundesliga,2013-14
Sat Feb 1 2014,Bayer 04 Leverkusen,VfB Stuttgart,2,1,Bundesliga,2013-14
Sun Feb 2 2014,Hertha BSC,1. FC Nürnberg,1,3,Bundesliga,2013-14
Sun Feb 2 2014,Bayern München,Eintracht Frankfurt,5,0,Bundesliga,2013-14
Fri Feb 7 2014,Bor. Mönchengladbach,Bayer 04 Leverkusen,0,1,Bundesliga,2013-14
Sat Feb 8 2014,1. FC Nürnberg,Bayern München,0,2,Bundesliga,2013-14
Sat Feb 8 2014,Hamburger SV,Hertha BSC,0,3,Bundesliga,2013-14
Sat Feb 8 2014,SC Freiburg,TSG 1899 Hoffenheim,1,1,Bundesliga,2013-14
Sat Feb 8 2014,Eintracht Frankfurt,Eintracht Braunschweig,3,0,Bundesliga,2013-14
Sat Feb 8 2014,Werder Bremen,Borussia Dortmund,1,5,Bundesliga,2013-14
Sat Feb 8 2014,VfL Wolfsburg,1. FSV Mainz 05,3,0,Bundesliga,2013-14
Sun Feb 9 2014,FC Schalke 04,Hannover 96,2,0,Bundesliga,2013-14
Sun Feb 9 2014,VfB Stuttgart,FC Augsburg,1,4,Bundesliga,2013-14
Fri Feb 14 2014,1. FSV Mainz 05,Hannover 96,2,0,Bundesliga,2013-14
Sat Feb 15 2014,Werder Bremen,Bor. Mönchengladbach,1,1,Bundesliga,2013-14
Sat Feb 15 2014,TSG 1899 Hoffenheim,VfB Stuttgart,4,1,Bundesliga,2013-14
Sat Feb 15 2014,Bayern München,SC Freiburg,4,0,Bundesliga,2013-14
Sat Feb 15 2014,Bayer 04 Leverkusen,FC Schalke 04,1,2,Bundesliga,2013-14
Sat Feb 15 2014,Eintracht Braunschweig,Hamburger SV,4,2,Bundesliga,2013-14
Sat Feb 15 2014,Borussia Dortmund,Eintracht Frankfurt,4,0,Bundesliga,2013-14
Sun Feb 16 2014,Hertha BSC,VfL Wolfsburg,1,2,Bundesliga,2013-14
Sun Feb 16 2014,FC Augsburg,1. FC Nürnberg,0,1,Bundesliga,2013-14
Fri Feb 21 2014,FC Schalke 04,1. FSV Mainz 05,0,0,Bundesliga,2013-14
Sat Feb 22 2014,SC Freiburg,FC Augsburg,2,4,Bundesliga,2013-14
Sat Feb 22 2014,Hamburger SV,Borussia Dortmund,3,0,Bundesliga,2013-14
Sat Feb 22 2014,Bor. Mönchengladbach,TSG 1899 Hoffenheim,2,2,Bundesliga,2013-14
Sat Feb 22 2014,VfB Stuttgart,Hertha BSC,1,2,Bundesliga,2013-14
Sat Feb 22 2014,1. FC Nürnberg,Eintracht Braunschweig,2,1,Bundesliga,2013-14
Sat Feb 22 2014,VfL Wolfsburg,Bayer 04 Leverkusen,3,1,Bundesliga,2013-14
Sun Feb 23 2014,Hannover 96,Bayern München,0,4,Bundesliga,2013-14
Sun Feb 23 2014,Eintracht Frankfurt,Werder Bremen,0,0,Bundesliga,2013-14
Fri Feb 28 2014,Hertha BSC,SC Freiburg,0,0,Bundesliga,2013-14
Sat Mar 1 2014,Bayern München,FC Schalke 04,5,1,Bundesliga,2013-14
Sat Mar 1 2014,Eintracht Braunschweig,Bor. Mönchengladbach,1,1,Bundesliga,2013-14
Sat Mar 1 2014,Bayer 04 Leverkusen,1. FSV Mainz 05,0,1,Bundesliga,2013-14
Sat Mar 1 2014,Borussia Dortmund,1. FC Nürnberg,3,0,Bundesliga,2013-14
Sat Mar 1 2014,Werder Bremen,Hamburger SV,1,0,Bundesliga,2013-14
Sat Mar 1 2014,FC Augsburg,Hannover 96,1,1,Bundesliga,2013-14
Sun Mar 2 2014,Eintracht Frankfurt,VfB Stuttgart,2,1,Bundesliga,2013-14
Sun Mar 2 2014,TSG 1899 Hoffenheim,VfL Wolfsburg,6,2,Bundesliga,2013-14
Sat Mar 8 2014,Hannover 96,Bayer 04 Leverkusen,1,1,Bundesliga,2013-14
Sat Mar 8 2014,FC Schalke 04,TSG 1899 Hoffenheim,4,0,Bundesliga,2013-14
Sat Mar 8 2014,VfL Wolfsburg,Bayern München,1,6,Bundesliga,2013-14
Sat Mar 8 2014,VfB Stuttgart,Eintracht Braunschweig,2,2,Bundesliga,2013-14
Sat Mar 8 2014,Hamburger SV,Eintracht Frankfurt,1,1,Bundesliga,2013-14
Sat Mar 8 2014,Bor. Mönchengladbach,FC Augsburg,1,2,Bundesliga,2013-14
Sat Mar 8 2014,1. FC Nürnberg,Werder Bremen,0,2,Bundesliga,2013-14
Sun Mar 9 2014,SC Freiburg,Borussia Dortmund,0,1,Bundesliga,2013-14
Sun Mar 9 2014,1. FSV Mainz 05,Hertha BSC,1,1,Bundesliga,2013-14
Fri Mar 14 2014,FC Augsburg,FC Schalke 04,1,2,Bundesliga,2013-14
Sat Mar 15 2014,Bayern München,Bayer 04 Leverkusen,2,1,Bundesliga,2013-14
Sat Mar 15 2014,Werder Bremen,VfB Stuttgart,1,1,Bundesliga,2013-14
Sat Mar 15 2014,Eintracht Braunschweig,VfL Wolfsburg,1,1,Bundesliga,2013-14
Sat Mar 15 2014,Hertha BSC,Hannover 96,0,3,Bundesliga,2013-14
Sat Mar 15 2014,Borussia Dortmund,Bor. Mönchengladbach,1,2,Bundesliga,2013-14
Sat Mar 15 2014,TSG 1899 Hoffenheim,1. FSV Mainz 05,2,4,Bundesliga,2013-14
Sun Mar 16 2014,Eintracht Frankfurt,SC Freiburg,1,4,Bundesliga,2013-14
Sun Mar 16 2014,Hamburger SV,1. FC Nürnberg,2,1,Bundesliga,2013-14
Fri Mar 21 2014,SC Freiburg,Werder Bremen,3,1,Bundesliga,2013-14
Sat Mar 22 2014,1. FSV Mainz 05,Bayern München,0,2,Bundesliga,2013-14
Sat Mar 22 2014,Bor. Mönchengladbach,Hertha BSC,3,0,Bundesliga,2013-14
Sat Mar 22 2014,Hannover 96,Borussia Dortmund,0,3,Bundesliga,2013-14
Sat Mar 22 2014,FC Schalke 04,Eintracht Braunschweig,3,1,Bundesliga,2013-14
Sat Mar 22 2014,VfL Wolfsburg,FC Augsburg,1,1,Bundesliga,2013-14
Sat Mar 22 2014,VfB Stuttgart,Hamburger SV,1,0,Bundesliga,2013-14
Sun Mar 23 2014,1. FC Nürnberg,Eintracht Frankfurt,2,5,Bundesliga,2013-14
Sun Mar 23 2014,Bayer 04 Leverkusen,TSG 1899 Hoffenheim,2,3,Bundesliga,2013-14
Tue Mar 25 2014,Borussia Dortmund,FC Schalke 04,0,0,Bundesliga,2013-14
Tue Mar 25 2014,Hertha BSC,Bayern München,1,3,Bundesliga,2013-14
Tue Mar 25 2014,Werder Bremen,VfL Wolfsburg,1,3,Bundesliga,2013-14
Tue Mar 25 2014,Eintracht Braunschweig,1. FSV Mainz 05,3,1,Bundesliga,2013-14
Wed Mar 26 2014,Eintracht Frankfurt,Bor. Mönchengladbach,1,0,Bundesliga,2013-14
Wed Mar 26 2014,TSG 1899 Hoffenheim,Hannover 96,3,1,Bundesliga,2013-14
Wed Mar 26 2014,1. FC Nürnberg,VfB Stuttgart,2,0,Bundesliga,2013-14
Wed Mar 26 2014,Hamburger SV,SC Freiburg,1,1,Bundesliga,2013-14
Wed Mar 26 2014,FC Augsburg,Bayer 04 Leverkusen,1,3,Bundesliga,2013-14
Fri Mar 28 2014,FC Schalke 04,Hertha BSC,2,0,Bundesliga,2013-14
Sat Mar 29 2014,1. FSV Mainz 05,FC Augsburg,3,0,Bundesliga,2013-14
Sat Mar 29 2014,Bayer 04 Leverkusen,Eintracht Braunschweig,1,1,Bundesliga,2013-14
Sat Mar 29 2014,SC Freiburg,1. FC Nürnberg,3,2,Bundesliga,2013-14
Sat Mar 29 2014,VfL Wolfsburg,Eintracht Frankfurt,2,1,Bundesliga,2013-14
Sat Mar 29 2014,Bayern München,TSG 1899 Hoffenheim,3,3,Bundesliga,2013-14
Sat Mar 29 2014,VfB Stuttgart,Borussia Dortmund,2,3,Bundesliga,2013-14
Sun Mar 30 2014,Bor. Mönchengladbach,Hamburger SV,3,1,Bundesliga,2013-14
Sun Mar 30 2014,Hannover 96,Werder Bremen,1,2,Bundesliga,2013-14
Fri Apr 4 2014,Hamburger SV,Bayer 04 Leverkusen,2,1,Bundesliga,2013-14
Sat Apr 5 2014,FC Augsburg,Bayern München,1,0,Bundesliga,2013-14
Sat Apr 5 2014,Borussia Dortmund,VfL Wolfsburg,2,1,Bundesliga,2013-14
Sat Apr 5 2014,1. FC Nürnberg,Bor. Mönchengladbach,0,2,Bundesliga,2013-14
Sat Apr 5 2014,Eintracht Frankfurt,1. FSV Mainz 05,2,0,Bundesliga,2013-14
Sat Apr 5 2014,Werder Bremen,FC Schalke 04,1,1,Bundesliga,2013-14
Sat Apr 5 2014,VfB Stuttgart,SC Freiburg,2,0,Bundesliga,2013-14
Sun Apr 6 2014,Eintracht Braunschweig,Hannover 96,3,0,Bundesliga,2013-14
Sun Apr 6 2014,Hertha BSC,TSG 1899 Hoffenheim,1,1,Bundesliga,2013-14
Fri Apr 11 2014,FC Schalke 04,Eintracht Frankfurt,2,0,Bundesliga,2013-14
Sat Apr 12 2014,VfL Wolfsburg,1. FC Nürnberg,4,1,Bundesliga,2013-14
Sat Apr 12 2014,1. FSV Mainz 05,Werder Bremen,3,0,Bundesliga,2013-14
Sat Apr 12 2014,Bayern München,Borussia Dortmund,0,3,Bundesliga,2013-14
Sat Apr 12 2014,Hannover 96,Hamburger SV,2,1,Bundesliga,2013-14
Sat Apr 12 2014,SC Freiburg,Eintracht Braunschweig,2,0,Bundesliga,2013-14
Sat Apr 12 2014,Bor. Mönchengladbach,VfB Stuttgart,1,1,Bundesliga,2013-14
Sun Apr 13 2014,TSG 1899 Hoffenheim,FC Augsburg,2,0,Bundesliga,2013-14
Sun Apr 13 2014,Bayer 04 Leverkusen,Hertha BSC,2,1,Bundesliga,2013-14
Thu Apr 17 2014,Eintracht Frankfurt,Hannover 96,2,3,Bundesliga,2013-14
Sat Apr 19 2014,FC Augsburg,Hertha BSC,0,0,Bundesliga,2013-14
Sat Apr 19 2014,Eintracht Braunschweig,Bayern München,0,2,Bundesliga,2013-14
Sat Apr 19 2014,Borussia Dortmund,1. FSV Mainz 05,4,2,Bundesliga,2013-14
Sat Apr 19 2014,Werder Bremen,TSG 1899 Hoffenheim,3,1,Bundesliga,2013-14
Sat Apr 19 2014,Hamburger SV,VfL Wolfsburg,1,3,Bundesliga,2013-14
Sat Apr 19 2014,SC Freiburg,Bor. Mönchengladbach,4,2,Bundesliga,2013-14
Sun Apr 20 2014,1. FC Nürnberg,Bayer 04 Leverkusen,1,4,Bundesliga,2013-14
Sun Apr 20 2014,VfB Stuttgart,FC Schalke 04,3,1,Bundesliga,2013-14
Fri Apr 25 2014,Hannover 96,VfB Stuttgart,0,0,Bundesliga,2013-14
Sat Apr 26 2014,Hertha BSC,Eintracht Braunschweig,2,0,Bundesliga,2013-14
Sat Apr 26 2014,VfL Wolfsburg,SC Freiburg,2,2,Bundesliga,2013-14
Sat Apr 26 2014,Bayer 04 Leverkusen,Borussia Dortmund,2,2,Bundesliga,2013-14
Sat Apr 26 2014,1. FSV Mainz 05,1. FC Nürnberg,2,0,Bundesliga,2013-14
Sat Apr 26 2014,TSG 1899 Hoffenheim,Eintracht Frankfurt,0,0,Bundesliga,2013-14
Sat Apr 26 2014,Bayern München,Werder Bremen,5,2,Bundesliga,2013-14
Sun Apr 27 2014,FC Augsburg,Hamburger SV,3,1,Bundesliga,2013-14
Sun Apr 27 2014,FC Schalke 04,Bor. Mönchengladbach,0,1,Bundesliga,2013-14
Sat May 3 2014,Eintracht Frankfurt,Bayer 04 Leverkusen,0,2,Bundesliga,2013-14
Sat May 3 2014,Hamburger SV,Bayern München,1,4,Bundesliga,2013-14
Sat May 3 2014,Werder Bremen,Hertha BSC,2,0,Bundesliga,2013-14
Sat May 3 2014,Bor. Mönchengladbach,1. FSV Mainz 05,3,1,Bundesliga,2013-14
Sat May 3 2014,SC Freiburg,FC Schalke 04,0,2,Bundesliga,2013-14
Sat May 3 2014,1. FC Nürnberg,Hannover 96,0,2,Bundesliga,2013-14
Sat May 3 2014,Eintracht Braunschweig,FC Augsburg,0,1,Bundesliga,2013-14
Sat May 3 2014,VfB Stuttgart,VfL Wolfsburg,1,2,Bundesliga,2013-14
Sat May 3 2014,Borussia Dortmund,TSG 1899 Hoffenheim,3,2,Bundesliga,2013-14
Sat May 10 2014,Bayer 04 Leverkusen,Werder Bremen,2,1,Bundesliga,2013-14
Sat May 10 2014,Hertha BSC,Borussia Dortmund,0,4,Bundesliga,2013-14
Sat May 10 2014,Bayern München,VfB Stuttgart,1,0,Bundesliga,2013-14
Sat May 10 2014,FC Schalke 04,1. FC Nürnberg,4,1,Bundesliga,2013-14
Sat May 10 2014,Hannover 96,SC Freiburg,3,2,Bundesliga,2013-14
Sat May 10 2014,FC Augsburg,Eintracht Frankfurt,2,1,Bundesliga,2013-14
Sat May 10 2014,VfL Wolfsburg,Bor. Mönchengladbach,3,1,Bundesliga,2013-14
Sat May 10 2014,1. FSV Mainz 05,Hamburger SV,3,2,Bundesliga,2013-14
Sat May 10 2014,TSG 1899 Hoffenheim,Eintracht Braunschweig,3,1,Bundesliga,2013-14
Fri Aug 22 2014,Bayern München,VfL Wolfsburg,2,1,Bundesliga,2014-15
Sat Aug 23 2014,1. FC Köln,Hamburger SV,0,0,Bundesliga,2014-15
Sat Aug 23 2014,TSG 1899 Hoffenheim,FC Augsburg,2,0,Bundesliga,2014-15
Sat Aug 23 2014,Hertha BSC,Werder Bremen,2,2,Bundesliga,2014-15
Sat Aug 23 2014,Hannover 96,FC Schalke 04,2,1,Bundesliga,2014-15
Sat Aug 23 2014,Eintracht Frankfurt,SC Freiburg,1,0,Bundesliga,2014-15
Sat Aug 23 2014,Borussia Dortmund,Bayer 04 Leverkusen,0,2,Bundesliga,2014-15
Sun Aug 24 2014,SC Paderborn 07,1. FSV Mainz 05,2,2,Bundesliga,2014-15
Sun Aug 24 2014,Bor. Mönchengladbach,VfB Stuttgart,1,1,Bundesliga,2014-15
Fri Aug 29 2014,FC Augsburg,Borussia Dortmund,2,3,Bundesliga,2014-15
Sat Aug 30 2014,Bayer 04 Leverkusen,Hertha BSC,4,2,Bundesliga,2014-15
Sat Aug 30 2014,Hamburger SV,SC Paderborn 07,0,3,Bundesliga,2014-15
Sat Aug 30 2014,VfB Stuttgart,1. FC Köln,0,2,Bundesliga,2014-15
Sat Aug 30 2014,VfL Wolfsburg,Eintracht Frankfurt,2,2,Bundesliga,2014-15
Sat Aug 30 2014,Werder Bremen,TSG 1899 Hoffenheim,1,1,Bundesliga,2014-15
Sat Aug 30 2014,FC Schalke 04,Bayern München,1,1,Bundesliga,2014-15
Sun Aug 31 2014,1. FSV Mainz 05,Hannover 96,0,0,Bundesliga,2014-15
Sun Aug 31 2014,SC Freiburg,Bor. Mönchengladbach,0,0,Bundesliga,2014-15
Fri Sep 12 2014,Bayer 04 Leverkusen,Werder Bremen,3,3,Bundesliga,2014-15
Sat Sep 13 2014,Borussia Dortmund,SC Freiburg,3,1,Bundesliga,2014-15
Sat Sep 13 2014,TSG 1899 Hoffenheim,VfL Wolfsburg,1,1,Bundesliga,2014-15
Sat Sep 13 2014,SC Paderborn 07,1. FC Köln,0,0,Bundesliga,2014-15
Sat Sep 13 2014,Hertha BSC,1. FSV Mainz 05,1,3,Bundesliga,2014-15
Sat Sep 13 2014,Bayern München,VfB Stuttgart,2,0,Bundesliga,2014-15
Sat Sep 13 2014,Bor. Mönchengladbach,FC Schalke 04,4,1,Bundesliga,2014-15
Sun Sep 14 2014,Eintracht Frankfurt,FC Augsburg,0,1,Bundesliga,2014-15
Sun Sep 14 2014,Hannover 96,Hamburger SV,2,0,Bundesliga,2014-15
Fri Sep 19 2014,SC Freiburg,Hertha BSC,2,2,Bundesliga,2014-15
Sat Sep 20 2014,VfB Stuttgart,TSG 1899 Hoffenheim,0,2,Bundesliga,2014-15
Sat Sep 20 2014,SC Paderborn 07,Hannover 96,2,0,Bundesliga,2014-15
Sat Sep 20 2014,FC Schalke 04,Eintracht Frankfurt,2,2,Bundesliga,2014-15
Sat Sep 20 2014,FC Augsburg,Werder Bremen,4,2,Bundesliga,2014-15
Sat Sep 20 2014,Hamburger SV,Bayern München,0,0,Bundesliga,2014-15
Sat Sep 20 2014,1. FSV Mainz 05,Borussia Dortmund,2,0,Bundesliga,2014-15
Sun Sep 21 2014,VfL Wolfsburg,Bayer 04 Leverkusen,4,1,Bundesliga,2014-15
Sun Sep 21 2014,1. FC Köln,Bor. Mönchengladbach,0,0,Bundesliga,2014-15
Tue Sep 23 2014,Bayern München,SC Paderborn 07,4,0,Bundesliga,2014-15
Tue Sep 23 2014,TSG 1899 Hoffenheim,SC Freiburg,3,3,Bundesliga,2014-15
Tue Sep 23 2014,Eintracht Frankfurt,1. FSV Mainz 05,2,2,Bundesliga,2014-15
Tue Sep 23 2014,Werder Bremen,FC Schalke 04,0,3,Bundesliga,2014-15
Wed Sep 24 2014,Hannover 96,1. FC Köln,1,0,Bundesliga,2014-15
Wed Sep 24 2014,Borussia Dortmund,VfB Stuttgart,2,2,Bundesliga,2014-15
Wed Sep 24 2014,Bayer 04 Leverkusen,FC Augsburg,1,0,Bundesliga,2014-15
Wed Sep 24 2014,Bor. Mönchengladbach,Hamburger SV,1,0,Bundesliga,2014-15
Wed Sep 24 2014,Hertha BSC,VfL Wolfsburg,1,0,Bundesliga,2014-15
Fri Sep 26 2014,1. FSV Mainz 05,TSG 1899 Hoffenheim,0,0,Bundesliga,2014-15
Sat Sep 27 2014,SC Freiburg,Bayer 04 Leverkusen,0,0,Bundesliga,2014-15
Sat Sep 27 2014,VfB Stuttgart,Hannover 96,1,0,Bundesliga,2014-15
Sat Sep 27 2014,FC Schalke 04,Borussia Dortmund,2,1,Bundesliga,2014-15
Sat Sep 27 2014,1. FC Köln,Bayern München,0,2,Bundesliga,2014-15
Sat Sep 27 2014,SC Paderborn 07,Bor. Mönchengladbach,1,2,Bundesliga,2014-15
Sat Sep 27 2014,VfL Wolfsburg,Werder Bremen,2,1,Bundesliga,2014-15
Sun Sep 28 2014,FC Augsburg,Hertha BSC,1,0,Bundesliga,2014-15
Sun Sep 28 2014,Hamburger SV,Eintracht Frankfurt,1,2,Bundesliga,2014-15
Fri Oct 3 2014,Hertha BSC,VfB Stuttgart,3,2,Bundesliga,2014-15
Sat Oct 4 2014,Bayern München,Hannover 96,4,0,Bundesliga,2014-15
Sat Oct 4 2014,Werder Bremen,SC Freiburg,1,1,Bundesliga,2014-15
Sat Oct 4 2014,TSG 1899 Hoffenheim,FC Schalke 04,2,1,Bundesliga,2014-15
Sat Oct 4 2014,Bayer 04 Leverkusen,SC Paderborn 07,2,2,Bundesliga,2014-15
Sat Oct 4 2014,Borussia Dortmund,Hamburger SV,0,1,Bundesliga,2014-15
Sat Oct 4 2014,Eintracht Frankfurt,1. FC Köln,3,2,Bundesliga,2014-15
Sun Oct 5 2014,VfL Wolfsburg,FC Augsburg,1,0,Bundesliga,2014-15
Sun Oct 5 2014,Bor. Mönchengladbach,1. FSV Mainz 05,1,1,Bundesliga,2014-15
Sat Oct 18 2014,1. FC Köln,Borussia Dortmund,2,1,Bundesliga,2014-15
Sat Oct 18 2014,VfB Stuttgart,Bayer 04 Leverkusen,3,3,Bundesliga,2014-15
Sat Oct 18 2014,Bayern München,Werder Bremen,6,0,Bundesliga,2014-15
Sat Oct 18 2014,1. FSV Mainz 05,FC Augsburg,2,1,Bundesliga,2014-15
Sat Oct 18 2014,SC Freiburg,VfL Wolfsburg,1,2,Bundesliga,2014-15
Sat Oct 18 2014,Hannover 96,Bor. Mönchengladbach,0,3,Bundesliga,2014-15
Sat Oct 18 2014,FC Schalke 04,Hertha BSC,2,0,Bundesliga,2014-15
Sun Oct 19 2014,Hamburger SV,TSG 1899 Hoffenheim,1,1,Bundesliga,2014-15
Sun Oct 19 2014,SC Paderborn 07,Eintracht Frankfurt,3,1,Bundesliga,2014-15
Fri Oct 24 2014,Werder Bremen,1. FC Köln,0,1,Bundesliga,2014-15
Sat Oct 25 2014,Hertha BSC,Hamburger SV,3,0,Bundesliga,2014-15
Sat Oct 25 2014,FC Augsburg,SC Freiburg,2,0,Bundesliga,2014-15
Sat Oct 25 2014,Borussia Dortmund,Hannover 96,0,1,Bundesliga,2014-15
Sat Oct 25 2014,TSG 1899 Hoffenheim,SC Paderborn 07,1,0,Bundesliga,2014-15
Sat Oct 25 2014,Eintracht Frankfurt,VfB Stuttgart,4,5,Bundesliga,2014-15
Sat Oct 25 2014,Bayer 04 Leverkusen,FC Schalke 04,1,0,Bundesliga,2014-15
Sun Oct 26 2014,VfL Wolfsburg,1. FSV Mainz 05,3,0,Bundesliga,2014-15
Sun Oct 26 2014,Bor. Mönchengladbach,Bayern München,0,0,Bundesliga,2014-15
Fri Oct 31 2014,FC Schalke 04,FC Augsburg,1,0,Bundesliga,2014-15
Sat Nov 1 2014,Hannover 96,Eintracht Frankfurt,1,0,Bundesliga,2014-15
Sat Nov 1 2014,1. FSV Mainz 05,Werder Bremen,1,2,Bundesliga,2014-15
Sat Nov 1 2014,VfB Stuttgart,VfL Wolfsburg,0,4,Bundesliga,2014-15
Sat Nov 1 2014,Hamburger SV,Bayer 04 Leverkusen,1,0,Bundesliga,2014-15
Sat Nov 1 2014,Bayern München,Borussia Dortmund,2,1,Bundesliga,2014-15
Sun Nov 2 2014,Bor. Mönchengladbach,TSG 1899 Hoffenheim,3,1,Bundesliga,2014-15
Sun Nov 2 2014,SC Paderborn 07,Hertha BSC,3,1,Bundesliga,2014-15
Sun Nov 2 2014,1. FC Köln,SC Freiburg,0,1,Bundesliga,2014-15
Fri Nov 7 2014,Hertha BSC,Hannover 96,0,2,Bundesliga,2014-15
Sat Nov 8 2014,TSG 1899 Hoffenheim,1. FC Köln,3,4,Bundesliga,2014-15
Sat Nov 8 2014,Eintracht Frankfurt,Bayern München,0,4,Bundesliga,2014-15
Sat Nov 8 2014,SC Freiburg,FC Schalke 04,2,0,Bundesliga,2014-15
Sat Nov 8 2014,FC Augsburg,SC Paderborn 07,3,0,Bundesliga,2014-15
Sat Nov 8 2014,Bayer 04 Leverkusen,1. FSV Mainz 05,0,0,Bundesliga,2014-15
Sat Nov 8 2014,Werder Bremen,VfB Stuttgart,2,0,Bundesliga,2014-15
Sun Nov 9 2014,VfL Wolfsburg,Hamburger SV,2,0,Bundesliga,2014-15
Sun Nov 9 2014,Borussia Dortmund,Bor. Mönchengladbach,1,0,Bundesliga,2014-15
Sat Nov 22 2014,SC Paderborn 07,Borussia Dortmund,2,2,Bundesliga,2014-15
Sat Nov 22 2014,Hannover 96,Bayer 04 Leverkusen,1,3,Bundesliga,2014-15
Sat Nov 22 2014,1. FSV Mainz 05,SC Freiburg,2,2,Bundesliga,2014-15
Sat Nov 22 2014,Bayern München,TSG 1899 Hoffenheim,4,0,Bundesliga,2014-15
Sat Nov 22 2014,Bor. Mönchengladbach,Eintracht Frankfurt,1,3,Bundesliga,2014-15
Sat Nov 22 2014,FC Schalke 04,VfL Wolfsburg,3,2,Bundesliga,2014-15
Sat Nov 22 2014,1. FC Köln,Hertha BSC,1,2,Bundesliga,2014-15
Sun Nov 23 2014,Hamburger SV,Werder Bremen,2,0,Bundesliga,2014-15
Sun Nov 23 2014,VfB Stuttgart,FC Augsburg,0,1,Bundesliga,2014-15
Fri Nov 28 2014,SC Freiburg,VfB Stuttgart,1,4,Bundesliga,2014-15
Sat Nov 29 2014,Hertha BSC,Bayern München,0,1,Bundesliga,2014-15
Sat Nov 29 2014,FC Augsburg,Hamburger SV,3,1,Bundesliga,2014-15
Sat Nov 29 2014,Werder Bremen,SC Paderborn 07,4,0,Bundesliga,2014-15
Sat Nov 29 2014,Bayer 04 Leverkusen,1. FC Köln,5,1,Bundesliga,2014-15
Sat Nov 29 2014,FC Schalke 04,1. FSV Mainz 05,4,1,Bundesliga,2014-15
Sat Nov 29 2014,TSG 1899 Hoffenheim,Hannover 96,4,3,Bundesliga,2014-15
Sun Nov 30 2014,VfL Wolfsburg,Bor. Mönchengladbach,1,0,Bundesliga,2014-15
Sun Nov 30 2014,Eintracht Frankfurt,Borussia Dortmund,2,0,Bundesliga,2014-15
Fri Dec 5 2014,Borussia Dortmund,TSG 1899 Hoffenheim,1,0,Bundesliga,2014-15
Sat Dec 6 2014,SC Paderborn 07,SC Freiburg,1,1,Bundesliga,2014-15
Sat Dec 6 2014,Hannover 96,VfL Wolfsburg,1,3,Bundesliga,2014-15
Sat Dec 6 2014,VfB Stuttgart,FC Schalke 04,0,4,Bundesliga,2014-15
Sat Dec 6 2014,1. FC Köln,FC Augsburg,1,2,Bundesliga,2014-15
Sat Dec 6 2014,Bor. Mönchengladbach,Hertha BSC,3,2,Bundesliga,2014-15
Sat Dec 6 2014,Bayern München,Bayer 04 Leverkusen,1,0,Bundesliga,2014-15
Sun Dec 7 2014,Hamburger SV,1. FSV Mainz 05,2,1,Bundesliga,2014-15
Sun Dec 7 2014,Eintracht Frankfurt,Werder Bremen,5,2,Bundesliga,2014-15
Fri Dec 12 2014,TSG 1899 Hoffenheim,Eintracht Frankfurt,3,2,Bundesliga,2014-15
Sat Dec 13 2014,FC Augsburg,Bayern München,0,4,Bundesliga,2014-15
Sat Dec 13 2014,Werder Bremen,Hannover 96,3,3,Bundesliga,2014-15
Sat Dec 13 2014,SC Freiburg,Hamburger SV,0,0,Bundesliga,2014-15
Sat Dec 13 2014,Hertha BSC,Borussia Dortmund,1,0,Bundesliga,2014-15
Sat Dec 13 2014,FC Schalke 04,1. FC Köln,1,2,Bundesliga,2014-15
Sat Dec 13 2014,1. FSV Mainz 05,VfB Stuttgart,1,1,Bundesliga,2014-15
Sun Dec 14 2014,Bayer 04 Leverkusen,Bor. Mönchengladbach,1,1,Bundesliga,2014-15
Sun Dec 14 2014,VfL Wolfsburg,SC Paderborn 07,1,1,Bundesliga,2014-15
Tue Dec 16 2014,Hamburger SV,VfB Stuttgart,0,1,Bundesliga,2014-15
Tue Dec 16 2014,Bayern München,SC Freiburg,2,0,Bundesliga,2014-15
Tue Dec 16 2014,1. FC Köln,1. FSV Mainz 05,0,0,Bundesliga,2014-15
Tue Dec 16 2014,Hannover 96,FC Augsburg,2,0,Bundesliga,2014-15
Wed Dec 17 2014,Bor. Mönchengladbach,Werder Bremen,4,1,Bundesliga,2014-15
Wed Dec 17 2014,Eintracht Frankfurt,Hertha BSC,4,4,Bundesliga,2014-15
Wed Dec 17 2014,Borussia Dortmund,VfL Wolfsburg,2,2,Bundesliga,2014-15
Wed Dec 17 2014,SC Paderborn 07,FC Schalke 04,1,2,Bundesliga,2014-15
Wed Dec 17 2014,TSG 1899 Hoffenheim,Bayer 04 Leverkusen,0,1,Bundesliga,2014-15
Fri Dec 19 2014,1. FSV Mainz 05,Bayern München,1,2,Bundesliga,2014-15
Sat Dec 20 2014,Werder Bremen,Borussia Dortmund,2,1,Bundesliga,2014-15
Sat Dec 20 2014,Bayer 04 Leverkusen,Eintracht Frankfurt,1,1,Bundesliga,2014-15
Sat Dec 20 2014,VfB Stuttgart,SC Paderborn 07,0,0,Bundesliga,2014-15
Sat Dec 20 2014,FC Schalke 04,Hamburger SV,0,0,Bundesliga,2014-15
Sat Dec 20 2014,FC Augsburg,Bor. Mönchengladbach,2,1,Bundesliga,2014-15
Sat Dec 20 2014,VfL Wolfsburg,1. FC Köln,2,1,Bundesliga,2014-15
Sun Dec 21 2014,Hertha BSC,TSG 1899 Hoffenheim,0,5,Bundesliga,2014-15
Sun Dec 21 2014,SC Freiburg,Hannover 96,2,2,Bundesliga,2014-15
Fri Jan 30 2015,VfL Wolfsburg,Bayern München,4,1,Bundesliga,2014-15
Sat Jan 31 2015,1. FSV Mainz 05,SC Paderborn 07,5,0,Bundesliga,2014-15
Sat Jan 31 2015,FC Schalke 04,Hannover 96,1,0,Bundesliga,2014-15
Sat Jan 31 2015,VfB Stuttgart,Bor. Mönchengladbach,0,1,Bundesliga,2014-15
Sat Jan 31 2015,Hamburger SV,1. FC Köln,0,2,Bundesliga,2014-15
Sat Jan 31 2015,SC Freiburg,Eintracht Frankfurt,4,1,Bundesliga,2014-15
Sat Jan 31 2015,Bayer 04 Leverkusen,Borussia Dortmund,0,0,Bundesliga,2014-15
Sun Feb 1 2015,Werder Bremen,Hertha BSC,2,0,Bundesliga,2014-15
Sun Feb 1 2015,FC Augsburg,TSG 1899 Hoffenheim,3,1,Bundesliga,2014-15
Tue Feb 3 2015,Hannover 96,1. FSV Mainz 05,1,1,Bundesliga,2014-15
Tue Feb 3 2015,Bayern München,FC Schalke 04,1,1,Bundesliga,2014-15
Tue Feb 3 2015,Eintracht Frankfurt,VfL Wolfsburg,1,1,Bundesliga,2014-15
Tue Feb 3 2015,Bor. Mönchengladbach,SC Freiburg,1,0,Bundesliga,2014-15
Wed Feb 4 2015,Hertha BSC,Bayer 04 Leverkusen,0,1,Bundesliga,2014-15
Wed Feb 4 2015,Borussia Dortmund,FC Augsburg,0,1,Bundesliga,2014-15
Wed Feb 4 2015,TSG 1899 Hoffenheim,Werder Bremen,1,2,Bundesliga,2014-15
Wed Feb 4 2015,1. FC Köln,VfB Stuttgart,0,0,Bundesliga,2014-15
Wed Feb 4 2015,SC Paderborn 07,Hamburger SV,0,3,Bundesliga,2014-15
Fri Feb 6 2015,FC Schalke 04,Bor. Mönchengladbach,1,0,Bundesliga,2014-15
Sat Feb 7 2015,VfL Wolfsburg,TSG 1899 Hoffenheim,3,0,Bundesliga,2014-15
Sat Feb 7 2015,1. FC Köln,SC Paderborn 07,0,0,Bundesliga,2014-15
Sat Feb 7 2015,VfB Stuttgart,Bayern München,0,2,Bundesliga,2014-15
Sat Feb 7 2015,1. FSV Mainz 05,Hertha BSC,0,2,Bundesliga,2014-15
Sat Feb 7 2015,SC Freiburg,Borussia Dortmund,0,3,Bundesliga,2014-15
Sat Feb 7 2015,Hamburger SV,Hannover 96,2,1,Bundesliga,2014-15
Sun Feb 8 2015,Werder Bremen,Bayer 04 Leverkusen,2,1,Bundesliga,2014-15
Sun Feb 8 2015,FC Augsburg,Eintracht Frankfurt,2,2,Bundesliga,2014-15
Fri Feb 13 2015,Borussia Dortmund,1. FSV Mainz 05,4,2,Bundesliga,2014-15
Sat Feb 14 2015,Bor. Mönchengladbach,1. FC Köln,1,0,Bundesliga,2014-15
Sat Feb 14 2015,TSG 1899 Hoffenheim,VfB Stuttgart,2,1,Bundesliga,2014-15
Sat Feb 14 2015,Werder Bremen,FC Augsburg,3,2,Bundesliga,2014-15
Sat Feb 14 2015,Bayern München,Hamburger SV,8,0,Bundesliga,2014-15
Sat Feb 14 2015,Bayer 04 Leverkusen,VfL Wolfsburg,4,5,Bundesliga,2014-15
Sat Feb 14 2015,Eintracht Frankfurt,FC Schalke 04,1,0,Bundesliga,2014-15
Sun Feb 15 2015,Hertha BSC,SC Freiburg,0,2,Bundesliga,2014-15
Sun Feb 15 2015,Hannover 96,SC Paderborn 07,1,2,Bundesliga,2014-15
Fri Feb 20 2015,VfB Stuttgart,Borussia Dortmund,2,3,Bundesliga,2014-15
Sat Feb 21 2015,FC Augsburg,Bayer 04 Leverkusen,2,2,Bundesliga,2014-15
Sat Feb 21 2015,SC Paderborn 07,Bayern München,0,6,Bundesliga,2014-15
Sat Feb 21 2015,FC Schalke 04,Werder Bremen,1,1,Bundesliga,2014-15
Sat Feb 21 2015,SC Freiburg,TSG 1899 Hoffenheim,1,1,Bundesliga,2014-15
Sat Feb 21 2015,1. FSV Mainz 05,Eintracht Frankfurt,3,1,Bundesliga,2014-15
Sat Feb 21 2015,1. FC Köln,Hannover 96,1,1,Bundesliga,2014-15
Sun Feb 22 2015,Hamburger SV,Bor. Mönchengladbach,1,1,Bundesliga,2014-15
Sun Feb 22 2015,VfL Wolfsburg,Hertha BSC,2,1,Bundesliga,2014-15
Fri Feb 27 2015,Bayern München,1. FC Köln,4,1,Bundesliga,2014-15
Sat Feb 28 2015,TSG 1899 Hoffenheim,1. FSV Mainz 05,2,0,Bundesliga,2014-15
Sat Feb 28 2015,Hertha BSC,FC Augsburg,1,0,Bundesliga,2014-15
Sat Feb 28 2015,Hannover 96,VfB Stuttgart,1,1,Bundesliga,2014-15
Sat Feb 28 2015,Borussia Dortmund,FC Schalke 04,3,0,Bundesliga,2014-15
Sat Feb 28 2015,Bayer 04 Leverkusen,SC Freiburg,1,0,Bundesliga,2014-15
Sat Feb 28 2015,Eintracht Frankfurt,Hamburger SV,2,1,Bundesliga,2014-15
Sun Mar 1 2015,Bor. Mönchengladbach,SC Paderborn 07,2,0,Bundesliga,2014-15
Sun Mar 1 2015,Werder Bremen,VfL Wolfsburg,3,5,Bundesliga,2014-15
Fri Mar 6 2015,VfB Stuttgart,Hertha BSC,0,0,Bundesliga,2014-15
Sat Mar 7 2015,FC Schalke 04,TSG 1899 Hoffenheim,3,1,Bundesliga,2014-15
Sat Mar 7 2015,Hannover 96,Bayern München,1,3,Bundesliga,2014-15
Sat Mar 7 2015,SC Freiburg,Werder Bremen,0,1,Bundesliga,2014-15
Sat Mar 7 2015,FC Augsburg,VfL Wolfsburg,1,0,Bundesliga,2014-15
Sat Mar 7 2015,Hamburger SV,Borussia Dortmund,0,0,Bundesliga,2014-15
Sat Mar 7 2015,1. FSV Mainz 05,Bor. Mönchengladbach,2,2,Bundesliga,2014-15
Sun Mar 8 2015,1. FC Köln,Eintracht Frankfurt,4,2,Bundesliga,2014-15
Sun Mar 8 2015,SC Paderborn 07,Bayer 04 Leverkusen,0,3,Bundesliga,2014-15
Fri Mar 13 2015,Bayer 04 Leverkusen,VfB Stuttgart,4,0,Bundesliga,2014-15
Sat Mar 14 2015,TSG 1899 Hoffenheim,Hamburger SV,3,0,Bundesliga,2014-15
Sat Mar 14 2015,Eintracht Frankfurt,SC Paderborn 07,4,0,Bundesliga,2014-15
Sat Mar 14 2015,FC Augsburg,1. FSV Mainz 05,0,2,Bundesliga,2014-15
Sat Mar 14 2015,Hertha BSC,FC Schalke 04,2,2,Bundesliga,2014-15
Sat Mar 14 2015,Werder Bremen,Bayern München,0,4,Bundesliga,2014-15
Sat Mar 14 2015,Borussia Dortmund,1. FC Köln,0,0,Bundesliga,2014-15
Sun Mar 15 2015,VfL Wolfsburg,SC Freiburg,3,0,Bundesliga,2014-15
Sun Mar 15 2015,Bor. Mönchengladbach,Hannover 96,2,0,Bundesliga,2014-15
Fri Mar 20 2015,Hamburger SV,Hertha BSC,0,1,Bundesliga,2014-15
Sat Mar 21 2015,1. FC Köln,Werder Bremen,1,1,Bundesliga,2014-15
Sat Mar 21 2015,SC Paderborn 07,TSG 1899 Hoffenheim,0,0,Bundesliga,2014-15
Sat Mar 21 2015,VfB Stuttgart,Eintracht Frankfurt,3,1,Bundesliga,2014-15
Sat Mar 21 2015,SC Freiburg,FC Augsburg,2,0,Bundesliga,2014-15
Sat Mar 21 2015,Hannover 96,Borussia Dortmund,2,3,Bundesliga,2014-15
Sat Mar 21 2015,FC Schalke 04,Bayer 04 Leverkusen,0,1,Bundesliga,2014-15
Sun Mar 22 2015,1. FSV Mainz 05,VfL Wolfsburg,1,1,Bundesliga,2014-15
Sun Mar 22 2015,Bayern München,Bor. Mönchengladbach,0,2,Bundesliga,2014-15
Sat Apr 4 2015,Bayer 04 Leverkusen,Hamburger SV,4,0,Bundesliga,2014-15
Sat Apr 4 2015,SC Freiburg,1. FC Köln,1,0,Bundesliga,2014-15
Sat Apr 4 2015,Werder Bremen,1. FSV Mainz 05,0,0,Bundesliga,2014-15
Sat Apr 4 2015,VfL Wolfsburg,VfB Stuttgart,3,1,Bundesliga,2014-15
Sat Apr 4 2015,Eintracht Frankfurt,Hannover 96,2,2,Bundesliga,2014-15
Sat Apr 4 2015,TSG 1899 Hoffenheim,Bor. Mönchengladbach,1,4,Bundesliga,2014-15
Sat Apr 4 2015,Borussia Dortmund,Bayern München,0,1,Bundesliga,2014-15
Sun Apr 5 2015,FC Augsburg,FC Schalke 04,0,0,Bundesliga,2014-15
Sun Apr 5 2015,Hertha BSC,SC Paderborn 07,2,0,Bundesliga,2014-15
Fri Apr 10 2015,Hannover 96,Hertha BSC,1,1,Bundesliga,2014-15
Sat Apr 11 2015,SC Paderborn 07,FC Augsburg,2,1,Bundesliga,2014-15
Sat Apr 11 2015,Bor. Mönchengladbach,Borussia Dortmund,3,1,Bundesliga,2014-15
Sat Apr 11 2015,FC Schalke 04,SC Freiburg,0,0,Bundesliga,2014-15
Sat Apr 11 2015,Bayern München,Eintracht Frankfurt,3,0,Bundesliga,2014-15
Sat Apr 11 2015,1. FSV Mainz 05,Bayer 04 Leverkusen,2,3,Bundesliga,2014-15
Sat Apr 11 2015,Hamburger SV,VfL Wolfsburg,0,2,Bundesliga,2014-15
Sun Apr 12 2015,1. FC Köln,TSG 1899 Hoffenheim,3,2,Bundesliga,2014-15
Sun Apr 12 2015,VfB Stuttgart,Werder Bremen,3,2,Bundesliga,2014-15
Fri Apr 17 2015,Eintracht Frankfurt,Bor. Mönchengladbach,0,0,Bundesliga,2014-15
Sat Apr 18 2015,Hertha BSC,1. FC Köln,0,0,Bundesliga,2014-15
Sat Apr 18 2015,TSG 1899 Hoffenheim,Bayern München,0,2,Bundesliga,2014-15
Sat Apr 18 2015,Bayer 04 Leverkusen,Hannover 96,4,0,Bundesliga,2014-15
Sat Apr 18 2015,Borussia Dortmund,SC Paderborn 07,3,0,Bundesliga,2014-15
Sat Apr 18 2015,SC Freiburg,1. FSV Mainz 05,2,3,Bundesliga,2014-15
Sat Apr 18 2015,FC Augsburg,VfB Stuttgart,2,1,Bundesliga,2014-15
Sun Apr 19 2015,Werder Bremen,Hamburger SV,1,0,Bundesliga,2014-15
Sun Apr 19 2015,VfL Wolfsburg,FC Schalke 04,1,1,Bundesliga,2014-15
Fri Apr 24 2015,1. FSV Mainz 05,FC Schalke 04,2,0,Bundesliga,2014-15
Sat Apr 25 2015,1. FC Köln,Bayer 04 Leverkusen,1,1,Bundesliga,2014-15
Sat Apr 25 2015,Hannover 96,TSG 1899 Hoffenheim,1,2,Bundesliga,2014-15
Sat Apr 25 2015,VfB Stuttgart,SC Freiburg,2,2,Bundesliga,2014-15
Sat Apr 25 2015,Borussia Dortmund,Eintracht Frankfurt,2,0,Bundesliga,2014-15
Sat Apr 25 2015,Hamburger SV,FC Augsburg,3,2,Bundesliga,2014-15
Sat Apr 25 2015,Bayern München,Hertha BSC,1,0,Bundesliga,2014-15
Sun Apr 26 2015,SC Paderborn 07,Werder Bremen,2,2,Bundesliga,2014-15
Sun Apr 26 2015,Bor. Mönchengladbach,VfL Wolfsburg,1,0,Bundesliga,2014-15
Sat May 2 2015,FC Augsburg,1. FC Köln,0,0,Bundesliga,2014-15
Sat May 2 2015,VfL Wolfsburg,Hannover 96,2,2,Bundesliga,2014-15
Sat May 2 2015,TSG 1899 Hoffenheim,Borussia Dortmund,1,1,Bundesliga,2014-15
Sat May 2 2015,SC Freiburg,SC Paderborn 07,1,2,Bundesliga,2014-15
Sat May 2 2015,Werder Bremen,Eintracht Frankfurt,1,0,Bundesliga,2014-15
Sat May 2 2015,FC Schalke 04,VfB Stuttgart,3,2,Bundesliga,2014-15
Sat May 2 2015,Bayer 04 Leverkusen,Bayern München,2,0,Bundesliga,2014-15
Sun May 3 2015,1. FSV Mainz 05,Hamburger SV,1,2,Bundesliga,2014-15
Sun May 3 2015,Hertha BSC,Bor. Mönchengladbach,1,2,Bundesliga,2014-15
Fri May 8 2015,Hamburger SV,SC Freiburg,1,1,Bundesliga,2014-15
Sat May 9 2015,Hannover 96,Werder Bremen,1,1,Bundesliga,2014-15
Sat May 9 2015,Bor. Mönchengladbach,Bayer 04 Leverkusen,3,0,Bundesliga,2014-15
Sat May 9 2015,Eintracht Frankfurt,TSG 1899 Hoffenheim,3,1,Bundesliga,2014-15
Sat May 9 2015,Borussia Dortmund,Hertha BSC,2,0,Bundesliga,2014-15
Sat May 9 2015,Bayern München,FC Augsburg,0,1,Bundesliga,2014-15
Sat May 9 2015,VfB Stuttgart,1. FSV Mainz 05,2,0,Bundesliga,2014-15
Sun May 10 2015,SC Paderborn 07,VfL Wolfsburg,1,3,Bundesliga,2014-15
Sun May 10 2015,1. FC Köln,FC Schalke 04,2,0,Bundesliga,2014-15
Sat May 16 2015,VfL Wolfsburg,Borussia Dortmund,2,1,Bundesliga,2014-15
Sat May 16 2015,SC Freiburg,Bayern München,2,1,Bundesliga,2014-15
Sat May 16 2015,VfB Stuttgart,Hamburger SV,2,1,Bundesliga,2014-15
Sat May 16 2015,1. FSV Mainz 05,1. FC Köln,2,0,Bundesliga,2014-15
Sat May 16 2015,Bayer 04 Leverkusen,TSG 1899 Hoffenheim,2,0,Bundesliga,2014-15
Sat May 16 2015,FC Schalke 04,SC Paderborn 07,1,0,Bundesliga,2014-15
Sat May 16 2015,Hertha BSC,Eintracht Frankfurt,0,0,Bundesliga,2014-15
Sat May 16 2015,Werder Bremen,Bor. Mönchengladbach,0,2,Bundesliga,2014-15
Sat May 16 2015,FC Augsburg,Hannover 96,1,2,Bundesliga,2014-15
Sat May 23 2015,1. FC Köln,VfL Wolfsburg,2,2,Bundesliga,2014-15
Sat May 23 2015,TSG 1899 Hoffenheim,Hertha BSC,2,1,Bundesliga,2014-15
Sat May 23 2015,Hannover 96,SC Freiburg,2,1,Bundesliga,2014-15
Sat May 23 2015,SC Paderborn 07,VfB Stuttgart,1,2,Bundesliga,2014-15
Sat May 23 2015,Bor. Mönchengladbach,FC Augsburg,1,3,Bundesliga,2014-15
Sat May 23 2015,Hamburger SV,FC Schalke 04,2,0,Bundesliga,2014-15
Sat May 23 2015,Bayern München,1. FSV Mainz 05,2,0,Bundesliga,2014-15
Sat May 23 2015,Eintracht Frankfurt,Bayer 04 Leverkusen,2,1,Bundesliga,2014-15
Sat May 23 2015,Borussia Dortmund,Werder Bremen,3,2,Bundesliga,2014-15
Fri Aug 14 2015,Bayern München,Hamburger SV,5,0,Bundesliga,2015-16
Sat Aug 15 2015,Bayer 04 Leverkusen,TSG 1899 Hoffenheim,2,1,Bundesliga,2015-16
Sat Aug 15 2015,1. FSV Mainz 05,FC Ingolstadt 04,0,1,Bundesliga,2015-16
Sat Aug 15 2015,SV Darmstadt 98,Hannover 96,2,2,Bundesliga,2015-16
Sat Aug 15 2015,Werder Bremen,FC Schalke 04,0,3,Bundesliga,2015-16
Sat Aug 15 2015,FC Augsburg,Hertha BSC,0,1,Bundesliga,2015-16
Sat Aug 15 2015,Borussia Dortmund,Bor. Mönchengladbach,4,0,Bundesliga,2015-16
Sun Aug 16 2015,VfL Wolfsburg,Eintracht Frankfurt,2,1,Bundesliga,2015-16
Sun Aug 16 2015,VfB Stuttgart,1. FC Köln,1,3,Bundesliga,2015-16
Fri Aug 21 2015,Hertha BSC,Werder Bremen,1,1,Bundesliga,2015-16
Sat Aug 22 2015,FC Schalke 04,SV Darmstadt 98,1,1,Bundesliga,2015-16
Sat Aug 22 2015,Eintracht Frankfurt,FC Augsburg,1,1,Bundesliga,2015-16
Sat Aug 22 2015,TSG 1899 Hoffenheim,Bayern München,1,2,Bundesliga,2015-16
Sat Aug 22 2015,Hannover 96,Bayer 04 Leverkusen,0,1,Bundesliga,2015-16
Sat Aug 22 2015,1. FC Köln,VfL Wolfsburg,1,1,Bundesliga,2015-16
Sat Aug 22 2015,Hamburger SV,VfB Stuttgart,3,2,Bundesliga,2015-16
Sun Aug 23 2015,FC Ingolstadt 04,Borussia Dortmund,0,4,Bundesliga,2015-16
Sun Aug 23 2015,Bor. Mönchengladbach,1. FSV Mainz 05,1,2,Bundesliga,2015-16
Fri Aug 28 2015,VfL Wolfsburg,FC Schalke 04,3,0,Bundesliga,2015-16
Sat Aug 29 2015,SV Darmstadt 98,TSG 1899 Hoffenheim,0,0,Bundesliga,2015-16
Sat Aug 29 2015,1. FC Köln,Hamburger SV,2,1,Bundesliga,2015-16
Sat Aug 29 2015,1. FSV Mainz 05,Hannover 96,3,0,Bundesliga,2015-16
Sat Aug 29 2015,FC Augsburg,FC Ingolstadt 04,0,1,Bundesliga,2015-16
Sat Aug 29 2015,VfB Stuttgart,Eintracht Frankfurt,1,4,Bundesliga,2015-16
Sat Aug 29 2015,Bayern München,Bayer 04 Leverkusen,3,0,Bundesliga,2015-16
Sun Aug 30 2015,Borussia Dortmund,Hertha BSC,3,1,Bundesliga,2015-16
Sun Aug 30 2015,Werder Bremen,Bor. Mönchengladbach,2,1,Bundesliga,2015-16
Fri Sep 11 2015,Bor. Mönchengladbach,Hamburger SV,0,3,Bundesliga,2015-16
Sat Sep 12 2015,Hertha BSC,VfB Stuttgart,2,1,Bundesliga,2015-16
Sat Sep 12 2015,Hannover 96,Borussia Dortmund,2,4,Bundesliga,2015-16
Sat Sep 12 2015,Bayern München,FC Augsburg,2,1,Bundesliga,2015-16
Sat Sep 12 2015,FC Ingolstadt 04,VfL Wolfsburg,0,0,Bundesliga,2015-16
Sat Sep 12 2015,Bayer 04 Leverkusen,SV Darmstadt 98,0,1,Bundesliga,2015-16
Sat Sep 12 2015,Eintracht Frankfurt,1. FC Köln,6,2,Bundesliga,2015-16
Sun Sep 13 2015,TSG 1899 Hoffenheim,Werder Bremen,1,3,Bundesliga,2015-16
Sun Sep 13 2015,FC Schalke 04,1. FSV Mainz 05,2,1,Bundesliga,2015-16
Fri Sep 18 2015,1. FSV Mainz 05,TSG 1899 Hoffenheim,3,1,Bundesliga,2015-16
Sat Sep 19 2015,SV Darmstadt 98,Bayern München,0,3,Bundesliga,2015-16
Sat Sep 19 2015,VfL Wolfsburg,Hertha BSC,2,0,Bundesliga,2015-16
Sat Sep 19 2015,Hamburger SV,Eintracht Frankfurt,0,0,Bundesliga,2015-16
Sat Sep 19 2015,1. FC Köln,Bor. Mönchengladbach,1,0,Bundesliga,2015-16
Sat Sep 19 2015,Werder Bremen,FC Ingolstadt 04,0,1,Bundesliga,2015-16
Sun Sep 20 2015,VfB Stuttgart,FC Schalke 04,0,1,Bundesliga,2015-16
Sun Sep 20 2015,FC Augsburg,Hannover 96,2,0,Bundesliga,2015-16
Sun Sep 20 2015,Borussia Dortmund,Bayer 04 Leverkusen,3,0,Bundesliga,2015-16
Tue Sep 22 2015,FC Ingolstadt 04,Hamburger SV,0,1,Bundesliga,2015-16
Tue Sep 22 2015,Hertha BSC,1. FC Köln,2,0,Bundesliga,2015-16
Tue Sep 22 2015,Bayern München,VfL Wolfsburg,5,1,Bundesliga,2015-16
Tue Sep 22 2015,SV Darmstadt 98,Werder Bremen,2,1,Bundesliga,2015-16
Wed Sep 23 2015,TSG 1899 Hoffenheim,Borussia Dortmund,1,1,Bundesliga,2015-16
Wed Sep 23 2015,Bor. Mönchengladbach,FC Augsburg,4,2,Bundesliga,2015-16
Wed Sep 23 2015,FC Schalke 04,Eintracht Frankfurt,2,0,Bundesliga,2015-16
Wed Sep 23 2015,Bayer 04 Leverkusen,1. FSV Mainz 05,1,0,Bundesliga,2015-16
Wed Sep 23 2015,Hannover 96,VfB Stuttgart,1,3,Bundesliga,2015-16
Fri Sep 25 2015,1. FC Köln,FC Ingolstadt 04,1,1,Bundesliga,2015-16
Sat Sep 26 2015,FC Augsburg,TSG 1899 Hoffenheim,1,3,Bundesliga,2015-16
Sat Sep 26 2015,VfL Wolfsburg,Hannover 96,1,1,Bundesliga,2015-16
Sat Sep 26 2015,Werder Bremen,Bayer 04 Leverkusen,0,3,Bundesliga,2015-16
Sat Sep 26 2015,VfB Stuttgart,Bor. Mönchengladbach,1,3,Bundesliga,2015-16
Sat Sep 26 2015,1. FSV Mainz 05,Bayern München,0,3,Bundesliga,2015-16
Sat Sep 26 2015,Hamburger SV,FC Schalke 04,0,1,Bundesliga,2015-16
Sun Sep 27 2015,Eintracht Frankfurt,Hertha BSC,1,1,Bundesliga,2015-16
Sun Sep 27 2015,Borussia Dortmund,SV Darmstadt 98,2,2,Bundesliga,2015-16
Fri Oct 2 2015,SV Darmstadt 98,1. FSV Mainz 05,2,3,Bundesliga,2015-16
Sat Oct 3 2015,Hannover 96,Werder Bremen,1,0,Bundesliga,2015-16
Sat Oct 3 2015,Bor. Mönchengladbach,VfL Wolfsburg,2,0,Bundesliga,2015-16
Sat Oct 3 2015,FC Ingolstadt 04,Eintracht Frankfurt,2,0,Bundesliga,2015-16
Sat Oct 3 2015,TSG 1899 Hoffenheim,VfB Stuttgart,2,2,Bundesliga,2015-16
Sat Oct 3 2015,Hertha BSC,Hamburger SV,3,0,Bundesliga,2015-16
Sun Oct 4 2015,FC Schalke 04,1. FC Köln,0,3,Bundesliga,2015-16
Sun Oct 4 2015,Bayer 04 Leverkusen,FC Augsburg,1,1,Bundesliga,2015-16
Sun Oct 4 2015,Bayern München,Borussia Dortmund,5,1,Bundesliga,2015-16
Fri Oct 16 2015,1. FSV Mainz 05,Borussia Dortmund,0,2,Bundesliga,2015-16
Sat Oct 17 2015,VfL Wolfsburg,TSG 1899 Hoffenheim,4,2,Bundesliga,2015-16
Sat Oct 17 2015,FC Schalke 04,Hertha BSC,2,1,Bundesliga,2015-16
Sat Oct 17 2015,Hamburger SV,Bayer 04 Leverkusen,0,0,Bundesliga,2015-16
Sat Oct 17 2015,Werder Bremen,Bayern München,0,1,Bundesliga,2015-16
Sat Oct 17 2015,FC Augsburg,SV Darmstadt 98,0,2,Bundesliga,2015-16
Sat Oct 17 2015,Eintracht Frankfurt,Bor. Mönchengladbach,1,5,Bundesliga,2015-16
Sun Oct 18 2015,1. FC Köln,Hannover 96,0,1,Bundesliga,2015-16
Sun Oct 18 2015,VfB Stuttgart,FC Ingolstadt 04,1,0,Bundesliga,2015-16
Fri Oct 23 2015,TSG 1899 Hoffenheim,Hamburger SV,0,1,Bundesliga,2015-16
Sat Oct 24 2015,1. FSV Mainz 05,Werder Bremen,1,3,Bundesliga,2015-16
Sat Oct 24 2015,Hannover 96,Eintracht Frankfurt,1,2,Bundesliga,2015-16
Sat Oct 24 2015,Bayer 04 Leverkusen,VfB Stuttgart,4,3,Bundesliga,2015-16
Sat Oct 24 2015,SV Darmstadt 98,VfL Wolfsburg,0,1,Bundesliga,2015-16
Sat Oct 24 2015,Bayern München,1. FC Köln,4,0,Bundesliga,2015-16
Sat Oct 24 2015,FC Ingolstadt 04,Hertha BSC,0,1,Bundesliga,2015-16
Sun Oct 25 2015,Borussia Dortmund,FC Augsburg,5,1,Bundesliga,2015-16
Sun Oct 25 2015,Bor. Mönchengladbach,FC Schalke 04,3,1,Bundesliga,2015-16
Fri Oct 30 2015,Eintracht Frankfurt,Bayern München,0,0,Bundesliga,2015-16
Sat Oct 31 2015,Hertha BSC,Bor. Mönchengladbach,1,4,Bundesliga,2015-16
Sat Oct 31 2015,Werder Bremen,Borussia Dortmund,1,3,Bundesliga,2015-16
Sat Oct 31 2015,1. FC Köln,TSG 1899 Hoffenheim,0,0,Bundesliga,2015-16
Sat Oct 31 2015,FC Schalke 04,FC Ingolstadt 04,1,1,Bundesliga,2015-16
Sat Oct 31 2015,FC Augsburg,1. FSV Mainz 05,3,3,Bundesliga,2015-16
Sat Oct 31 2015,VfL Wolfsburg,Bayer 04 Leverkusen,2,1,Bundesliga,2015-16
Sun Nov 1 2015,VfB Stuttgart,SV Darmstadt 98,2,0,Bundesliga,2015-16
Sun Nov 1 2015,Hamburger SV,Hannover 96,1,2,Bundesliga,2015-16
Fri Nov 6 2015,Hannover 96,Hertha BSC,1,3,Bundesliga,2015-16
Sat Nov 7 2015,Bayer 04 Leverkusen,1. FC Köln,1,2,Bundesliga,2015-16
Sat Nov 7 2015,Bor. Mönchengladbach,FC Ingolstadt 04,0,0,Bundesliga,2015-16
Sat Nov 7 2015,1. FSV Mainz 05,VfL Wolfsburg,2,0,Bundesliga,2015-16
Sat Nov 7 2015,Bayern München,VfB Stuttgart,4,0,Bundesliga,2015-16
Sat Nov 7 2015,TSG 1899 Hoffenheim,Eintracht Frankfurt,0,0,Bundesliga,2015-16
Sat Nov 7 2015,SV Darmstadt 98,Hamburger SV,1,1,Bundesliga,2015-16
Sun Nov 8 2015,Borussia Dortmund,FC Schalke 04,3,2,Bundesliga,2015-16
Sun Nov 8 2015,FC Augsburg,Werder Bremen,1,2,Bundesliga,2015-16
Fri Nov 20 2015,Hamburger SV,Borussia Dortmund,3,1,Bundesliga,2015-16
Sat Nov 21 2015,VfB Stuttgart,FC Augsburg,0,4,Bundesliga,2015-16
Sat Nov 21 2015,Eintracht Frankfurt,Bayer 04 Leverkusen,1,3,Bundesliga,2015-16
Sat Nov 21 2015,1. FC Köln,1. FSV Mainz 05,0,0,Bundesliga,2015-16
Sat Nov 21 2015,Bor. Mönchengladbach,Hannover 96,2,1,Bundesliga,2015-16
Sat Nov 21 2015,VfL Wolfsburg,Werder Bremen,6,0,Bundesliga,2015-16
Sat Nov 21 2015,FC Schalke 04,Bayern München,1,3,Bundesliga,2015-16
Sun Nov 22 2015,Hertha BSC,TSG 1899 Hoffenheim,1,0,Bundesliga,2015-16
Sun Nov 22 2015,FC Ingolstadt 04,SV Darmstadt 98,3,1,Bundesliga,2015-16
Fri Nov 27 2015,SV Darmstadt 98,1. FC Köln,0,0,Bundesliga,2015-16
Sat Nov 28 2015,Hannover 96,FC Ingolstadt 04,4,0,Bundesliga,2015-16
Sat Nov 28 2015,Bayern München,Hertha BSC,2,0,Bundesliga,2015-16
Sat Nov 28 2015,Werder Bremen,Hamburger SV,1,3,Bundesliga,2015-16
Sat Nov 28 2015,TSG 1899 Hoffenheim,Bor. Mönchengladbach,3,3,Bundesliga,2015-16
Sat Nov 28 2015,1. FSV Mainz 05,Eintracht Frankfurt,2,1,Bundesliga,2015-16
Sun Nov 29 2015,Borussia Dortmund,VfB Stuttgart,4,1,Bundesliga,2015-16
Sun Nov 29 2015,Bayer 04 Leverkusen,FC Schalke 04,1,1,Bundesliga,2015-16
Sun Nov 29 2015,FC Augsburg,VfL Wolfsburg,0,0,Bundesliga,2015-16
Fri Dec 4 2015,FC Schalke 04,Hannover 96,3,1,Bundesliga,2015-16
Sat Dec 5 2015,Bor. Mönchengladbach,Bayern München,3,1,Bundesliga,2015-16
Sat Dec 5 2015,Hertha BSC,Bayer 04 Leverkusen,2,1,Bundesliga,2015-16
Sat Dec 5 2015,FC Ingolstadt 04,TSG 1899 Hoffenheim,1,1,Bundesliga,2015-16
Sat Dec 5 2015,1. FC Köln,FC Augsburg,0,1,Bundesliga,2015-16
Sat Dec 5 2015,Hamburger SV,1. FSV Mainz 05,1,3,Bundesliga,2015-16
Sat Dec 5 2015,VfL Wolfsburg,Borussia Dortmund,1,2,Bundesliga,2015-16
Sun Dec 6 2015,VfB Stuttgart,Werder Bremen,1,1,Bundesliga,2015-16
Sun Dec 6 2015,Eintracht Frankfurt,SV Darmstadt 98,0,1,Bundesliga,2015-16
Fri Dec 11 2015,1. FSV Mainz 05,VfB Stuttgart,0,0,Bundesliga,2015-16
Sat Dec 12 2015,VfL Wolfsburg,Hamburger SV,1,1,Bundesliga,2015-16
Sat Dec 12 2015,Bayern München,FC Ingolstadt 04,2,0,Bundesliga,2015-16
Sat Dec 12 2015,TSG 1899 Hoffenheim,Hannover 96,1,0,Bundesliga,2015-16
Sat Dec 12 2015,Werder Bremen,1. FC Köln,1,1,Bundesliga,2015-16
Sat Dec 12 2015,SV Darmstadt 98,Hertha BSC,0,4,Bundesliga,2015-16
Sat Dec 12 2015,Bayer 04 Leverkusen,Bor. Mönchengladbach,5,0,Bundesliga,2015-16
Sun Dec 13 2015,FC Augsburg,FC Schalke 04,2,1,Bundesliga,2015-16
Sun Dec 13 2015,Borussia Dortmund,Eintracht Frankfurt,4,1,Bundesliga,2015-16
Fri Dec 18 2015,FC Schalke 04,TSG 1899 Hoffenheim,1,0,Bundesliga,2015-16
Sat Dec 19 2015,FC Ingolstadt 04,Bayer 04 Leverkusen,0,1,Bundesliga,2015-16
Sat Dec 19 2015,1. FC Köln,Borussia Dortmund,2,1,Bundesliga,2015-16
Sat Dec 19 2015,Hannover 96,Bayern München,0,1,Bundesliga,2015-16
Sat Dec 19 2015,Hamburger SV,FC Augsburg,0,1,Bundesliga,2015-16
Sat Dec 19 2015,Eintracht Frankfurt,Werder Bremen,2,1,Bundesliga,2015-16
Sat Dec 19 2015,VfB Stuttgart,VfL Wolfsburg,3,1,Bundesliga,2015-16
Sun Dec 20 2015,Hertha BSC,1. FSV Mainz 05,2,0,Bundesliga,2015-16
Sun Dec 20 2015,Bor. Mönchengladbach,SV Darmstadt 98,3,2,Bundesliga,2015-16
Fri Jan 22 2016,Hamburger SV,Bayern München,1,2,Bundesliga,2015-16
Sat Jan 23 2016,Hertha BSC,FC Augsburg,0,0,Bundesliga,2015-16
Sat Jan 23 2016,Hannover 96,SV Darmstadt 98,1,2,Bundesliga,2015-16
Sat Jan 23 2016,FC Ingolstadt 04,1. FSV Mainz 05,1,0,Bundesliga,2015-16
Sat Jan 23 2016,1. FC Köln,VfB Stuttgart,1,3,Bundesliga,2015-16
Sat Jan 23 2016,TSG 1899 Hoffenheim,Bayer 04 Leverkusen,1,1,Bundesliga,2015-16
Sat Jan 23 2016,Bor. Mönchengladbach,Borussia Dortmund,1,3,Bundesliga,2015-16
Sun Jan 24 2016,Eintracht Frankfurt,VfL Wolfsburg,3,2,Bundesliga,2015-16
Sun Jan 24 2016,FC Schalke 04,Werder Bremen,1,3,Bundesliga,2015-16
Fri Jan 29 2016,1. FSV Mainz 05,Bor. Mönchengladbach,1,0,Bundesliga,2015-16
Sat Jan 30 2016,FC Augsburg,Eintracht Frankfurt,0,0,Bundesliga,2015-16
Sat Jan 30 2016,SV Darmstadt 98,FC Schalke 04,0,2,Bundesliga,2015-16
Sat Jan 30 2016,Werder Bremen,Hertha BSC,3,3,Bundesliga,2015-16
Sat Jan 30 2016,Borussia Dortmund,FC Ingolstadt 04,2,0,Bundesliga,2015-16
Sat Jan 30 2016,Bayer 04 Leverkusen,Hannover 96,3,0,Bundesliga,2015-16
Sat Jan 30 2016,VfB Stuttgart,Hamburger SV,2,1,Bundesliga,2015-16
Sun Jan 31 2016,VfL Wolfsburg,1. FC Köln,1,1,Bundesliga,2015-16
Sun Jan 31 2016,Bayern München,TSG 1899 Hoffenheim,2,0,Bundesliga,2015-16
Fri Feb 5 2016,Bor. Mönchengladbach,Werder Bremen,5,1,Bundesliga,2015-16
Sat Feb 6 2016,Hertha BSC,Borussia Dortmund,0,0,Bundesliga,2015-16
Sat Feb 6 2016,FC Schalke 04,VfL Wolfsburg,3,0,Bundesliga,2015-16
Sat Feb 6 2016,Eintracht Frankfurt,VfB Stuttgart,2,4,Bundesliga,2015-16
Sat Feb 6 2016,FC Ingolstadt 04,FC Augsburg,2,1,Bundesliga,2015-16
Sat Feb 6 2016,Hannover 96,1. FSV Mainz 05,0,1,Bundesliga,2015-16
Sat Feb 6 2016,Bayer 04 Leverkusen,Bayern München,0,0,Bundesliga,2015-16
Sun Feb 7 2016,Hamburger SV,1. FC Köln,1,1,Bundesliga,2015-16
Sun Feb 7 2016,TSG 1899 Hoffenheim,SV Darmstadt 98,0,2,Bundesliga,2015-16
Fri Feb 12 2016,1. FSV Mainz 05,FC Schalke 04,2,1,Bundesliga,2015-16
Sat Feb 13 2016,VfB Stuttgart,Hertha BSC,2,0,Bundesliga,2015-16
Sat Feb 13 2016,VfL Wolfsburg,FC Ingolstadt 04,2,0,Bundesliga,2015-16
Sat Feb 13 2016,Werder Bremen,TSG 1899 Hoffenheim,1,1,Bundesliga,2015-16
Sat Feb 13 2016,Borussia Dortmund,Hannover 96,1,0,Bundesliga,2015-16
Sat Feb 13 2016,SV Darmstadt 98,Bayer 04 Leverkusen,1,2,Bundesliga,2015-16
Sat Feb 13 2016,1. FC Köln,Eintracht Frankfurt,3,1,Bundesliga,2015-16
Sun Feb 14 2016,Hamburger SV,Bor. Mönchengladbach,3,2,Bundesliga,2015-16
Sun Feb 14 2016,FC Augsburg,Bayern München,1,3,Bundesliga,2015-16
Fri Feb 19 2016,Eintracht Frankfurt,Hamburger SV,0,0,Bundesliga,2015-16
Sat Feb 20 2016,TSG 1899 Hoffenheim,1. FSV Mainz 05,3,2,Bundesliga,2015-16
Sat Feb 20 2016,Bayern München,SV Darmstadt 98,3,1,Bundesliga,2015-16
Sat Feb 20 2016,Bor. Mönchengladbach,1. FC Köln,1,0,Bundesliga,2015-16
Sat Feb 20 2016,FC Ingolstadt 04,Werder Bremen,2,0,Bundesliga,2015-16
Sat Feb 20 2016,Hertha BSC,VfL Wolfsburg,1,1,Bundesliga,2015-16
Sun Feb 21 2016,Bayer 04 Leverkusen,Borussia Dortmund,0,1,Bundesliga,2015-16
Sun Feb 21 2016,FC Schalke 04,VfB Stuttgart,1,1,Bundesliga,2015-16
Sun Feb 21 2016,Hannover 96,FC Augsburg,0,1,Bundesliga,2015-16
Fri Feb 26 2016,1. FC Köln,Hertha BSC,0,1,Bundesliga,2015-16
Sat Feb 27 2016,VfB Stuttgart,Hannover 96,1,2,Bundesliga,2015-16
Sat Feb 27 2016,Hamburger SV,FC Ingolstadt 04,1,1,Bundesliga,2015-16
Sat Feb 27 2016,Werder Bremen,SV Darmstadt 98,2,2,Bundesliga,2015-16
Sat Feb 27 2016,VfL Wolfsburg,Bayern München,0,2,Bundesliga,2015-16
Sun Feb 28 2016,FC Augsburg,Bor. Mönchengladbach,2,2,Bundesliga,2015-16
Sun Feb 28 2016,Borussia Dortmund,TSG 1899 Hoffenheim,3,1,Bundesliga,2015-16
Sun Feb 28 2016,1. FSV Mainz 05,Bayer 04 Leverkusen,3,1,Bundesliga,2015-16
Sun Feb 28 2016,Eintracht Frankfurt,FC Schalke 04,0,0,Bundesliga,2015-16
Tue Mar 1 2016,FC Ingolstadt 04,1. FC Köln,1,1,Bundesliga,2015-16
Tue Mar 1 2016,Hannover 96,VfL Wolfsburg,0,4,Bundesliga,2015-16
Wed Mar 2 2016,Bor. Mönchengladbach,VfB Stuttgart,4,0,Bundesliga,2015-16
Wed Mar 2 2016,Bayer 04 Leverkusen,Werder Bremen,1,4,Bundesliga,2015-16
Wed Mar 2 2016,TSG 1899 Hoffenheim,FC Augsburg,2,1,Bundesliga,2015-16
Wed Mar 2 2016,Hertha BSC,Eintracht Frankfurt,2,0,Bundesliga,2015-16
Wed Mar 2 2016,SV Darmstadt 98,Borussia Dortmund,0,2,Bundesliga,2015-16
Wed Mar 2 2016,Bayern München,1. FSV Mainz 05,1,2,Bundesliga,2015-16
Wed Mar 2 2016,FC Schalke 04,Hamburger SV,3,2,Bundesliga,2015-16
Sat Mar 5 2016,VfB Stuttgart,TSG 1899 Hoffenheim,5,1,Bundesliga,2015-16
Sat Mar 5 2016,Werder Bremen,Hannover 96,4,1,Bundesliga,2015-16
Sat Mar 5 2016,FC Augsburg,Bayer 04 Leverkusen,3,3,Bundesliga,2015-16
Sat Mar 5 2016,VfL Wolfsburg,Bor. Mönchengladbach,2,1,Bundesliga,2015-16
Sat Mar 5 2016,Eintracht Frankfurt,FC Ingolstadt 04,1,1,Bundesliga,2015-16
Sat Mar 5 2016,1. FC Köln,FC Schalke 04,1,3,Bundesliga,2015-16
Sat Mar 5 2016,Borussia Dortmund,Bayern München,0,0,Bundesliga,2015-16
Sun Mar 6 2016,1. FSV Mainz 05,SV Darmstadt 98,0,0,Bundesliga,2015-16
Sun Mar 6 2016,Hamburger SV,Hertha BSC,2,0,Bundesliga,2015-16
Fri Mar 11 2016,Hertha BSC,FC Schalke 04,2,0,Bundesliga,2015-16
Sat Mar 12 2016,FC Ingolstadt 04,VfB Stuttgart,3,3,Bundesliga,2015-16
Sat Mar 12 2016,TSG 1899 Hoffenheim,VfL Wolfsburg,1,0,Bundesliga,2015-16
Sat Mar 12 2016,Bor. Mönchengladbach,Eintracht Frankfurt,3,0,Bundesliga,2015-16
Sat Mar 12 2016,Hannover 96,1. FC Köln,0,2,Bundesliga,2015-16
Sat Mar 12 2016,SV Darmstadt 98,FC Augsburg,2,2,Bundesliga,2015-16
Sat Mar 12 2016,Bayern München,Werder Bremen,5,0,Bundesliga,2015-16
Sun Mar 13 2016,Bayer 04 Leverkusen,Hamburger SV,1,0,Bundesliga,2015-16
Sun Mar 13 2016,Borussia Dortmund,1. FSV Mainz 05,2,0,Bundesliga,2015-16
Fri Mar 18 2016,FC Schalke 04,Bor. Mönchengladbach,2,1,Bundesliga,2015-16
Sat Mar 19 2016,1. FC Köln,Bayern München,0,1,Bundesliga,2015-16
Sat Mar 19 2016,Hamburger SV,TSG 1899 Hoffenheim,1,3,Bundesliga,2015-16
Sat Mar 19 2016,VfL Wolfsburg,SV Darmstadt 98,1,1,Bundesliga,2015-16
Sat Mar 19 2016,Hertha BSC,FC Ingolstadt 04,2,1,Bundesliga,2015-16
Sat Mar 19 2016,Werder Bremen,1. FSV Mainz 05,1,1,Bundesliga,2015-16
Sat Mar 19 2016,Eintracht Frankfurt,Hannover 96,1,0,Bundesliga,2015-16
Sun Mar 20 2016,VfB Stuttgart,Bayer 04 Leverkusen,0,2,Bundesliga,2015-16
Sun Mar 20 2016,FC Augsburg,Borussia Dortmund,1,3,Bundesliga,2015-16
Fri Apr 1 2016,Bayer 04 Leverkusen,VfL Wolfsburg,3,0,Bundesliga,2015-16
Sat Apr 2 2016,1. FSV Mainz 05,FC Augsburg,4,2,Bundesliga,2015-16
Sat Apr 2 2016,SV Darmstadt 98,VfB Stuttgart,2,2,Bundesliga,2015-16
Sat Apr 2 2016,FC Ingolstadt 04,FC Schalke 04,3,0,Bundesliga,2015-16
Sat Apr 2 2016,Bayern München,Eintracht Frankfurt,1,0,Bundesliga,2015-16
Sat Apr 2 2016,Hannover 96,Hamburger SV,0,3,Bundesliga,2015-16
Sat Apr 2 2016,Borussia Dortmund,Werder Bremen,3,2,Bundesliga,2015-16
Sun Apr 3 2016,Bor. Mönchengladbach,Hertha BSC,5,0,Bundesliga,2015-16
Sun Apr 3 2016,TSG 1899 Hoffenheim,1. FC Köln,1,1,Bundesliga,2015-16
Fri Apr 8 2016,Hertha BSC,Hannover 96,2,2,Bundesliga,2015-16
Sat Apr 9 2016,Hamburger SV,SV Darmstadt 98,1,2,Bundesliga,2015-16
Sat Apr 9 2016,VfB Stuttgart,Bayern München,1,3,Bundesliga,2015-16
Sat Apr 9 2016,FC Ingolstadt 04,Bor. Mönchengladbach,1,0,Bundesliga,2015-16
Sat Apr 9 2016,Eintracht Frankfurt,TSG 1899 Hoffenheim,0,2,Bundesliga,2015-16
Sat Apr 9 2016,Werder Bremen,FC Augsburg,1,2,Bundesliga,2015-16
Sat Apr 9 2016,VfL Wolfsburg,1. FSV Mainz 05,1,1,Bundesliga,2015-16
Sun Apr 10 2016,FC Schalke 04,Borussia Dortmund,2,2,Bundesliga,2015-16
Sun Apr 10 2016,1. FC Köln,Bayer 04 Leverkusen,0,2,Bundesliga,2015-16
Fri Apr 15 2016,Hannover 96,Bor. Mönchengladbach,2,0,Bundesliga,2015-16
Sat Apr 16 2016,Bayer 04 Leverkusen,Eintracht Frankfurt,3,0,Bundesliga,2015-16
Sat Apr 16 2016,SV Darmstadt 98,FC Ingolstadt 04,2,0,Bundesliga,2015-16
Sat Apr 16 2016,Werder Bremen,VfL Wolfsburg,3,2,Bundesliga,2015-16
Sat Apr 16 2016,TSG 1899 Hoffenheim,Hertha BSC,2,1,Bundesliga,2015-16
Sat Apr 16 2016,FC Augsburg,VfB Stuttgart,1,0,Bundesliga,2015-16
Sat Apr 16 2016,Bayern München,FC Schalke 04,3,0,Bundesliga,2015-16
Sun Apr 17 2016,Borussia Dortmund,Hamburger SV,3,0,Bundesliga,2015-16
Sun Apr 17 2016,1. FSV Mainz 05,1. FC Köln,2,3,Bundesliga,2015-16
Fri Apr 22 2016,Hamburger SV,Werder Bremen,2,1,Bundesliga,2015-16
Sat Apr 23 2016,Hertha BSC,Bayern München,0,2,Bundesliga,2015-16
Sat Apr 23 2016,VfL Wolfsburg,FC Augsburg,0,2,Bundesliga,2015-16
Sat Apr 23 2016,VfB Stuttgart,Borussia Dortmund,0,3,Bundesliga,2015-16
Sat Apr 23 2016,1. FC Köln,SV Darmstadt 98,4,1,Bundesliga,2015-16
Sat Apr 23 2016,FC Ingolstadt 04,Hannover 96,2,2,Bundesliga,2015-16
Sat Apr 23 2016,FC Schalke 04,Bayer 04 Leverkusen,2,3,Bundesliga,2015-16
Sun Apr 24 2016,Bor. Mönchengladbach,TSG 1899 Hoffenheim,3,1,Bundesliga,2015-16
Sun Apr 24 2016,Eintracht Frankfurt,1. FSV Mainz 05,2,1,Bundesliga,2015-16
Fri Apr 29 2016,FC Augsburg,1. FC Köln,0,0,Bundesliga,2015-16
Sat Apr 30 2016,Hannover 96,FC Schalke 04,1,3,Bundesliga,2015-16
Sat Apr 30 2016,Bayern München,Bor. Mönchengladbach,1,1,Bundesliga,2015-16
Sat Apr 30 2016,1. FSV Mainz 05,Hamburger SV,0,0,Bundesliga,2015-16
Sat Apr 30 2016,Borussia Dortmund,VfL Wolfsburg,5,1,Bundesliga,2015-16
Sat Apr 30 2016,TSG 1899 Hoffenheim,FC Ingolstadt 04,2,1,Bundesliga,2015-16
Sat Apr 30 2016,SV Darmstadt 98,Eintracht Frankfurt,1,2,Bundesliga,2015-16
Sat Apr 30 2016,Bayer 04 Leverkusen,Hertha BSC,2,1,Bundesliga,2015-16
Mon May 2 2016,Werder Bremen,VfB Stuttgart,6,2,Bundesliga,2015-16
Sat May 7 2016,Bor. Mönchengladbach,Bayer 04 Leverkusen,2,1,Bundesliga,2015-16
Sat May 7 2016,VfB Stuttgart,1. FSV Mainz 05,1,3,Bundesliga,2015-16
Sat May 7 2016,Eintracht Frankfurt,Borussia Dortmund,1,0,Bundesliga,2015-16
Sat May 7 2016,FC Ingolstadt 04,Bayern München,1,2,Bundesliga,2015-16
Sat May 7 2016,1. FC Köln,Werder Bremen,0,0,Bundesliga,2015-16
Sat May 7 2016,FC Schalke 04,FC Augsburg,1,1,Bundesliga,2015-16
Sat May 7 2016,Hamburger SV,VfL Wolfsburg,0,1,Bundesliga,2015-16
Sat May 7 2016,Hannover 96,TSG 1899 Hoffenheim,1,0,Bundesliga,2015-16
Sat May 7 2016,Hertha BSC,SV Darmstadt 98,1,2,Bundesliga,2015-16
Sat May 14 2016,Bayer 04 Leverkusen,FC Ingolstadt 04,3,2,Bundesliga,2015-16
Sat May 14 2016,FC Augsburg,Hamburger SV,1,3,Bundesliga,2015-16
Sat May 14 2016,Werder Bremen,Eintracht Frankfurt,1,0,Bundesliga,2015-16
Sat May 14 2016,Bayern München,Hannover 96,3,1,Bundesliga,2015-16
Sat May 14 2016,TSG 1899 Hoffenheim,FC Schalke 04,1,4,Bundesliga,2015-16
Sat May 14 2016,1. FSV Mainz 05,Hertha BSC,0,0,Bundesliga,2015-16
Sat May 14 2016,SV Darmstadt 98,Bor. Mönchengladbach,0,2,Bundesliga,2015-16
Sat May 14 2016,Borussia Dortmund,1. FC Köln,2,2,Bundesliga,2015-16
Sat May 14 2016,VfL Wolfsburg,VfB Stuttgart,3,1,Bundesliga,2015-16
Fri Aug 26 2016,Bayern München,Werder Bremen,6,0,Bundesliga,2016-17
Sat Aug 27 2016,FC Augsburg,VfL Wolfsburg,0,2,Bundesliga,2016-17
Sat Aug 27 2016,1. FC Köln,SV Darmstadt 98,2,0,Bundesliga,2016-17
Sat Aug 27 2016,Hamburger SV,FC Ingolstadt 04,1,1,Bundesliga,2016-17
Sat Aug 27 2016,Borussia Dortmund,1. FSV Mainz 05,2,1,Bundesliga,2016-17
Sat Aug 27 2016,Eintracht Frankfurt,FC Schalke 04,1,0,Bundesliga,2016-17
Sat Aug 27 2016,Bor. Mönchengladbach,Bayer 04 Leverkusen,2,1,Bundesliga,2016-17
Sun Aug 28 2016,Hertha BSC,SC Freiburg,2,1,Bundesliga,2016-17
Sun Aug 28 2016,TSG 1899 Hoffenheim,RB Leipzig,2,2,Bundesliga,2016-17
Fri Sep 9 2016,FC Schalke 04,Bayern München,0,2,Bundesliga,2016-17
Sat Sep 10 2016,SV Darmstadt 98,Eintracht Frankfurt,1,0,Bundesliga,2016-17
Sat Sep 10 2016,SC Freiburg,Bor. Mönchengladbach,3,1,Bundesliga,2016-17
Sat Sep 10 2016,FC Ingolstadt 04,Hertha BSC,0,2,Bundesliga,2016-17
Sat Sep 10 2016,Bayer 04 Leverkusen,Hamburger SV,3,1,Bundesliga,2016-17
Sat Sep 10 2016,VfL Wolfsburg,1. FC Köln,0,0,Bundesliga,2016-17
Sat Sep 10 2016,RB Leipzig,Borussia Dortmund,1,0,Bundesliga,2016-17
Sun Sep 11 2016,Werder Bremen,FC Augsburg,1,2,Bundesliga,2016-17
Sun Sep 11 2016,1. FSV Mainz 05,TSG 1899 Hoffenheim,4,4,Bundesliga,2016-17
Fri Sep 16 2016,1. FC Köln,SC Freiburg,3,0,Bundesliga,2016-17
Sat Sep 17 2016,Hamburger SV,RB Leipzig,0,4,Bundesliga,2016-17
Sat Sep 17 2016,Bayern München,FC Ingolstadt 04,3,1,Bundesliga,2016-17
Sat Sep 17 2016,Eintracht Frankfurt,Bayer 04 Leverkusen,2,1,Bundesliga,2016-17
Sat Sep 17 2016,Borussia Dortmund,SV Darmstadt 98,6,0,Bundesliga,2016-17
Sat Sep 17 2016,TSG 1899 Hoffenheim,VfL Wolfsburg,0,0,Bundesliga,2016-17
Sat Sep 17 2016,Bor. Mönchengladbach,Werder Bremen,4,1,Bundesliga,2016-17
Sun Sep 18 2016,FC Augsburg,1. FSV Mainz 05,1,3,Bundesliga,2016-17
Sun Sep 18 2016,Hertha BSC,FC Schalke 04,2,0,Bundesliga,2016-17
Tue Sep 20 2016,VfL Wolfsburg,Borussia Dortmund,1,5,Bundesliga,2016-17
Tue Sep 20 2016,FC Ingolstadt 04,Eintracht Frankfurt,0,2,Bundesliga,2016-17
Tue Sep 20 2016,SC Freiburg,Hamburger SV,1,0,Bundesliga,2016-17
Tue Sep 20 2016,SV Darmstadt 98,TSG 1899 Hoffenheim,1,1,Bundesliga,2016-17
Wed Sep 21 2016,RB Leipzig,Bor. Mönchengladbach,1,1,Bundesliga,2016-17
Wed Sep 21 2016,Bayer 04 Leverkusen,FC Augsburg,0,0,Bundesliga,2016-17
Wed Sep 21 2016,Werder Bremen,1. FSV Mainz 05,1,2,Bundesliga,2016-17
Wed Sep 21 2016,Bayern München,Hertha BSC,3,0,Bundesliga,2016-17
Wed Sep 21 2016,FC Schalke 04,1. FC Köln,1,3,Bundesliga,2016-17
Fri Sep 23 2016,Borussia Dortmund,SC Freiburg,3,1,Bundesliga,2016-17
Sat Sep 24 2016,FC Augsburg,SV Darmstadt 98,1,0,Bundesliga,2016-17
Sat Sep 24 2016,Eintracht Frankfurt,Hertha BSC,3,3,Bundesliga,2016-17
Sat Sep 24 2016,Hamburger SV,Bayern München,0,1,Bundesliga,2016-17
Sat Sep 24 2016,Bor. Mönchengladbach,FC Ingolstadt 04,2,0,Bundesliga,2016-17
Sat Sep 24 2016,1. FSV Mainz 05,Bayer 04 Leverkusen,2,3,Bundesliga,2016-17
Sat Sep 24 2016,Werder Bremen,VfL Wolfsburg,2,1,Bundesliga,2016-17
Sun Sep 25 2016,TSG 1899 Hoffenheim,FC Schalke 04,2,1,Bundesliga,2016-17
Sun Sep 25 2016,1. FC Köln,RB Leipzig,1,1,Bundesliga,2016-17
Fri Sep 30 2016,RB Leipzig,FC Augsburg,2,1,Bundesliga,2016-17
Sat Oct 1 2016,SC Freiburg,Eintracht Frankfurt,1,0,Bundesliga,2016-17
Sat Oct 1 2016,FC Ingolstadt 04,TSG 1899 Hoffenheim,1,2,Bundesliga,2016-17
Sat Oct 1 2016,Bayern München,1. FC Köln,1,1,Bundesliga,2016-17
Sat Oct 1 2016,SV Darmstadt 98,Werder Bremen,2,2,Bundesliga,2016-17
Sat Oct 1 2016,Hertha BSC,Hamburger SV,2,0,Bundesliga,2016-17
Sat Oct 1 2016,Bayer 04 Leverkusen,Borussia Dortmund,2,0,Bundesliga,2016-17
Sun Oct 2 2016,VfL Wolfsburg,1. FSV Mainz 05,0,0,Bundesliga,2016-17
Sun Oct 2 2016,FC Schalke 04,Bor. Mönchengladbach,4,0,Bundesliga,2016-17
Fri Oct 14 2016,Borussia Dortmund,Hertha BSC,1,1,Bundesliga,2016-17
Sat Oct 15 2016,FC Augsburg,FC Schalke 04,1,1,Bundesliga,2016-17
Sat Oct 15 2016,1. FC Köln,FC Ingolstadt 04,2,1,Bundesliga,2016-17
Sat Oct 15 2016,Bor. Mönchengladbach,Hamburger SV,0,0,Bundesliga,2016-17
Sat Oct 15 2016,Eintracht Frankfurt,Bayern München,2,2,Bundesliga,2016-17
Sat Oct 15 2016,TSG 1899 Hoffenheim,SC Freiburg,2,1,Bundesliga,2016-17
Sat Oct 15 2016,Werder Bremen,Bayer 04 Leverkusen,2,1,Bundesliga,2016-17
Sun Oct 16 2016,1. FSV Mainz 05,SV Darmstadt 98,2,1,Bundesliga,2016-17
Sun Oct 16 2016,VfL Wolfsburg,RB Leipzig,0,1,Bundesliga,2016-17
Fri Oct 21 2016,Hamburger SV,Eintracht Frankfurt,0,3,Bundesliga,2016-17
Sat Oct 22 2016,SV Darmstadt 98,VfL Wolfsburg,3,1,Bundesliga,2016-17
Sat Oct 22 2016,SC Freiburg,FC Augsburg,2,1,Bundesliga,2016-17
Sat Oct 22 2016,FC Ingolstadt 04,Borussia Dortmund,3,3,Bundesliga,2016-17
Sat Oct 22 2016,Bayer 04 Leverkusen,TSG 1899 Hoffenheim,0,3,Bundesliga,2016-17
Sat Oct 22 2016,Hertha BSC,1. FC Köln,2,1,Bundesliga,2016-17
Sat Oct 22 2016,Bayern München,Bor. Mönchengladbach,2,0,Bundesliga,2016-17
Sun Oct 23 2016,RB Leipzig,Werder Bremen,3,1,Bundesliga,2016-17
Sun Oct 23 2016,FC Schalke 04,1. FSV Mainz 05,3,0,Bundesliga,2016-17
Fri Oct 28 2016,Bor. Mönchengladbach,Eintracht Frankfurt,0,0,Bundesliga,2016-17
Sat Oct 29 2016,1. FSV Mainz 05,FC Ingolstadt 04,2,0,Bundesliga,2016-17
Sat Oct 29 2016,VfL Wolfsburg,Bayer 04 Leverkusen,1,2,Bundesliga,2016-17
Sat Oct 29 2016,FC Augsburg,Bayern München,1,3,Bundesliga,2016-17
Sat Oct 29 2016,SV Darmstadt 98,RB Leipzig,0,2,Bundesliga,2016-17
Sat Oct 29 2016,Werder Bremen,SC Freiburg,1,3,Bundesliga,2016-17
Sat Oct 29 2016,Borussia Dortmund,FC Schalke 04,0,0,Bundesliga,2016-17
Sun Oct 30 2016,TSG 1899 Hoffenheim,Hertha BSC,1,0,Bundesliga,2016-17
Sun Oct 30 2016,1. FC Köln,Hamburger SV,3,0,Bundesliga,2016-17
Fri Nov 4 2016,Hertha BSC,Bor. Mönchengladbach,3,0,Bundesliga,2016-17
Sat Nov 5 2016,Bayern München,TSG 1899 Hoffenheim,1,1,Bundesliga,2016-17
Sat Nov 5 2016,FC Ingolstadt 04,FC Augsburg,0,2,Bundesliga,2016-17
Sat Nov 5 2016,Bayer 04 Leverkusen,SV Darmstadt 98,3,2,Bundesliga,2016-17
Sat Nov 5 2016,SC Freiburg,VfL Wolfsburg,0,3,Bundesliga,2016-17
Sat Nov 5 2016,Hamburger SV,Borussia Dortmund,2,5,Bundesliga,2016-17
Sat Nov 5 2016,Eintracht Frankfurt,1. FC Köln,1,0,Bundesliga,2016-17
Sun Nov 6 2016,RB Leipzig,1. FSV Mainz 05,3,1,Bundesliga,2016-17
Sun Nov 6 2016,FC Schalke 04,Werder Bremen,3,1,Bundesliga,2016-17
Fri Nov 18 2016,Bayer 04 Leverkusen,RB Leipzig,2,3,Bundesliga,2016-17
Sat Nov 19 2016,FC Augsburg,Hertha BSC,0,0,Bundesliga,2016-17
Sat Nov 19 2016,1. FSV Mainz 05,SC Freiburg,4,2,Bundesliga,2016-17
Sat Nov 19 2016,SV Darmstadt 98,FC Ingolstadt 04,0,1,Bundesliga,2016-17
Sat Nov 19 2016,VfL Wolfsburg,FC Schalke 04,0,1,Bundesliga,2016-17
Sat Nov 19 2016,Bor. Mönchengladbach,1. FC Köln,1,2,Bundesliga,2016-17
Sat Nov 19 2016,Borussia Dortmund,Bayern München,1,0,Bundesliga,2016-17
Sun Nov 20 2016,TSG 1899 Hoffenheim,Hamburger SV,2,2,Bundesliga,2016-17
Sun Nov 20 2016,Werder Bremen,Eintracht Frankfurt,1,2,Bundesliga,2016-17
Fri Nov 25 2016,SC Freiburg,RB Leipzig,1,4,Bundesliga,2016-17
Sat Nov 26 2016,1. FC Köln,FC Augsburg,0,0,Bundesliga,2016-17
Sat Nov 26 2016,FC Ingolstadt 04,VfL Wolfsburg,1,1,Bundesliga,2016-17
Sat Nov 26 2016,Hamburger SV,Werder Bremen,2,2,Bundesliga,2016-17
Sat Nov 26 2016,Eintracht Frankfurt,Borussia Dortmund,2,1,Bundesliga,2016-17
Sat Nov 26 2016,Bor. Mönchengladbach,TSG 1899 Hoffenheim,1,1,Bundesliga,2016-17
Sat Nov 26 2016,Bayern München,Bayer 04 Leverkusen,2,1,Bundesliga,2016-17
Sun Nov 27 2016,FC Schalke 04,SV Darmstadt 98,3,1,Bundesliga,2016-17
Sun Nov 27 2016,Hertha BSC,1. FSV Mainz 05,2,1,Bundesliga,2016-17
Fri Dec 2 2016,1. FSV Mainz 05,Bayern München,1,3,Bundesliga,2016-17
Sat Dec 3 2016,VfL Wolfsburg,Hertha BSC,2,3,Bundesliga,2016-17
Sat Dec 3 2016,Bayer 04 Leverkusen,SC Freiburg,1,1,Bundesliga,2016-17
Sat Dec 3 2016,TSG 1899 Hoffenheim,1. FC Köln,4,0,Bundesliga,2016-17
Sat Dec 3 2016,Werder Bremen,FC Ingolstadt 04,2,1,Bundesliga,2016-17
Sat Dec 3 2016,Borussia Dortmund,Bor. Mönchengladbach,4,1,Bundesliga,2016-17
Sat Dec 3 2016,RB Leipzig,FC Schalke 04,2,1,Bundesliga,2016-17
Sun Dec 4 2016,SV Darmstadt 98,Hamburger SV,0,2,Bundesliga,2016-17
Sun Dec 4 2016,FC Augsburg,Eintracht Frankfurt,1,1,Bundesliga,2016-17
Fri Dec 9 2016,Eintracht Frankfurt,TSG 1899 Hoffenheim,0,0,Bundesliga,2016-17
Sat Dec 10 2016,SC Freiburg,SV Darmstadt 98,1,0,Bundesliga,2016-17
Sat Dec 10 2016,FC Ingolstadt 04,RB Leipzig,1,0,Bundesliga,2016-17
Sat Dec 10 2016,1. FC Köln,Borussia Dortmund,1,1,Bundesliga,2016-17
Sat Dec 10 2016,Hamburger SV,FC Augsburg,1,0,Bundesliga,2016-17
Sat Dec 10 2016,Bayern München,VfL Wolfsburg,5,0,Bundesliga,2016-17
Sat Dec 10 2016,Hertha BSC,Werder Bremen,0,1,Bundesliga,2016-17
Sun Dec 11 2016,Bor. Mönchengladbach,1. FSV Mainz 05,1,0,Bundesliga,2016-17
Sun Dec 11 2016,FC Schalke 04,Bayer 04 Leverkusen,0,1,Bundesliga,2016-17
Fri Dec 16 2016,TSG 1899 Hoffenheim,Borussia Dortmund,2,2,Bundesliga,2016-17
Sat Dec 17 2016,1. FSV Mainz 05,Hamburger SV,3,1,Bundesliga,2016-17
Sat Dec 17 2016,FC Augsburg,Bor. Mönchengladbach,1,0,Bundesliga,2016-17
Sat Dec 17 2016,RB Leipzig,Hertha BSC,2,0,Bundesliga,2016-17
Sat Dec 17 2016,Werder Bremen,1. FC Köln,1,1,Bundesliga,2016-17
Sat Dec 17 2016,FC Schalke 04,SC Freiburg,1,1,Bundesliga,2016-17
Sat Dec 17 2016,VfL Wolfsburg,Eintracht Frankfurt,1,0,Bundesliga,2016-17
Sun Dec 18 2016,SV Darmstadt 98,Bayern München,0,1,Bundesliga,2016-17
Sun Dec 18 2016,Bayer 04 Leverkusen,FC Ingolstadt 04,1,2,Bundesliga,2016-17
Tue Dec 20 2016,Borussia Dortmund,FC Augsburg,1,1,Bundesliga,2016-17
Tue Dec 20 2016,Eintracht Frankfurt,1. FSV Mainz 05,3,0,Bundesliga,2016-17
Tue Dec 20 2016,Bor. Mönchengladbach,VfL Wolfsburg,1,2,Bundesliga,2016-17
Tue Dec 20 2016,Hamburger SV,FC Schalke 04,2,1,Bundesliga,2016-17
Wed Dec 21 2016,1. FC Köln,Bayer 04 Leverkusen,1,1,Bundesliga,2016-17
Wed Dec 21 2016,Hertha BSC,SV Darmstadt 98,2,0,Bundesliga,2016-17
Wed Dec 21 2016,FC Ingolstadt 04,SC Freiburg,1,2,Bundesliga,2016-17
Wed Dec 21 2016,Bayern München,RB Leipzig,3,0,Bundesliga,2016-17
Wed Dec 21 2016,TSG 1899 Hoffenheim,Werder Bremen,1,1,Bundesliga,2016-17
Fri Jan 20 2017,SC Freiburg,Bayern München,1,2,Bundesliga,2016-17
Sat Jan 21 2017,SV Darmstadt 98,Bor. Mönchengladbach,0,0,Bundesliga,2016-17
Sat Jan 21 2017,FC Augsburg,TSG 1899 Hoffenheim,0,2,Bundesliga,2016-17
Sat Jan 21 2017,FC Schalke 04,FC Ingolstadt 04,1,0,Bundesliga,2016-17
Sat Jan 21 2017,VfL Wolfsburg,Hamburger SV,1,0,Bundesliga,2016-17
Sat Jan 21 2017,Werder Bremen,Borussia Dortmund,1,2,Bundesliga,2016-17
Sat Jan 21 2017,RB Leipzig,Eintracht Frankfurt,3,0,Bundesliga,2016-17
Sun Jan 22 2017,Bayer 04 Leverkusen,Hertha BSC,3,1,Bundesliga,2016-17
Sun Jan 22 2017,1. FSV Mainz 05,1. FC Köln,0,0,Bundesliga,2016-17
Fri Jan 27 2017,FC Schalke 04,Eintracht Frankfurt,0,1,Bundesliga,2016-17
Sat Jan 28 2017,FC Ingolstadt 04,Hamburger SV,3,1,Bundesliga,2016-17
Sat Jan 28 2017,Werder Bremen,Bayern München,1,2,Bundesliga,2016-17
Sat Jan 28 2017,SV Darmstadt 98,1. FC Köln,1,6,Bundesliga,2016-17
Sat Jan 28 2017,RB Leipzig,TSG 1899 Hoffenheim,2,1,Bundesliga,2016-17
Sat Jan 28 2017,VfL Wolfsburg,FC Augsburg,1,2,Bundesliga,2016-17
Sat Jan 28 2017,Bayer 04 Leverkusen,Bor. Mönchengladbach,2,3,Bundesliga,2016-17
Sun Jan 29 2017,SC Freiburg,Hertha BSC,2,1,Bundesliga,2016-17
Sun Jan 29 2017,1. FSV Mainz 05,Borussia Dortmund,1,1,Bundesliga,2016-17
Fri Feb 3 2017,Hamburger SV,Bayer 04 Leverkusen,1,0,Bundesliga,2016-17
Sat Feb 4 2017,Bayern München,FC Schalke 04,1,1,Bundesliga,2016-17
Sat Feb 4 2017,Bor. Mönchengladbach,SC Freiburg,3,0,Bundesliga,2016-17
Sat Feb 4 2017,1. FC Köln,VfL Wolfsburg,1,0,Bundesliga,2016-17
Sat Feb 4 2017,TSG 1899 Hoffenheim,1. FSV Mainz 05,4,0,Bundesliga,2016-17
Sat Feb 4 2017,Hertha BSC,FC Ingolstadt 04,1,0,Bundesliga,2016-17
Sat Feb 4 2017,Borussia Dortmund,RB Leipzig,1,0,Bundesliga,2016-17
Sun Feb 5 2017,FC Augsburg,Werder Bremen,3,2,Bundesliga,2016-17
Sun Feb 5 2017,Eintracht Frankfurt,SV Darmstadt 98,2,0,Bundesliga,2016-17
Fri Feb 10 2017,1. FSV Mainz 05,FC Augsburg,2,0,Bundesliga,2016-17
Sat Feb 11 2017,Bayer 04 Leverkusen,Eintracht Frankfurt,3,0,Bundesliga,2016-17
Sat Feb 11 2017,FC Ingolstadt 04,Bayern München,0,2,Bundesliga,2016-17
Sat Feb 11 2017,RB Leipzig,Hamburger SV,0,3,Bundesliga,2016-17
Sat Feb 11 2017,Werder Bremen,Bor. Mönchengladbach,0,1,Bundesliga,2016-17
Sat Feb 11 2017,SV Darmstadt 98,Borussia Dortmund,2,1,Bundesliga,2016-17
Sat Feb 11 2017,FC Schalke 04,Hertha BSC,2,0,Bundesliga,2016-17
Sun Feb 12 2017,VfL Wolfsburg,TSG 1899 Hoffenheim,2,1,Bundesliga,2016-17
Sun Feb 12 2017,SC Freiburg,1. FC Köln,2,1,Bundesliga,2016-17
Fri Feb 17 2017,FC Augsburg,Bayer 04 Leverkusen,1,3,Bundesliga,2016-17
Sat Feb 18 2017,Borussia Dortmund,VfL Wolfsburg,3,0,Bundesliga,2016-17
Sat Feb 18 2017,1. FSV Mainz 05,Werder Bremen,0,2,Bundesliga,2016-17
Sat Feb 18 2017,Hertha BSC,Bayern München,1,1,Bundesliga,2016-17
Sat Feb 18 2017,Eintracht Frankfurt,FC Ingolstadt 04,0,2,Bundesliga,2016-17
Sat Feb 18 2017,TSG 1899 Hoffenheim,SV Darmstadt 98,2,0,Bundesliga,2016-17
Sat Feb 18 2017,Hamburger SV,SC Freiburg,2,2,Bundesliga,2016-17
Sun Feb 19 2017,Bor. Mönchengladbach,RB Leipzig,1,2,Bundesliga,2016-17
Sun Feb 19 2017,1. FC Köln,FC Schalke 04,1,1,Bundesliga,2016-17
Fri Feb 24 2017,VfL Wolfsburg,Werder Bremen,1,2,Bundesliga,2016-17
Sat Feb 25 2017,SV Darmstadt 98,FC Augsburg,1,2,Bundesliga,2016-17
Sat Feb 25 2017,SC Freiburg,Borussia Dortmund,0,3,Bundesliga,2016-17
Sat Feb 25 2017,Bayern München,Hamburger SV,8,0,Bundesliga,2016-17
Sat Feb 25 2017,Bayer 04 Leverkusen,1. FSV Mainz 05,0,2,Bundesliga,2016-17
Sat Feb 25 2017,RB Leipzig,1. FC Köln,3,1,Bundesliga,2016-17
Sat Feb 25 2017,Hertha BSC,Eintracht Frankfurt,2,0,Bundesliga,2016-17
Sun Feb 26 2017,FC Ingolstadt 04,Bor. Mönchengladbach,0,2,Bundesliga,2016-17
Sun Feb 26 2017,FC Schalke 04,TSG 1899 Hoffenheim,1,1,Bundesliga,2016-17
Fri Mar 3 2017,FC Augsburg,RB Leipzig,2,2,Bundesliga,2016-17
Sat Mar 4 2017,TSG 1899 Hoffenheim,FC Ingolstadt 04,5,2,Bundesliga,2016-17
Sat Mar 4 2017,1. FSV Mainz 05,VfL Wolfsburg,1,1,Bundesliga,2016-17
Sat Mar 4 2017,Borussia Dortmund,Bayer 04 Leverkusen,6,2,Bundesliga,2016-17
Sat Mar 4 2017,Werder Bremen,SV Darmstadt 98,2,0,Bundesliga,2016-17
Sat Mar 4 2017,1. FC Köln,Bayern München,0,3,Bundesliga,2016-17
Sat Mar 4 2017,Bor. Mönchengladbach,FC Schalke 04,4,2,Bundesliga,2016-17
Sun Mar 5 2017,Eintracht Frankfurt,SC Freiburg,1,2,Bundesliga,2016-17
Sun Mar 5 2017,Hamburger SV,Hertha BSC,1,0,Bundesliga,2016-17
Fri Mar 10 2017,Bayer 04 Leverkusen,Werder Bremen,1,1,Bundesliga,2016-17
Sat Mar 11 2017,Hertha BSC,Borussia Dortmund,2,1,Bundesliga,2016-17
Sat Mar 11 2017,RB Leipzig,VfL Wolfsburg,0,1,Bundesliga,2016-17
Sat Mar 11 2017,SV Darmstadt 98,1. FSV Mainz 05,2,1,Bundesliga,2016-17
Sat Mar 11 2017,Bayern München,Eintracht Frankfurt,3,0,Bundesliga,2016-17
Sat Mar 11 2017,SC Freiburg,TSG 1899 Hoffenheim,1,1,Bundesliga,2016-17
Sat Mar 11 2017,FC Ingolstadt 04,1. FC Köln,2,2,Bundesliga,2016-17
Sun Mar 12 2017,FC Schalke 04,FC Augsburg,3,0,Bundesliga,2016-17
Sun Mar 12 2017,Hamburger SV,Bor. Mönchengladbach,2,1,Bundesliga,2016-17
Fri Mar 17 2017,Borussia Dortmund,FC Ingolstadt 04,1,0,Bundesliga,2016-17
Sat Mar 18 2017,Werder Bremen,RB Leipzig,3,0,Bundesliga,2016-17
Sat Mar 18 2017,1. FC Köln,Hertha BSC,4,2,Bundesliga,2016-17
Sat Mar 18 2017,FC Augsburg,SC Freiburg,1,1,Bundesliga,2016-17
Sat Mar 18 2017,TSG 1899 Hoffenheim,Bayer 04 Leverkusen,1,0,Bundesliga,2016-17
Sat Mar 18 2017,VfL Wolfsburg,SV Darmstadt 98,1,0,Bundesliga,2016-17
Sat Mar 18 2017,Eintracht Frankfurt,Hamburger SV,0,0,Bundesliga,2016-17
Sun Mar 19 2017,1. FSV Mainz 05,FC Schalke 04,0,1,Bundesliga,2016-17
Sun Mar 19 2017,Bor. Mönchengladbach,Bayern München,0,1,Bundesliga,2016-17
Fri Mar 31 2017,Hertha BSC,TSG 1899 Hoffenheim,1,3,Bundesliga,2016-17
Sat Apr 1 2017,Bayern München,FC Augsburg,6,0,Bundesliga,2016-17
Sat Apr 1 2017,RB Leipzig,SV Darmstadt 98,4,0,Bundesliga,2016-17
Sat Apr 1 2017,FC Schalke 04,Borussia Dortmund,1,1,Bundesliga,2016-17
Sat Apr 1 2017,Hamburger SV,1. FC Köln,2,1,Bundesliga,2016-17
Sat Apr 1 2017,SC Freiburg,Werder Bremen,2,5,Bundesliga,2016-17
Sat Apr 1 2017,Eintracht Frankfurt,Bor. Mönchengladbach,0,0,Bundesliga,2016-17
Sun Apr 2 2017,FC Ingolstadt 04,1. FSV Mainz 05,2,1,Bundesliga,2016-17
Sun Apr 2 2017,Bayer 04 Leverkusen,VfL Wolfsburg,3,3,Bundesliga,2016-17
Tue Apr 4 2017,Werder Bremen,FC Schalke 04,3,0,Bundesliga,2016-17
Tue Apr 4 2017,1. FC Köln,Eintracht Frankfurt,1,0,Bundesliga,2016-17
Tue Apr 4 2017,Borussia Dortmund,Hamburger SV,3,0,Bundesliga,2016-17
Tue Apr 4 2017,TSG 1899 Hoffenheim,Bayern München,1,0,Bundesliga,2016-17
Wed Apr 5 2017,SV Darmstadt 98,Bayer 04 Leverkusen,0,2,Bundesliga,2016-17
Wed Apr 5 2017,Bor. Mönchengladbach,Hertha BSC,1,0,Bundesliga,2016-17
Wed Apr 5 2017,1. FSV Mainz 05,RB Leipzig,2,3,Bundesliga,2016-17
Wed Apr 5 2017,FC Augsburg,FC Ingolstadt 04,2,3,Bundesliga,2016-17
Wed Apr 5 2017,VfL Wolfsburg,SC Freiburg,0,1,Bundesliga,2016-17
Fri Apr 7 2017,Eintracht Frankfurt,Werder Bremen,2,2,Bundesliga,2016-17
Sat Apr 8 2017,RB Leipzig,Bayer 04 Leverkusen,1,0,Bundesliga,2016-17
Sat Apr 8 2017,FC Schalke 04,VfL Wolfsburg,4,1,Bundesliga,2016-17
Sat Apr 8 2017,Hamburger SV,TSG 1899 Hoffenheim,2,1,Bundesliga,2016-17
Sat Apr 8 2017,SC Freiburg,1. FSV Mainz 05,1,0,Bundesliga,2016-17
Sat Apr 8 2017,1. FC Köln,Bor. Mönchengladbach,2,3,Bundesliga,2016-17
Sat Apr 8 2017,Bayern München,Borussia Dortmund,4,1,Bundesliga,2016-17
Sun Apr 9 2017,Hertha BSC,FC Augsburg,2,0,Bundesliga,2016-17
Sun Apr 9 2017,FC Ingolstadt 04,SV Darmstadt 98,3,2,Bundesliga,2016-17
Sat Apr 15 2017,RB Leipzig,SC Freiburg,4,0,Bundesliga,2016-17
Sat Apr 15 2017,Borussia Dortmund,Eintracht Frankfurt,3,1,Bundesliga,2016-17
Sat Apr 15 2017,TSG 1899 Hoffenheim,Bor. Mönchengladbach,5,3,Bundesliga,2016-17
Sat Apr 15 2017,FC Augsburg,1. FC Köln,2,1,Bundesliga,2016-17
Sat Apr 15 2017,VfL Wolfsburg,FC Ingolstadt 04,3,0,Bundesliga,2016-17
Sat Apr 15 2017,1. FSV Mainz 05,Hertha BSC,1,0,Bundesliga,2016-17
Sat Apr 15 2017,Bayer 04 Leverkusen,Bayern München,0,0,Bundesliga,2016-17
Sun Apr 16 2017,Werder Bremen,Hamburger SV,2,1,Bundesliga,2016-17
Sun Apr 16 2017,SV Darmstadt 98,FC Schalke 04,2,1,Bundesliga,2016-17
Fri Apr 21 2017,1. FC Köln,TSG 1899 Hoffenheim,1,1,Bundesliga,2016-17
Sat Apr 22 2017,Eintracht Frankfurt,FC Augsburg,3,1,Bundesliga,2016-17
Sat Apr 22 2017,FC Ingolstadt 04,Werder Bremen,2,4,Bundesliga,2016-17
Sat Apr 22 2017,Bayern München,1. FSV Mainz 05,2,2,Bundesliga,2016-17
Sat Apr 22 2017,Hertha BSC,VfL Wolfsburg,1,0,Bundesliga,2016-17
Sat Apr 22 2017,Hamburger SV,SV Darmstadt 98,1,2,Bundesliga,2016-17
Sat Apr 22 2017,Bor. Mönchengladbach,Borussia Dortmund,2,3,Bundesliga,2016-17
Sun Apr 23 2017,SC Freiburg,Bayer 04 Leverkusen,2,1,Bundesliga,2016-17
Sun Apr 23 2017,FC Schalke 04,RB Leipzig,1,1,Bundesliga,2016-17
Fri Apr 28 2017,Bayer 04 Leverkusen,FC Schalke 04,1,4,Bundesliga,2016-17
Sat Apr 29 2017,RB Leipzig,FC Ingolstadt 04,0,0,Bundesliga,2016-17
Sat Apr 29 2017,1. FSV Mainz 05,Bor. Mönchengladbach,1,2,Bundesliga,2016-17
Sat Apr 29 2017,Borussia Dortmund,1. FC Köln,0,0,Bundesliga,2016-17
Sat Apr 29 2017,SV Darmstadt 98,SC Freiburg,3,0,Bundesliga,2016-17
Sat Apr 29 2017,Werder Bremen,Hertha BSC,2,0,Bundesliga,2016-17
Sat Apr 29 2017,VfL Wolfsburg,Bayern München,0,6,Bundesliga,2016-17
Sun Apr 30 2017,FC Augsburg,Hamburger SV,4,0,Bundesliga,2016-17
Sun Apr 30 2017,TSG 1899 Hoffenheim,Eintracht Frankfurt,1,0,Bundesliga,2016-17
Fri May 5 2017,1. FC Köln,Werder Bremen,4,3,Bundesliga,2016-17
Sat May 6 2017,Eintracht Frankfurt,VfL Wolfsburg,0,2,Bundesliga,2016-17
Sat May 6 2017,Bayern München,SV Darmstadt 98,1,0,Bundesliga,2016-17
Sat May 6 2017,Bor. Mönchengladbach,FC Augsburg,1,1,Bundesliga,2016-17
Sat May 6 2017,Borussia Dortmund,TSG 1899 Hoffenheim,2,1,Bundesliga,2016-17
Sat May 6 2017,FC Ingolstadt 04,Bayer 04 Leverkusen,1,1,Bundesliga,2016-17
Sat May 6 2017,Hertha BSC,RB Leipzig,1,4,Bundesliga,2016-17
Sun May 7 2017,Hamburger SV,1. FSV Mainz 05,0,0,Bundesliga,2016-17
Sun May 7 2017,SC Freiburg,FC Schalke 04,2,0,Bundesliga,2016-17
Sat May 13 2017,SC Freiburg,FC Ingolstadt 04,1,1,Bundesliga,2016-17
Sat May 13 2017,VfL Wolfsburg,Bor. Mönchengladbach,1,1,Bundesliga,2016-17
Sat May 13 2017,1. FSV Mainz 05,Eintracht Frankfurt,4,2,Bundesliga,2016-17
Sat May 13 2017,RB Leipzig,Bayern München,4,5,Bundesliga,2016-17
Sat May 13 2017,SV Darmstadt 98,Hertha BSC,0,2,Bundesliga,2016-17
Sat May 13 2017,FC Schalke 04,Hamburger SV,1,1,Bundesliga,2016-17
Sat May 13 2017,FC Augsburg,Borussia Dortmund,1,1,Bundesliga,2016-17
Sat May 13 2017,Bayer 04 Leverkusen,1. FC Köln,2,2,Bundesliga,2016-17
Sat May 13 2017,Werder Bremen,TSG 1899 Hoffenheim,3,5,Bundesliga,2016-17
Sat May 20 2017,Bayern München,SC Freiburg,4,1,Bundesliga,2016-17
Sat May 20 2017,1. FC Köln,1. FSV Mainz 05,2,0,Bundesliga,2016-17
Sat May 20 2017,TSG 1899 Hoffenheim,FC Augsburg,0,0,Bundesliga,2016-17
Sat May 20 2017,Hertha BSC,Bayer 04 Leverkusen,2,6,Bundesliga,2016-17
Sat May 20 2017,Eintracht Frankfurt,RB Leipzig,2,2,Bundesliga,2016-17
Sat May 20 2017,Bor. Mönchengladbach,SV Darmstadt 98,2,2,Bundesliga,2016-17
Sat May 20 2017,FC Ingolstadt 04,FC Schalke 04,1,1,Bundesliga,2016-17
Sat May 20 2017,Borussia Dortmund,Werder Bremen,4,3,Bundesliga,2016-17
Sat May 20 2017,Hamburger SV,VfL Wolfsburg,2,1,Bundesliga,2016-17
Fri Aug 18 2017,Bayern München,Bayer 04 Leverkusen,3,1,Bundesliga,2017-18
Sat Aug 19 2017,Hamburger SV,FC Augsburg,1,0,Bundesliga,2017-18
Sat Aug 19 2017,TSG 1899 Hoffenheim,Werder Bremen,1,0,Bundesliga,2017-18
Sat Aug 19 2017,VfL Wolfsburg,Borussia Dortmund,0,3,Bundesliga,2017-18
Sat Aug 19 2017,Hertha BSC,VfB Stuttgart,2,0,Bundesliga,2017-18
Sat Aug 19 2017,1. FSV Mainz 05,Hannover 96,0,1,Bundesliga,2017-18
Sat Aug 19 2017,FC Schalke 04,RB Leipzig,2,0,Bundesliga,2017-18
Sun Aug 20 2017,SC Freiburg,Eintracht Frankfurt,0,0,Bundesliga,2017-18
Sun Aug 20 2017,Bor. Mönchengladbach,1. FC Köln,1,0,Bundesliga,2017-18
Fri Aug 25 2017,1. FC Köln,Hamburger SV,1,3,Bundesliga,2017-18
Sat Aug 26 2017,VfB Stuttgart,1. FSV Mainz 05,1,0,Bundesliga,2017-18
Sat Aug 26 2017,Eintracht Frankfurt,VfL Wolfsburg,0,1,Bundesliga,2017-18
Sat Aug 26 2017,FC Augsburg,Bor. Mönchengladbach,2,2,Bundesliga,2017-18
Sat Aug 26 2017,Bayer 04 Leverkusen,TSG 1899 Hoffenheim,2,2,Bundesliga,2017-18
Sat Aug 26 2017,Werder Bremen,Bayern München,0,2,Bundesliga,2017-18
Sat Aug 26 2017,Borussia Dortmund,Hertha BSC,2,0,Bundesliga,2017-18
Sun Aug 27 2017,RB Leipzig,SC Freiburg,4,1,Bundesliga,2017-18
Sun Aug 27 2017,Hannover 96,FC Schalke 04,1,0,Bundesliga,2017-18
Fri Sep 8 2017,Hamburger SV,RB Leipzig,0,2,Bundesliga,2017-18
Sat Sep 9 2017,Bor. Mönchengladbach,Eintracht Frankfurt,0,1,Bundesliga,2017-18
Sat Sep 9 2017,FC Augsburg,1. FC Köln,3,0,Bundesliga,2017-18
Sat Sep 9 2017,VfL Wolfsburg,Hannover 96,1,1,Bundesliga,2017-18
Sat Sep 9 2017,1. FSV Mainz 05,Bayer 04 Leverkusen,3,1,Bundesliga,2017-18
Sat Sep 9 2017,SC Freiburg,Borussia Dortmund,0,0,Bundesliga,2017-18
Sat Sep 9 2017,TSG 1899 Hoffenheim,Bayern München,2,0,Bundesliga,2017-18
Sun Sep 10 2017,Hertha BSC,Werder Bremen,1,1,Bundesliga,2017-18
Sun Sep 10 2017,FC Schalke 04,VfB Stuttgart,3,1,Bundesliga,2017-18
Fri Sep 15 2017,Hannover 96,Hamburger SV,2,0,Bundesliga,2017-18
Sat Sep 16 2017,Eintracht Frankfurt,FC Augsburg,1,2,Bundesliga,2017-18
Sat Sep 16 2017,Werder Bremen,FC Schalke 04,1,2,Bundesliga,2017-18
Sat Sep 16 2017,Bayern München,1. FSV Mainz 05,4,0,Bundesliga,2017-18
Sat Sep 16 2017,VfB Stuttgart,VfL Wolfsburg,1,0,Bundesliga,2017-18
Sat Sep 16 2017,RB Leipzig,Bor. Mönchengladbach,2,2,Bundesliga,2017-18
Sun Sep 17 2017,TSG 1899 Hoffenheim,Hertha BSC,1,1,Bundesliga,2017-18
Sun Sep 17 2017,Bayer 04 Leverkusen,SC Freiburg,4,0,Bundesliga,2017-18
Sun Sep 17 2017,Borussia Dortmund,1. FC Köln,5,0,Bundesliga,2017-18
Tue Sep 19 2017,Bor. Mönchengladbach,VfB Stuttgart,2,0,Bundesliga,2017-18
Tue Sep 19 2017,FC Augsburg,RB Leipzig,1,0,Bundesliga,2017-18
Tue Sep 19 2017,FC Schalke 04,Bayern München,0,3,Bundesliga,2017-18
Tue Sep 19 2017,VfL Wolfsburg,Werder Bremen,1,1,Bundesliga,2017-18
Wed Sep 20 2017,1. FC Köln,Eintracht Frankfurt,0,1,Bundesliga,2017-18
Wed Sep 20 2017,Hertha BSC,Bayer 04 Leverkusen,2,1,Bundesliga,2017-18
Wed Sep 20 2017,1. FSV Mainz 05,TSG 1899 Hoffenheim,2,3,Bundesliga,2017-18
Wed Sep 20 2017,SC Freiburg,Hannover 96,1,1,Bundesliga,2017-18
Wed Sep 20 2017,Hamburger SV,Borussia Dortmund,0,3,Bundesliga,2017-18
Fri Sep 22 2017,Bayern München,VfL Wolfsburg,2,2,Bundesliga,2017-18
Sat Sep 23 2017,Werder Bremen,SC Freiburg,0,0,Bundesliga,2017-18
Sat Sep 23 2017,TSG 1899 Hoffenheim,FC Schalke 04,2,0,Bundesliga,2017-18
Sat Sep 23 2017,1. FSV Mainz 05,Hertha BSC,1,0,Bundesliga,2017-18
Sat Sep 23 2017,VfB Stuttgart,FC Augsburg,0,0,Bundesliga,2017-18
Sat Sep 23 2017,RB Leipzig,Eintracht Frankfurt,2,1,Bundesliga,2017-18
Sat Sep 23 2017,Borussia Dortmund,Bor. Mönchengladbach,6,1,Bundesliga,2017-18
Sun Sep 24 2017,Hannover 96,1. FC Köln,0,0,Bundesliga,2017-18
Sun Sep 24 2017,Bayer 04 Leverkusen,Hamburger SV,3,0,Bundesliga,2017-18
Fri Sep 29 2017,FC Schalke 04,Bayer 04 Leverkusen,1,1,Bundesliga,2017-18
Sat Sep 30 2017,Eintracht Frankfurt,VfB Stuttgart,2,1,Bundesliga,2017-18
Sat Sep 30 2017,Bor. Mönchengladbach,Hannover 96,2,1,Bundesliga,2017-18
Sat Sep 30 2017,FC Augsburg,Borussia Dortmund,1,2,Bundesliga,2017-18
Sat Sep 30 2017,VfL Wolfsburg,1. FSV Mainz 05,1,1,Bundesliga,2017-18
Sat Sep 30 2017,Hamburger SV,Werder Bremen,0,0,Bundesliga,2017-18
Sun Oct 1 2017,SC Freiburg,TSG 1899 Hoffenheim,3,2,Bundesliga,2017-18
Sun Oct 1 2017,Hertha BSC,Bayern München,2,2,Bundesliga,2017-18
Sun Oct 1 2017,1. FC Köln,RB Leipzig,1,2,Bundesliga,2017-18
Fri Oct 13 2017,VfB Stuttgart,1. FC Köln,2,1,Bundesliga,2017-18
Sat Oct 14 2017,TSG 1899 Hoffenheim,FC Augsburg,2,2,Bundesliga,2017-18
Sat Oct 14 2017,1. FSV Mainz 05,Hamburger SV,3,2,Bundesliga,2017-18
Sat Oct 14 2017,Hannover 96,Eintracht Frankfurt,1,2,Bundesliga,2017-18
Sat Oct 14 2017,Hertha BSC,FC Schalke 04,0,2,Bundesliga,2017-18
Sat Oct 14 2017,Bayern München,SC Freiburg,5,0,Bundesliga,2017-18
Sat Oct 14 2017,Borussia Dortmund,RB Leipzig,2,3,Bundesliga,2017-18
Sun Oct 15 2017,Bayer 04 Leverkusen,VfL Wolfsburg,2,2,Bundesliga,2017-18
Sun Oct 15 2017,Werder Bremen,Bor. Mönchengladbach,0,2,Bundesliga,2017-18
Fri Oct 20 2017,FC Schalke 04,1. FSV Mainz 05,2,0,Bundesliga,2017-18
Sat Oct 21 2017,Bor. Mönchengladbach,Bayer 04 Leverkusen,1,5,Bundesliga,2017-18
Sat Oct 21 2017,FC Augsburg,Hannover 96,1,2,Bundesliga,2017-18
Sat Oct 21 2017,RB Leipzig,VfB Stuttgart,1,0,Bundesliga,2017-18
Sat Oct 21 2017,Eintracht Frankfurt,Borussia Dortmund,2,2,Bundesliga,2017-18
Sat Oct 21 2017,Hamburger SV,Bayern München,0,1,Bundesliga,2017-18
Sun Oct 22 2017,1. FC Köln,Werder Bremen,0,0,Bundesliga,2017-18
Sun Oct 22 2017,SC Freiburg,Hertha BSC,1,1,Bundesliga,2017-18
Sun Oct 22 2017,VfL Wolfsburg,TSG 1899 Hoffenheim,1,1,Bundesliga,2017-18
Fri Oct 27 2017,1. FSV Mainz 05,Eintracht Frankfurt,1,1,Bundesliga,2017-18
Sat Oct 28 2017,TSG 1899 Hoffenheim,Bor. Mönchengladbach,1,3,Bundesliga,2017-18
Sat Oct 28 2017,Hertha BSC,Hamburger SV,2,1,Bundesliga,2017-18
Sat Oct 28 2017,FC Schalke 04,VfL Wolfsburg,1,1,Bundesliga,2017-18
Sat Oct 28 2017,Bayer 04 Leverkusen,1. FC Köln,2,1,Bundesliga,2017-18
Sat Oct 28 2017,Hannover 96,Borussia Dortmund,4,2,Bundesliga,2017-18
Sat Oct 28 2017,Bayern München,RB Leipzig,2,0,Bundesliga,2017-18
Sun Oct 29 2017,Werder Bremen,FC Augsburg,0,3,Bundesliga,2017-18
Sun Oct 29 2017,VfB Stuttgart,SC Freiburg,3,0,Bundesliga,2017-18
Fri Nov 3 2017,Eintracht Frankfurt,Werder Bremen,2,1,Bundesliga,2017-18
Sat Nov 4 2017,RB Leipzig,Hannover 96,2,1,Bundesliga,2017-18
Sat Nov 4 2017,Hamburger SV,VfB Stuttgart,3,1,Bundesliga,2017-18
Sat Nov 4 2017,SC Freiburg,FC Schalke 04,0,1,Bundesliga,2017-18
Sat Nov 4 2017,Bor. Mönchengladbach,1. FSV Mainz 05,1,1,Bundesliga,2017-18
Sat Nov 4 2017,FC Augsburg,Bayer 04 Leverkusen,1,1,Bundesliga,2017-18
Sat Nov 4 2017,Borussia Dortmund,Bayern München,1,3,Bundesliga,2017-18
Sun Nov 5 2017,1. FC Köln,TSG 1899 Hoffenheim,0,3,Bundesliga,2017-18
Sun Nov 5 2017,VfL Wolfsburg,Hertha BSC,3,3,Bundesliga,2017-18
Fri Nov 17 2017,VfB Stuttgart,Borussia Dortmund,2,1,Bundesliga,2017-18
Sat Nov 18 2017,Bayern München,FC Augsburg,3,0,Bundesliga,2017-18
Sat Nov 18 2017,VfL Wolfsburg,SC Freiburg,3,1,Bundesliga,2017-18
Sat Nov 18 2017,Bayer 04 Leverkusen,RB Leipzig,2,2,Bundesliga,2017-18
Sat Nov 18 2017,1. FSV Mainz 05,1. FC Köln,1,0,Bundesliga,2017-18
Sat Nov 18 2017,TSG 1899 Hoffenheim,Eintracht Frankfurt,1,1,Bundesliga,2017-18
Sat Nov 18 2017,Hertha BSC,Bor. Mönchengladbach,2,4,Bundesliga,2017-18
Sun Nov 19 2017,FC Schalke 04,Hamburger SV,2,0,Bundesliga,2017-18
Sun Nov 19 2017,Werder Bremen,Hannover 96,4,0,Bundesliga,2017-18
Fri Nov 24 2017,Hannover 96,VfB Stuttgart,1,1,Bundesliga,2017-18
Sat Nov 25 2017,RB Leipzig,Werder Bremen,2,0,Bundesliga,2017-18
Sat Nov 25 2017,SC Freiburg,1. FSV Mainz 05,2,1,Bundesliga,2017-18
Sat Nov 25 2017,FC Augsburg,VfL Wolfsburg,2,1,Bundesliga,2017-18
Sat Nov 25 2017,Eintracht Frankfurt,Bayer 04 Leverkusen,0,1,Bundesliga,2017-18
Sat Nov 25 2017,Borussia Dortmund,FC Schalke 04,4,4,Bundesliga,2017-18
Sat Nov 25 2017,Bor. Mönchengladbach,Bayern München,2,1,Bundesliga,2017-18
Sun Nov 26 2017,Hamburger SV,TSG 1899 Hoffenheim,3,0,Bundesliga,2017-18
Sun Nov 26 2017,1. FC Köln,Hertha BSC,0,2,Bundesliga,2017-18
Fri Dec 1 2017,SC Freiburg,Hamburger SV,0,0,Bundesliga,2017-18
Sat Dec 2 2017,1. FSV Mainz 05,FC Augsburg,1,3,Bundesliga,2017-18
Sat Dec 2 2017,Werder Bremen,VfB Stuttgart,1,0,Bundesliga,2017-18
Sat Dec 2 2017,Bayer 04 Leverkusen,Borussia Dortmund,1,1,Bundesliga,2017-18
Sat Dec 2 2017,Bayern München,Hannover 96,3,1,Bundesliga,2017-18
Sat Dec 2 2017,TSG 1899 Hoffenheim,RB Leipzig,4,0,Bundesliga,2017-18
Sat Dec 2 2017,FC Schalke 04,1. FC Köln,2,2,Bundesliga,2017-18
Sun Dec 3 2017,Hertha BSC,Eintracht Frankfurt,1,2,Bundesliga,2017-18
Sun Dec 3 2017,VfL Wolfsburg,Bor. Mönchengladbach,3,0,Bundesliga,2017-18
Fri Dec 8 2017,VfB Stuttgart,Bayer 04 Leverkusen,0,2,Bundesliga,2017-18
Sat Dec 9 2017,Borussia Dortmund,Werder Bremen,1,2,Bundesliga,2017-18
Sat Dec 9 2017,Hamburger SV,VfL Wolfsburg,0,0,Bundesliga,2017-18
Sat Dec 9 2017,Eintracht Frankfurt,Bayern München,0,1,Bundesliga,2017-18
Sat Dec 9 2017,RB Leipzig,1. FSV Mainz 05,2,2,Bundesliga,2017-18
Sat Dec 9 2017,Bor. Mönchengladbach,FC Schalke 04,1,1,Bundesliga,2017-18
Sun Dec 10 2017,1. FC Köln,SC Freiburg,3,4,Bundesliga,2017-18
Sun Dec 10 2017,Hannover 96,TSG 1899 Hoffenheim,2,0,Bundesliga,2017-18
Sun Dec 10 2017,FC Augsburg,Hertha BSC,1,1,Bundesliga,2017-18
Tue Dec 12 2017,VfL Wolfsburg,RB Leipzig,1,1,Bundesliga,2017-18
Tue Dec 12 2017,Hamburger SV,Eintracht Frankfurt,1,2,Bundesliga,2017-18
Tue Dec 12 2017,SC Freiburg,Bor. Mönchengladbach,1,0,Bundesliga,2017-18
Tue Dec 12 2017,1. FSV Mainz 05,Borussia Dortmund,0,2,Bundesliga,2017-18
Wed Dec 13 2017,TSG 1899 Hoffenheim,VfB Stuttgart,1,0,Bundesliga,2017-18
Wed Dec 13 2017,FC Schalke 04,FC Augsburg,3,2,Bundesliga,2017-18
Wed Dec 13 2017,Bayern München,1. FC Köln,1,0,Bundesliga,2017-18
Wed Dec 13 2017,Bayer 04 Leverkusen,Werder Bremen,1,0,Bundesliga,2017-18
Wed Dec 13 2017,Hertha BSC,Hannover 96,3,1,Bundesliga,2017-18
Fri Dec 15 2017,Bor. Mönchengladbach,Hamburger SV,3,1,Bundesliga,2017-18
Sat Dec 16 2017,1. FC Köln,VfL Wolfsburg,1,0,Bundesliga,2017-18
Sat Dec 16 2017,VfB Stuttgart,Bayern München,0,1,Bundesliga,2017-18
Sat Dec 16 2017,Eintracht Frankfurt,FC Schalke 04,2,2,Bundesliga,2017-18
Sat Dec 16 2017,FC Augsburg,SC Freiburg,3,3,Bundesliga,2017-18
Sat Dec 16 2017,Werder Bremen,1. FSV Mainz 05,2,2,Bundesliga,2017-18
Sat Dec 16 2017,Borussia Dortmund,TSG 1899 Hoffenheim,2,1,Bundesliga,2017-18
Sun Dec 17 2017,Hannover 96,Bayer 04 Leverkusen,4,4,Bundesliga,2017-18
Sun Dec 17 2017,RB Leipzig,Hertha BSC,2,3,Bundesliga,2017-18
Fri Jan 12 2018,Bayer 04 Leverkusen,Bayern München,1,3,Bundesliga,2017-18
Sat Jan 13 2018,VfB Stuttgart,Hertha BSC,1,0,Bundesliga,2017-18
Sat Jan 13 2018,Eintracht Frankfurt,SC Freiburg,1,1,Bundesliga,2017-18
Sat Jan 13 2018,Hannover 96,1. FSV Mainz 05,3,2,Bundesliga,2017-18
Sat Jan 13 2018,Werder Bremen,TSG 1899 Hoffenheim,1,1,Bundesliga,2017-18
Sat Jan 13 2018,FC Augsburg,Hamburger SV,1,0,Bundesliga,2017-18
Sat Jan 13 2018,RB Leipzig,FC Schalke 04,3,1,Bundesliga,2017-18
Sun Jan 14 2018,1. FC Köln,Bor. Mönchengladbach,2,1,Bundesliga,2017-18
Sun Jan 14 2018,Borussia Dortmund,VfL Wolfsburg,0,0,Bundesliga,2017-18
Fri Jan 19 2018,Hertha BSC,Borussia Dortmund,1,1,Bundesliga,2017-18
Sat Jan 20 2018,1. FSV Mainz 05,VfB Stuttgart,3,2,Bundesliga,2017-18
Sat Jan 20 2018,TSG 1899 Hoffenheim,Bayer 04 Leverkusen,1,4,Bundesliga,2017-18
Sat Jan 20 2018,VfL Wolfsburg,Eintracht Frankfurt,1,3,Bundesliga,2017-18
Sat Jan 20 2018,SC Freiburg,RB Leipzig,2,1,Bundesliga,2017-18
Sat Jan 20 2018,Bor. Mönchengladbach,FC Augsburg,2,0,Bundesliga,2017-18
Sat Jan 20 2018,Hamburger SV,1. FC Köln,0,2,Bundesliga,2017-18
Sun Jan 21 2018,Bayern München,Werder Bremen,4,2,Bundesliga,2017-18
Sun Jan 21 2018,FC Schalke 04,Hannover 96,1,1,Bundesliga,2017-18
Fri Jan 26 2018,Eintracht Frankfurt,Bor. Mönchengladbach,2,0,Bundesliga,2017-18
Sat Jan 27 2018,Bayern München,TSG 1899 Hoffenheim,5,2,Bundesliga,2017-18
Sat Jan 27 2018,RB Leipzig,Hamburger SV,1,1,Bundesliga,2017-18
Sat Jan 27 2018,VfB Stuttgart,FC Schalke 04,0,2,Bundesliga,2017-18
Sat Jan 27 2018,Borussia Dortmund,SC Freiburg,2,2,Bundesliga,2017-18
Sat Jan 27 2018,1. FC Köln,FC Augsburg,1,1,Bundesliga,2017-18
Sat Jan 27 2018,Werder Bremen,Hertha BSC,0,0,Bundesliga,2017-18
Sun Jan 28 2018,Bayer 04 Leverkusen,1. FSV Mainz 05,2,0,Bundesliga,2017-18
Sun Jan 28 2018,Hannover 96,VfL Wolfsburg,0,1,Bundesliga,2017-18
Fri Feb 2 2018,1. FC Köln,Borussia Dortmund,2,3,Bundesliga,2017-18
Sat Feb 3 2018,SC Freiburg,Bayer 04 Leverkusen,0,0,Bundesliga,2017-18
Sat Feb 3 2018,1. FSV Mainz 05,Bayern München,0,2,Bundesliga,2017-18
Sat Feb 3 2018,Hertha BSC,TSG 1899 Hoffenheim,1,1,Bundesliga,2017-18
Sat Feb 3 2018,VfL Wolfsburg,VfB Stuttgart,1,1,Bundesliga,2017-18
Sat Feb 3 2018,FC Schalke 04,Werder Bremen,1,2,Bundesliga,2017-18
Sat Feb 3 2018,Bor. Mönchengladbach,RB Leipzig,0,1,Bundesliga,2017-18
Sun Feb 4 2018,FC Augsburg,Eintracht Frankfurt,3,0,Bundesliga,2017-18
Sun Feb 4 2018,Hamburger SV,Hannover 96,1,1,Bundesliga,2017-18
Fri Feb 9 2018,RB Leipzig,FC Augsburg,2,0,Bundesliga,2017-18
Sat Feb 10 2018,TSG 1899 Hoffenheim,1. FSV Mainz 05,4,2,Bundesliga,2017-18
Sat Feb 10 2018,Bayer 04 Leverkusen,Hertha BSC,0,2,Bundesliga,2017-18
Sat Feb 10 2018,Hannover 96,SC Freiburg,2,1,Bundesliga,2017-18
Sat Feb 10 2018,Eintracht Frankfurt,1. FC Köln,4,2,Bundesliga,2017-18
Sat Feb 10 2018,Borussia Dortmund,Hamburger SV,2,0,Bundesliga,2017-18
Sat Feb 10 2018,Bayern München,FC Schalke 04,2,1,Bundesliga,2017-18
Sun Feb 11 2018,VfB Stuttgart,Bor. Mönchengladbach,1,0,Bundesliga,2017-18
Sun Feb 11 2018,Werder Bremen,VfL Wolfsburg,3,1,Bundesliga,2017-18
Fri Feb 16 2018,Hertha BSC,1. FSV Mainz 05,0,2,Bundesliga,2017-18
Sat Feb 17 2018,1. FC Köln,Hannover 96,1,1,Bundesliga,2017-18
Sat Feb 17 2018,VfL Wolfsburg,Bayern München,1,2,Bundesliga,2017-18
Sat Feb 17 2018,Hamburger SV,Bayer 04 Leverkusen,1,2,Bundesliga,2017-18
Sat Feb 17 2018,SC Freiburg,Werder Bremen,1,0,Bundesliga,2017-18
Sat Feb 17 2018,FC Schalke 04,TSG 1899 Hoffenheim,2,1,Bundesliga,2017-18
Sun Feb 18 2018,FC Augsburg,VfB Stuttgart,0,1,Bundesliga,2017-18
Sun Feb 18 2018,Bor. Mönchengladbach,Borussia Dortmund,0,1,Bundesliga,2017-18
Mon Feb 19 2018,Eintracht Frankfurt,RB Leipzig,2,1,Bundesliga,2017-18
Fri Feb 23 2018,1. FSV Mainz 05,VfL Wolfsburg,1,1,Bundesliga,2017-18
Sat Feb 24 2018,Hannover 96,Bor. Mönchengladbach,0,1,Bundesliga,2017-18
Sat Feb 24 2018,Bayern München,Hertha BSC,0,0,Bundesliga,2017-18
Sat Feb 24 2018,VfB Stuttgart,Eintracht Frankfurt,1,0,Bundesliga,2017-18
Sat Feb 24 2018,TSG 1899 Hoffenheim,SC Freiburg,1,1,Bundesliga,2017-18
Sat Feb 24 2018,Werder Bremen,Hamburger SV,1,0,Bundesliga,2017-18
Sun Feb 25 2018,Bayer 04 Leverkusen,FC Schalke 04,0,2,Bundesliga,2017-18
Sun Feb 25 2018,RB Leipzig,1. FC Köln,1,2,Bundesliga,2017-18
Mon Feb 26 2018,Borussia Dortmund,FC Augsburg,1,1,Bundesliga,2017-18
Fri Mar 2 2018,Bor. Mönchengladbach,Werder Bremen,2,2,Bundesliga,2017-18
Sat Mar 3 2018,Hamburger SV,1. FSV Mainz 05,0,0,Bundesliga,2017-18
Sat Mar 3 2018,VfL Wolfsburg,Bayer 04 Leverkusen,1,2,Bundesliga,2017-18
Sat Mar 3 2018,Eintracht Frankfurt,Hannover 96,1,0,Bundesliga,2017-18
Sat Mar 3 2018,FC Augsburg,TSG 1899 Hoffenheim,0,2,Bundesliga,2017-18
Sat Mar 3 2018,FC Schalke 04,Hertha BSC,1,0,Bundesliga,2017-18
Sat Mar 3 2018,RB Leipzig,Borussia Dortmund,1,1,Bundesliga,2017-18
Sun Mar 4 2018,1. FC Köln,VfB Stuttgart,2,3,Bundesliga,2017-18
Sun Mar 4 2018,SC Freiburg,Bayern München,0,4,Bundesliga,2017-18
Fri Mar 9 2018,1. FSV Mainz 05,FC Schalke 04,0,1,Bundesliga,2017-18
Sat Mar 10 2018,Bayern München,Hamburger SV,6,0,Bundesliga,2017-18
Sat Mar 10 2018,TSG 1899 Hoffenheim,VfL Wolfsburg,3,0,Bundesliga,2017-18
Sat Mar 10 2018,Hannover 96,FC Augsburg,1,3,Bundesliga,2017-18
Sat Mar 10 2018,Hertha BSC,SC Freiburg,0,0,Bundesliga,2017-18
Sat Mar 10 2018,Bayer 04 Leverkusen,Bor. Mönchengladbach,2,0,Bundesliga,2017-18
Sun Mar 11 2018,VfB Stuttgart,RB Leipzig,0,0,Bundesliga,2017-18
Sun Mar 11 2018,Borussia Dortmund,Eintracht Frankfurt,3,2,Bundesliga,2017-18
Mon Mar 12 2018,Werder Bremen,1. FC Köln,3,1,Bundesliga,2017-18
Fri Mar 16 2018,SC Freiburg,VfB Stuttgart,1,2,Bundesliga,2017-18
Sat Mar 17 2018,FC Augsburg,Werder Bremen,1,3,Bundesliga,2017-18
Sat Mar 17 2018,Hamburger SV,Hertha BSC,1,2,Bundesliga,2017-18
Sat Mar 17 2018,Eintracht Frankfurt,1. FSV Mainz 05,3,0,Bundesliga,2017-18
Sat Mar 17 2018,Bor. Mönchengladbach,TSG 1899 Hoffenheim,3,3,Bundesliga,2017-18
Sat Mar 17 2018,VfL Wolfsburg,FC Schalke 04,0,1,Bundesliga,2017-18
Sun Mar 18 2018,Borussia Dortmund,Hannover 96,1,0,Bundesliga,2017-18
Sun Mar 18 2018,1. FC Köln,Bayer 04 Leverkusen,2,0,Bundesliga,2017-18
Sun Mar 18 2018,RB Leipzig,Bayern München,2,1,Bundesliga,2017-18
Sat Mar 31 2018,Bayer 04 Leverkusen,FC Augsburg,0,0,Bundesliga,2017-18
Sat Mar 31 2018,FC Schalke 04,SC Freiburg,2,0,Bundesliga,2017-18
Sat Mar 31 2018,Hannover 96,RB Leipzig,2,3,Bundesliga,2017-18
Sat Mar 31 2018,TSG 1899 Hoffenheim,1. FC Köln,6,0,Bundesliga,2017-18
Sat Mar 31 2018,VfB Stuttgart,Hamburger SV,1,1,Bundesliga,2017-18
Sat Mar 31 2018,Bayern München,Borussia Dortmund,6,0,Bundesliga,2017-18
Sat Mar 31 2018,Hertha BSC,VfL Wolfsburg,0,0,Bundesliga,2017-18
Sun Apr 1 2018,Werder Bremen,Eintracht Frankfurt,2,1,Bundesliga,2017-18
Sun Apr 1 2018,1. FSV Mainz 05,Bor. Mönchengladbach,0,0,Bundesliga,2017-18
Fri Apr 6 2018,Hannover 96,Werder Bremen,2,1,Bundesliga,2017-18
Sat Apr 7 2018,SC Freiburg,VfL Wolfsburg,0,2,Bundesliga,2017-18
Sat Apr 7 2018,1. FC Köln,1. FSV Mainz 05,1,1,Bundesliga,2017-18
Sat Apr 7 2018,Bor. Mönchengladbach,Hertha BSC,2,1,Bundesliga,2017-18
Sat Apr 7 2018,FC Augsburg,Bayern München,1,4,Bundesliga,2017-18
Sat Apr 7 2018,Hamburger SV,FC Schalke 04,3,2,Bundesliga,2017-18
Sun Apr 8 2018,Borussia Dortmund,VfB Stuttgart,3,0,Bundesliga,2017-18
Sun Apr 8 2018,Eintracht Frankfurt,TSG 1899 Hoffenheim,1,1,Bundesliga,2017-18
Mon Apr 9 2018,RB Leipzig,Bayer 04 Leverkusen,1,4,Bundesliga,2017-18
Fri Apr 13 2018,VfL Wolfsburg,FC Augsburg,0,0,Bundesliga,2017-18
Sat Apr 14 2018,VfB Stuttgart,Hannover 96,1,1,Bundesliga,2017-18
Sat Apr 14 2018,TSG 1899 Hoffenheim,Hamburger SV,2,0,Bundesliga,2017-18
Sat Apr 14 2018,Bayer 04 Leverkusen,Eintracht Frankfurt,4,1,Bundesliga,2017-18
Sat Apr 14 2018,Hertha BSC,1. FC Köln,2,1,Bundesliga,2017-18
Sat Apr 14 2018,Bayern München,Bor. Mönchengladbach,5,1,Bundesliga,2017-18
Sun Apr 15 2018,FC Schalke 04,Borussia Dortmund,2,0,Bundesliga,2017-18
Sun Apr 15 2018,Werder Bremen,RB Leipzig,1,1,Bundesliga,2017-18
Mon Apr 16 2018,1. FSV Mainz 05,SC Freiburg,2,0,Bundesliga,2017-18
Fri Apr 20 2018,Bor. Mönchengladbach,VfL Wolfsburg,3,0,Bundesliga,2017-18
Sat Apr 21 2018,RB Leipzig,TSG 1899 Hoffenheim,2,5,Bundesliga,2017-18
Sat Apr 21 2018,Eintracht Frankfurt,Hertha BSC,0,3,Bundesliga,2017-18
Sat Apr 21 2018,Hannover 96,Bayern München,0,3,Bundesliga,2017-18
Sat Apr 21 2018,VfB Stuttgart,Werder Bremen,2,0,Bundesliga,2017-18
Sat Apr 21 2018,Hamburger SV,SC Freiburg,1,0,Bundesliga,2017-18
Sat Apr 21 2018,Borussia Dortmund,Bayer 04 Leverkusen,4,0,Bundesliga,2017-18
Sun Apr 22 2018,FC Augsburg,1. FSV Mainz 05,2,0,Bundesliga,2017-18
Sun Apr 22 2018,1. FC Köln,FC Schalke 04,2,2,Bundesliga,2017-18
Fri Apr 27 2018,TSG 1899 Hoffenheim,Hannover 96,3,1,Bundesliga,2017-18
Sat Apr 28 2018,Hertha BSC,FC Augsburg,2,2,Bundesliga,2017-18
Sat Apr 28 2018,Bayern München,Eintracht Frankfurt,4,1,Bundesliga,2017-18
Sat Apr 28 2018,VfL Wolfsburg,Hamburger SV,1,3,Bundesliga,2017-18
Sat Apr 28 2018,SC Freiburg,1. FC Köln,3,2,Bundesliga,2017-18
Sat Apr 28 2018,FC Schalke 04,Bor. Mönchengladbach,1,1,Bundesliga,2017-18
Sat Apr 28 2018,Bayer 04 Leverkusen,VfB Stuttgart,0,1,Bundesliga,2017-18
Sun Apr 29 2018,1. FSV Mainz 05,RB Leipzig,3,0,Bundesliga,2017-18
Sun Apr 29 2018,Werder Bremen,Borussia Dortmund,1,1,Bundesliga,2017-18
Sat May 5 2018,Eintracht Frankfurt,Hamburger SV,3,0,Bundesliga,2017-18
Sat May 5 2018,Bor. Mönchengladbach,SC Freiburg,3,1,Bundesliga,2017-18
Sat May 5 2018,Hannover 96,Hertha BSC,3,1,Bundesliga,2017-18
Sat May 5 2018,RB Leipzig,VfL Wolfsburg,4,1,Bundesliga,2017-18
Sat May 5 2018,Borussia Dortmund,1. FSV Mainz 05,1,2,Bundesliga,2017-18
Sat May 5 2018,Werder Bremen,Bayer 04 Leverkusen,0,0,Bundesliga,2017-18
Sat May 5 2018,1. FC Köln,Bayern München,1,3,Bundesliga,2017-18
Sat May 5 2018,VfB Stuttgart,TSG 1899 Hoffenheim,2,0,Bundesliga,2017-18
Sat May 5 2018,FC Augsburg,FC Schalke 04,1,2,Bundesliga,2017-18
Sat May 12 2018,SC Freiburg,FC Augsburg,2,0,Bundesliga,2017-18
Sat May 12 2018,FC Schalke 04,Eintracht Frankfurt,1,0,Bundesliga,2017-18
Sat May 12 2018,TSG 1899 Hoffenheim,Borussia Dortmund,3,1,Bundesliga,2017-18
Sat May 12 2018,Hertha BSC,RB Leipzig,2,6,Bundesliga,2017-18
Sat May 12 2018,Hamburger SV,Bor. Mönchengladbach,2,1,Bundesliga,2017-18
Sat May 12 2018,1. FSV Mainz 05,Werder Bremen,1,2,Bundesliga,2017-18
Sat May 12 2018,Bayern München,VfB Stuttgart,1,4,Bundesliga,2017-18
Sat May 12 2018,VfL Wolfsburg,1. FC Köln,4,1,Bundesliga,2017-18
Sat May 12 2018,Bayer 04 Leverkusen,Hannover 96,3,2,Bundesliga,2017-18
Fri Aug 24 2018,Bayern München,TSG 1899 Hoffenheim,3,1,Bundesliga,2018-19
Sat Aug 25 2018,Hertha BSC,1. FC Nürnberg,1,0,Bundesliga,2018-19
Sat Aug 25 2018,Werder Bremen,Hannover 96,1,1,Bundesliga,2018-19
Sat Aug 25 2018,SC Freiburg,Eintracht Frankfurt,0,2,Bundesliga,2018-19
Sat Aug 25 2018,VfL Wolfsburg,FC Schalke 04,2,1,Bundesliga,2018-19
Sat Aug 25 2018,Fortuna Düsseldorf,FC Augsburg,1,2,Bundesliga,2018-19
Sat Aug 25 2018,Bor. Mönchengladbach,Bayer 04 Leverkusen,2,0,Bundesliga,2018-19
Sun Aug 26 2018,1. FSV Mainz 05,VfB Stuttgart,1,0,Bundesliga,2018-19
Sun Aug 26 2018,Borussia Dortmund,RB Leipzig,4,1,Bundesliga,2018-19
Fri Aug 31 2018,Hannover 96,Borussia Dortmund,0,0,Bundesliga,2018-19
Sat Sep 1 2018,TSG 1899 Hoffenheim,SC Freiburg,3,1,Bundesliga,2018-19
Sat Sep 1 2018,Bayer 04 Leverkusen,VfL Wolfsburg,1,3,Bundesliga,2018-19
Sat Sep 1 2018,Eintracht Frankfurt,Werder Bremen,1,2,Bundesliga,2018-19
Sat Sep 1 2018,FC Augsburg,Bor. Mönchengladbach,1,1,Bundesliga,2018-19
Sat Sep 1 2018,1. FC Nürnberg,1. FSV Mainz 05,1,1,Bundesliga,2018-19
Sat Sep 1 2018,VfB Stuttgart,Bayern München,0,3,Bundesliga,2018-19
Sun Sep 2 2018,RB Leipzig,Fortuna Düsseldorf,1,1,Bundesliga,2018-19
Sun Sep 2 2018,FC Schalke 04,Hertha BSC,0,2,Bundesliga,2018-19
Fri Sep 14 2018,Borussia Dortmund,Eintracht Frankfurt,3,1,Bundesliga,2018-19
Sat Sep 15 2018,RB Leipzig,Hannover 96,3,2,Bundesliga,2018-19
Sat Sep 15 2018,1. FSV Mainz 05,FC Augsburg,2,1,Bundesliga,2018-19
Sat Sep 15 2018,VfL Wolfsburg,Hertha BSC,2,2,Bundesliga,2018-19
Sat Sep 15 2018,Fortuna Düsseldorf,TSG 1899 Hoffenheim,2,1,Bundesliga,2018-19
Sat Sep 15 2018,Bayern München,Bayer 04 Leverkusen,3,1,Bundesliga,2018-19
Sat Sep 15 2018,Bor. Mönchengladbach,FC Schalke 04,2,1,Bundesliga,2018-19
Sun Sep 16 2018,Werder Bremen,1. FC Nürnberg,1,1,Bundesliga,2018-19
Sun Sep 16 2018,SC Freiburg,VfB Stuttgart,3,3,Bundesliga,2018-19
Fri Sep 21 2018,VfB Stuttgart,Fortuna Düsseldorf,0,0,Bundesliga,2018-19
Sat Sep 22 2018,TSG 1899 Hoffenheim,Borussia Dortmund,1,1,Bundesliga,2018-19
Sat Sep 22 2018,Hertha BSC,Bor. Mönchengladbach,4,2,Bundesliga,2018-19
Sat Sep 22 2018,FC Augsburg,Werder Bremen,2,3,Bundesliga,2018-19
Sat Sep 22 2018,VfL Wolfsburg,SC Freiburg,1,3,Bundesliga,2018-19
Sat Sep 22 2018,1. FC Nürnberg,Hannover 96,2,0,Bundesliga,2018-19
Sat Sep 22 2018,FC Schalke 04,Bayern München,0,2,Bundesliga,2018-19
Sun Sep 23 2018,Bayer 04 Leverkusen,1. FSV Mainz 05,1,0,Bundesliga,2018-19
Sun Sep 23 2018,Eintracht Frankfurt,RB Leipzig,1,1,Bundesliga,2018-19
Tue Sep 25 2018,Werder Bremen,Hertha BSC,3,1,Bundesliga,2018-19
Tue Sep 25 2018,Bayern München,FC Augsburg,1,1,Bundesliga,2018-19
Tue Sep 25 2018,Hannover 96,TSG 1899 Hoffenheim,1,3,Bundesliga,2018-19
Tue Sep 25 2018,SC Freiburg,FC Schalke 04,1,0,Bundesliga,2018-19
Wed Sep 26 2018,Fortuna Düsseldorf,Bayer 04 Leverkusen,1,2,Bundesliga,2018-19
Wed Sep 26 2018,Borussia Dortmund,1. FC Nürnberg,7,0,Bundesliga,2018-19
Wed Sep 26 2018,RB Leipzig,VfB Stuttgart,2,0,Bundesliga,2018-19
Wed Sep 26 2018,Bor. Mönchengladbach,Eintracht Frankfurt,3,1,Bundesliga,2018-19
Wed Sep 26 2018,1. FSV Mainz 05,VfL Wolfsburg,0,0,Bundesliga,2018-19
Fri Sep 28 2018,Hertha BSC,Bayern München,2,0,Bundesliga,2018-19
Sat Sep 29 2018,FC Schalke 04,1. FSV Mainz 05,1,0,Bundesliga,2018-19
Sat Sep 29 2018,TSG 1899 Hoffenheim,RB Leipzig,1,2,Bundesliga,2018-19
Sat Sep 29 2018,VfB Stuttgart,Werder Bremen,2,1,Bundesliga,2018-19
Sat Sep 29 2018,VfL Wolfsburg,Bor. Mönchengladbach,2,2,Bundesliga,2018-19
Sat Sep 29 2018,1. FC Nürnberg,Fortuna Düsseldorf,3,0,Bundesliga,2018-19
Sat Sep 29 2018,Bayer 04 Leverkusen,Borussia Dortmund,2,4,Bundesliga,2018-19
Sun Sep 30 2018,Eintracht Frankfurt,Hannover 96,4,1,Bundesliga,2018-19
Sun Sep 30 2018,FC Augsburg,SC Freiburg,4,1,Bundesliga,2018-19
Fri Oct 5 2018,Werder Bremen,VfL Wolfsburg,2,0,Bundesliga,2018-19
Sat Oct 6 2018,Bayern München,Bor. Mönchengladbach,0,3,Bundesliga,2018-19
Sat Oct 6 2018,Borussia Dortmund,FC Augsburg,4,3,Bundesliga,2018-19
Sat Oct 6 2018,Hannover 96,VfB Stuttgart,3,1,Bundesliga,2018-19
Sat Oct 6 2018,1. FSV Mainz 05,Hertha BSC,0,0,Bundesliga,2018-19
Sat Oct 6 2018,Fortuna Düsseldorf,FC Schalke 04,0,2,Bundesliga,2018-19
Sun Oct 7 2018,SC Freiburg,Bayer 04 Leverkusen,0,0,Bundesliga,2018-19
Sun Oct 7 2018,RB Leipzig,1. FC Nürnberg,6,0,Bundesliga,2018-19
Sun Oct 7 2018,TSG 1899 Hoffenheim,Eintracht Frankfurt,1,2,Bundesliga,2018-19
Fri Oct 19 2018,Eintracht Frankfurt,Fortuna Düsseldorf,7,1,Bundesliga,2018-19
Sat Oct 20 2018,FC Schalke 04,Werder Bremen,0,2,Bundesliga,2018-19
Sat Oct 20 2018,Bayer 04 Leverkusen,Hannover 96,2,2,Bundesliga,2018-19
Sat Oct 20 2018,VfB Stuttgart,Borussia Dortmund,0,4,Bundesliga,2018-19
Sat Oct 20 2018,FC Augsburg,RB Leipzig,0,0,Bundesliga,2018-19
Sat Oct 20 2018,VfL Wolfsburg,Bayern München,1,3,Bundesliga,2018-19
Sat Oct 20 2018,1. FC Nürnberg,TSG 1899 Hoffenheim,1,3,Bundesliga,2018-19
Sun Oct 21 2018,Bor. Mönchengladbach,1. FSV Mainz 05,4,0,Bundesliga,2018-19
Sun Oct 21 2018,Hertha BSC,SC Freiburg,1,1,Bundesliga,2018-19
Fri Oct 26 2018,SC Freiburg,Bor. Mönchengladbach,3,1,Bundesliga,2018-19
Sat Oct 27 2018,TSG 1899 Hoffenheim,VfB Stuttgart,4,0,Bundesliga,2018-19
Sat Oct 27 2018,Borussia Dortmund,Hertha BSC,2,2,Bundesliga,2018-19
Sat Oct 27 2018,Hannover 96,FC Augsburg,1,2,Bundesliga,2018-19
Sat Oct 27 2018,1. FSV Mainz 05,Bayern München,1,2,Bundesliga,2018-19
Sat Oct 27 2018,Fortuna Düsseldorf,VfL Wolfsburg,0,3,Bundesliga,2018-19
Sun Oct 28 2018,RB Leipzig,FC Schalke 04,0,0,Bundesliga,2018-19
Sun Oct 28 2018,Werder Bremen,Bayer 04 Leverkusen,2,6,Bundesliga,2018-19
Sun Oct 28 2018,1. FC Nürnberg,Eintracht Frankfurt,1,1,Bundesliga,2018-19
Fri Nov 2 2018,VfB Stuttgart,Eintracht Frankfurt,0,3,Bundesliga,2018-19
Sat Nov 3 2018,Bayern München,SC Freiburg,1,1,Bundesliga,2018-19
Sat Nov 3 2018,FC Schalke 04,Hannover 96,3,1,Bundesliga,2018-19
Sat Nov 3 2018,Bayer 04 Leverkusen,TSG 1899 Hoffenheim,1,4,Bundesliga,2018-19
Sat Nov 3 2018,Hertha BSC,RB Leipzig,0,3,Bundesliga,2018-19
Sat Nov 3 2018,FC Augsburg,1. FC Nürnberg,2,2,Bundesliga,2018-19
Sat Nov 3 2018,VfL Wolfsburg,Borussia Dortmund,0,1,Bundesliga,2018-19
Sun Nov 4 2018,Bor. Mönchengladbach,Fortuna Düsseldorf,3,0,Bundesliga,2018-19
Sun Nov 4 2018,1. FSV Mainz 05,Werder Bremen,2,1,Bundesliga,2018-19
Fri Nov 9 2018,Hannover 96,VfL Wolfsburg,2,1,Bundesliga,2018-19
Sat Nov 10 2018,TSG 1899 Hoffenheim,FC Augsburg,2,1,Bundesliga,2018-19
Sat Nov 10 2018,Borussia Dortmund,Bayern München,3,2,Bundesliga,2018-19
Sat Nov 10 2018,Werder Bremen,Bor. Mönchengladbach,1,3,Bundesliga,2018-19
Sat Nov 10 2018,SC Freiburg,1. FSV Mainz 05,1,3,Bundesliga,2018-19
Sat Nov 10 2018,Fortuna Düsseldorf,Hertha BSC,4,1,Bundesliga,2018-19
Sat Nov 10 2018,1. FC Nürnberg,VfB Stuttgart,0,2,Bundesliga,2018-19
Sun Nov 11 2018,RB Leipzig,Bayer 04 Leverkusen,3,0,Bundesliga,2018-19
Sun Nov 11 2018,Eintracht Frankfurt,FC Schalke 04,3,0,Bundesliga,2018-19
Fri Nov 23 2018,Bayer 04 Leverkusen,VfB Stuttgart,2,0,Bundesliga,2018-19
Sat Nov 24 2018,Bayern München,Fortuna Düsseldorf,3,3,Bundesliga,2018-19
Sat Nov 24 2018,FC Schalke 04,1. FC Nürnberg,5,2,Bundesliga,2018-19
Sat Nov 24 2018,Hertha BSC,TSG 1899 Hoffenheim,3,3,Bundesliga,2018-19
Sat Nov 24 2018,FC Augsburg,Eintracht Frankfurt,1,3,Bundesliga,2018-19
Sat Nov 24 2018,1. FSV Mainz 05,Borussia Dortmund,1,2,Bundesliga,2018-19
Sat Nov 24 2018,VfL Wolfsburg,RB Leipzig,1,0,Bundesliga,2018-19
Sun Nov 25 2018,SC Freiburg,Werder Bremen,1,1,Bundesliga,2018-19
Sun Nov 25 2018,Bor. Mönchengladbach,Hannover 96,4,1,Bundesliga,2018-19
Fri Nov 30 2018,Fortuna Düsseldorf,1. FSV Mainz 05,0,1,Bundesliga,2018-19
Sat Dec 1 2018,TSG 1899 Hoffenheim,FC Schalke 04,1,1,Bundesliga,2018-19
Sat Dec 1 2018,Borussia Dortmund,SC Freiburg,2,0,Bundesliga,2018-19
Sat Dec 1 2018,VfB Stuttgart,FC Augsburg,1,0,Bundesliga,2018-19
Sat Dec 1 2018,Werder Bremen,Bayern München,1,2,Bundesliga,2018-19
Sat Dec 1 2018,Hannover 96,Hertha BSC,0,2,Bundesliga,2018-19
Sun Dec 2 2018,RB Leipzig,Bor. Mönchengladbach,2,0,Bundesliga,2018-19
Sun Dec 2 2018,Eintracht Frankfurt,VfL Wolfsburg,1,2,Bundesliga,2018-19
Mon Dec 3 2018,1. FC Nürnberg,Bayer 04 Leverkusen,1,1,Bundesliga,2018-19
Fri Dec 7 2018,Werder Bremen,Fortuna Düsseldorf,3,1,Bundesliga,2018-19
Sat Dec 8 2018,Bayern München,1. FC Nürnberg,3,0,Bundesliga,2018-19
Sat Dec 8 2018,FC Schalke 04,Borussia Dortmund,1,2,Bundesliga,2018-19
Sat Dec 8 2018,Bayer 04 Leverkusen,FC Augsburg,1,0,Bundesliga,2018-19
Sat Dec 8 2018,Hertha BSC,Eintracht Frankfurt,1,0,Bundesliga,2018-19
Sat Dec 8 2018,SC Freiburg,RB Leipzig,3,0,Bundesliga,2018-19
Sat Dec 8 2018,VfL Wolfsburg,TSG 1899 Hoffenheim,2,2,Bundesliga,2018-19
Sun Dec 9 2018,Bor. Mönchengladbach,VfB Stuttgart,3,0,Bundesliga,2018-19
Sun Dec 9 2018,1. FSV Mainz 05,Hannover 96,1,1,Bundesliga,2018-19
Fri Dec 14 2018,1. FC Nürnberg,VfL Wolfsburg,0,2,Bundesliga,2018-19
Sat Dec 15 2018,TSG 1899 Hoffenheim,Bor. Mönchengladbach,0,0,Bundesliga,2018-19
Sat Dec 15 2018,Borussia Dortmund,Werder Bremen,2,1,Bundesliga,2018-19
Sat Dec 15 2018,VfB Stuttgart,Hertha BSC,2,1,Bundesliga,2018-19
Sat Dec 15 2018,FC Augsburg,FC Schalke 04,1,1,Bundesliga,2018-19
Sat Dec 15 2018,Hannover 96,Bayern München,0,4,Bundesliga,2018-19
Sat Dec 15 2018,Fortuna Düsseldorf,SC Freiburg,2,0,Bundesliga,2018-19
Sun Dec 16 2018,RB Leipzig,1. FSV Mainz 05,4,1,Bundesliga,2018-19
Sun Dec 16 2018,Eintracht Frankfurt,Bayer 04 Leverkusen,2,1,Bundesliga,2018-19
Tue Dec 18 2018,Bor. Mönchengladbach,1. FC Nürnberg,2,0,Bundesliga,2018-19
Tue Dec 18 2018,Hertha BSC,FC Augsburg,2,2,Bundesliga,2018-19
Tue Dec 18 2018,VfL Wolfsburg,VfB Stuttgart,2,0,Bundesliga,2018-19
Tue Dec 18 2018,Fortuna Düsseldorf,Borussia Dortmund,2,1,Bundesliga,2018-19
Wed Dec 19 2018,Bayern München,RB Leipzig,1,0,Bundesliga,2018-19
Wed Dec 19 2018,FC Schalke 04,Bayer 04 Leverkusen,1,2,Bundesliga,2018-19
Wed Dec 19 2018,Werder Bremen,TSG 1899 Hoffenheim,1,1,Bundesliga,2018-19
Wed Dec 19 2018,SC Freiburg,Hannover 96,1,1,Bundesliga,2018-19
Wed Dec 19 2018,1. FSV Mainz 05,Eintracht Frankfurt,2,2,Bundesliga,2018-19
Fri Dec 21 2018,Borussia Dortmund,Bor. Mönchengladbach,2,1,Bundesliga,2018-19
Sat Dec 22 2018,Bayer 04 Leverkusen,Hertha BSC,3,1,Bundesliga,2018-19
Sat Dec 22 2018,RB Leipzig,Werder Bremen,3,2,Bundesliga,2018-19
Sat Dec 22 2018,VfB Stuttgart,FC Schalke 04,1,3,Bundesliga,2018-19
Sat Dec 22 2018,Eintracht Frankfurt,Bayern München,0,3,Bundesliga,2018-19
Sat Dec 22 2018,Hannover 96,Fortuna Düsseldorf,0,1,Bundesliga,2018-19
Sat Dec 22 2018,1. FC Nürnberg,SC Freiburg,0,1,Bundesliga,2018-19
Sun Dec 23 2018,TSG 1899 Hoffenheim,1. FSV Mainz 05,1,1,Bundesliga,2018-19
Sun Dec 23 2018,FC Augsburg,VfL Wolfsburg,2,3,Bundesliga,2018-19
Fri Jan 18 2019,TSG 1899 Hoffenheim,Bayern München,1,3,Bundesliga,2018-19
Sat Jan 19 2019,RB Leipzig,Borussia Dortmund,0,1,Bundesliga,2018-19
Sat Jan 19 2019,Bayer 04 Leverkusen,Bor. Mönchengladbach,0,1,Bundesliga,2018-19
Sat Jan 19 2019,Hannover 96,Werder Bremen,0,1,Bundesliga,2018-19
Sat Jan 19 2019,Eintracht Frankfurt,SC Freiburg,3,1,Bundesliga,2018-19
Sat Jan 19 2019,VfB Stuttgart,1. FSV Mainz 05,2,3,Bundesliga,2018-19
Sat Jan 19 2019,FC Augsburg,Fortuna Düsseldorf,1,2,Bundesliga,2018-19
Sun Jan 20 2019,1. FC Nürnberg,Hertha BSC,1,3,Bundesliga,2018-19
Sun Jan 20 2019,FC Schalke 04,VfL Wolfsburg,2,1,Bundesliga,2018-19
Fri Jan 25 2019,Hertha BSC,FC Schalke 04,2,2,Bundesliga,2018-19
Sat Jan 26 2019,SC Freiburg,TSG 1899 Hoffenheim,2,4,Bundesliga,2018-19
Sat Jan 26 2019,VfL Wolfsburg,Bayer 04 Leverkusen,0,3,Bundesliga,2018-19
Sat Jan 26 2019,Werder Bremen,Eintracht Frankfurt,2,2,Bundesliga,2018-19
Sat Jan 26 2019,Bor. Mönchengladbach,FC Augsburg,2,0,Bundesliga,2018-19
Sat Jan 26 2019,Borussia Dortmund,Hannover 96,5,1,Bundesliga,2018-19
Sat Jan 26 2019,1. FSV Mainz 05,1. FC Nürnberg,2,1,Bundesliga,2018-19
Sun Jan 27 2019,Fortuna Düsseldorf,RB Leipzig,0,4,Bundesliga,2018-19
Sun Jan 27 2019,Bayern München,VfB Stuttgart,4,1,Bundesliga,2018-19
Fri Feb 1 2019,Hannover 96,RB Leipzig,0,3,Bundesliga,2018-19
Sat Feb 2 2019,Eintracht Frankfurt,Borussia Dortmund,1,1,Bundesliga,2018-19
Sat Feb 2 2019,FC Schalke 04,Bor. Mönchengladbach,0,2,Bundesliga,2018-19
Sat Feb 2 2019,1. FC Nürnberg,Werder Bremen,1,1,Bundesliga,2018-19
Sat Feb 2 2019,Hertha BSC,VfL Wolfsburg,0,1,Bundesliga,2018-19
Sat Feb 2 2019,TSG 1899 Hoffenheim,Fortuna Düsseldorf,1,1,Bundesliga,2018-19
Sat Feb 2 2019,Bayer 04 Leverkusen,Bayern München,3,1,Bundesliga,2018-19
Sun Feb 3 2019,VfB Stuttgart,SC Freiburg,2,2,Bundesliga,2018-19
Sun Feb 3 2019,FC Augsburg,1. FSV Mainz 05,3,0,Bundesliga,2018-19
Fri Feb 8 2019,1. FSV Mainz 05,Bayer 04 Leverkusen,1,5,Bundesliga,2018-19
Sat Feb 9 2019,Bayern München,FC Schalke 04,3,1,Bundesliga,2018-19
Sat Feb 9 2019,Borussia Dortmund,TSG 1899 Hoffenheim,3,3,Bundesliga,2018-19
Sat Feb 9 2019,RB Leipzig,Eintracht Frankfurt,0,0,Bundesliga,2018-19
Sat Feb 9 2019,Bor. Mönchengladbach,Hertha BSC,0,3,Bundesliga,2018-19
Sat Feb 9 2019,SC Freiburg,VfL Wolfsburg,3,3,Bundesliga,2018-19
Sat Feb 9 2019,Hannover 96,1. FC Nürnberg,2,0,Bundesliga,2018-19
Sun Feb 10 2019,Werder Bremen,FC Augsburg,4,0,Bundesliga,2018-19
Sun Feb 10 2019,Fortuna Düsseldorf,VfB Stuttgart,3,0,Bundesliga,2018-19
Fri Feb 15 2019,FC Augsburg,Bayern München,2,3,Bundesliga,2018-19
Sat Feb 16 2019,VfB Stuttgart,RB Leipzig,1,3,Bundesliga,2018-19
Sat Feb 16 2019,Hertha BSC,Werder Bremen,1,1,Bundesliga,2018-19
Sat Feb 16 2019,TSG 1899 Hoffenheim,Hannover 96,3,0,Bundesliga,2018-19
Sat Feb 16 2019,FC Schalke 04,SC Freiburg,0,0,Bundesliga,2018-19
Sat Feb 16 2019,VfL Wolfsburg,1. FSV Mainz 05,3,0,Bundesliga,2018-19
Sun Feb 17 2019,Eintracht Frankfurt,Bor. Mönchengladbach,1,1,Bundesliga,2018-19
Sun Feb 17 2019,Bayer 04 Leverkusen,Fortuna Düsseldorf,2,0,Bundesliga,2018-19
Mon Feb 18 2019,1. FC Nürnberg,Borussia Dortmund,0,0,Bundesliga,2018-19
Fri Feb 22 2019,Werder Bremen,VfB Stuttgart,1,1,Bundesliga,2018-19
Sat Feb 23 2019,1. FSV Mainz 05,FC Schalke 04,3,0,Bundesliga,2018-19
Sat Feb 23 2019,Bayern München,Hertha BSC,1,0,Bundesliga,2018-19
Sat Feb 23 2019,SC Freiburg,FC Augsburg,5,1,Bundesliga,2018-19
Sat Feb 23 2019,Bor. Mönchengladbach,VfL Wolfsburg,0,3,Bundesliga,2018-19
Sat Feb 23 2019,Fortuna Düsseldorf,1. FC Nürnberg,2,1,Bundesliga,2018-19
Sun Feb 24 2019,Borussia Dortmund,Bayer 04 Leverkusen,3,2,Bundesliga,2018-19
Sun Feb 24 2019,Hannover 96,Eintracht Frankfurt,0,3,Bundesliga,2018-19
Mon Feb 25 2019,RB Leipzig,TSG 1899 Hoffenheim,1,1,Bundesliga,2018-19
Fri Mar 1 2019,FC Augsburg,Borussia Dortmund,2,1,Bundesliga,2018-19
Sat Mar 2 2019,Bor. Mönchengladbach,Bayern München,1,5,Bundesliga,2018-19
Sat Mar 2 2019,Eintracht Frankfurt,TSG 1899 Hoffenheim,3,2,Bundesliga,2018-19
Sat Mar 2 2019,1. FC Nürnberg,RB Leipzig,0,1,Bundesliga,2018-19
Sat Mar 2 2019,Bayer 04 Leverkusen,SC Freiburg,2,0,Bundesliga,2018-19
Sat Mar 2 2019,Hertha BSC,1. FSV Mainz 05,2,1,Bundesliga,2018-19
Sat Mar 2 2019,FC Schalke 04,Fortuna Düsseldorf,0,4,Bundesliga,2018-19
Sun Mar 3 2019,VfL Wolfsburg,Werder Bremen,1,1,Bundesliga,2018-19
Sun Mar 3 2019,VfB Stuttgart,Hannover 96,5,1,Bundesliga,2018-19
Fri Mar 8 2019,Werder Bremen,FC Schalke 04,4,2,Bundesliga,2018-19
Sat Mar 9 2019,Borussia Dortmund,VfB Stuttgart,3,1,Bundesliga,2018-19
Sat Mar 9 2019,1. FSV Mainz 05,Bor. Mönchengladbach,0,1,Bundesliga,2018-19
Sat Mar 9 2019,SC Freiburg,Hertha BSC,2,1,Bundesliga,2018-19
Sat Mar 9 2019,RB Leipzig,FC Augsburg,0,0,Bundesliga,2018-19
Sat Mar 9 2019,Bayern München,VfL Wolfsburg,6,0,Bundesliga,2018-19
Sun Mar 10 2019,TSG 1899 Hoffenheim,1. FC Nürnberg,2,1,Bundesliga,2018-19
Sun Mar 10 2019,Hannover 96,Bayer 04 Leverkusen,2,3,Bundesliga,2018-19
Mon Mar 11 2019,Fortuna Düsseldorf,Eintracht Frankfurt,0,3,Bundesliga,2018-19
Fri Mar 15 2019,Bor. Mönchengladbach,SC Freiburg,1,1,Bundesliga,2018-19
Sat Mar 16 2019,VfB Stuttgart,TSG 1899 Hoffenheim,1,1,Bundesliga,2018-19
Sat Mar 16 2019,Hertha BSC,Borussia Dortmund,2,3,Bundesliga,2018-19
Sat Mar 16 2019,FC Schalke 04,RB Leipzig,0,1,Bundesliga,2018-19
Sat Mar 16 2019,FC Augsburg,Hannover 96,3,1,Bundesliga,2018-19
Sat Mar 16 2019,VfL Wolfsburg,Fortuna Düsseldorf,5,2,Bundesliga,2018-19
Sun Mar 17 2019,Bayer 04 Leverkusen,Werder Bremen,1,3,Bundesliga,2018-19
Sun Mar 17 2019,Eintracht Frankfurt,1. FC Nürnberg,1,0,Bundesliga,2018-19
Sun Mar 17 2019,Bayern München,1. FSV Mainz 05,6,0,Bundesliga,2018-19
Fri Mar 29 2019,TSG 1899 Hoffenheim,Bayer 04 Leverkusen,4,1,Bundesliga,2018-19
Sat Mar 30 2019,SC Freiburg,Bayern München,1,1,Bundesliga,2018-19
Sat Mar 30 2019,Fortuna Düsseldorf,Bor. Mönchengladbach,3,1,Bundesliga,2018-19
Sat Mar 30 2019,RB Leipzig,Hertha BSC,5,0,Bundesliga,2018-19
Sat Mar 30 2019,1. FC Nürnberg,FC Augsburg,3,0,Bundesliga,2018-19
Sat Mar 30 2019,Werder Bremen,1. FSV Mainz 05,3,1,Bundesliga,2018-19
Sat Mar 30 2019,Borussia Dortmund,VfL Wolfsburg,2,0,Bundesliga,2018-19
Sun Mar 31 2019,Hannover 96,FC Schalke 04,0,1,Bundesliga,2018-19
Sun Mar 31 2019,Eintracht Frankfurt,VfB Stuttgart,3,0,Bundesliga,2018-19
Fri Apr 5 2019,1. FSV Mainz 05,SC Freiburg,5,0,Bundesliga,2018-19
Sat Apr 6 2019,Bayern München,Borussia Dortmund,5,0,Bundesliga,2018-19
Sat Apr 6 2019,Bayer 04 Leverkusen,RB Leipzig,2,4,Bundesliga,2018-19
Sat Apr 6 2019,FC Schalke 04,Eintracht Frankfurt,1,2,Bundesliga,2018-19
Sat Apr 6 2019,VfL Wolfsburg,Hannover 96,3,1,Bundesliga,2018-19
Sat Apr 6 2019,Hertha BSC,Fortuna Düsseldorf,1,2,Bundesliga,2018-19
Sat Apr 6 2019,VfB Stuttgart,1. FC Nürnberg,1,1,Bundesliga,2018-19
Sun Apr 7 2019,FC Augsburg,TSG 1899 Hoffenheim,0,4,Bundesliga,2018-19
Sun Apr 7 2019,Bor. Mönchengladbach,Werder Bremen,1,1,Bundesliga,2018-19
Fri Apr 12 2019,1. FC Nürnberg,FC Schalke 04,1,1,Bundesliga,2018-19
Sat Apr 13 2019,RB Leipzig,VfL Wolfsburg,2,0,Bundesliga,2018-19
Sat Apr 13 2019,VfB Stuttgart,Bayer 04 Leverkusen,0,1,Bundesliga,2018-19
Sat Apr 13 2019,Werder Bremen,SC Freiburg,2,1,Bundesliga,2018-19
Sat Apr 13 2019,Hannover 96,Bor. Mönchengladbach,0,1,Bundesliga,2018-19
Sat Apr 13 2019,Borussia Dortmund,1. FSV Mainz 05,2,1,Bundesliga,2018-19
Sun Apr 14 2019,TSG 1899 Hoffenheim,Hertha BSC,2,0,Bundesliga,2018-19
Sun Apr 14 2019,Fortuna Düsseldorf,Bayern München,1,4,Bundesliga,2018-19
Sun Apr 14 2019,Eintracht Frankfurt,FC Augsburg,1,3,Bundesliga,2018-19
Sat Apr 20 2019,Bayern München,Werder Bremen,1,0,Bundesliga,2018-19
Sat Apr 20 2019,Bayer 04 Leverkusen,1. FC Nürnberg,2,0,Bundesliga,2018-19
Sat Apr 20 2019,FC Augsburg,VfB Stuttgart,6,0,Bundesliga,2018-19
Sat Apr 20 2019,1. FSV Mainz 05,Fortuna Düsseldorf,3,1,Bundesliga,2018-19
Sat Apr 20 2019,Bor. Mönchengladbach,RB Leipzig,1,2,Bundesliga,2018-19
Sat Apr 20 2019,FC Schalke 04,TSG 1899 Hoffenheim,2,5,Bundesliga,2018-19
Sun Apr 21 2019,SC Freiburg,Borussia Dortmund,0,4,Bundesliga,2018-19
Sun Apr 21 2019,Hertha BSC,Hannover 96,0,0,Bundesliga,2018-19
Mon Apr 22 2019,VfL Wolfsburg,Eintracht Frankfurt,1,1,Bundesliga,2018-19
Fri Apr 26 2019,FC Augsburg,Bayer 04 Leverkusen,1,4,Bundesliga,2018-19
Sat Apr 27 2019,Borussia Dortmund,FC Schalke 04,2,4,Bundesliga,2018-19
Sat Apr 27 2019,RB Leipzig,SC Freiburg,2,1,Bundesliga,2018-19
Sat Apr 27 2019,Eintracht Frankfurt,Hertha BSC,0,0,Bundesliga,2018-19
Sat Apr 27 2019,Hannover 96,1. FSV Mainz 05,1,0,Bundesliga,2018-19
Sat Apr 27 2019,Fortuna Düsseldorf,Werder Bremen,4,1,Bundesliga,2018-19
Sat Apr 27 2019,VfB Stuttgart,Bor. Mönchengladbach,1,0,Bundesliga,2018-19
Sun Apr 28 2019,TSG 1899 Hoffenheim,VfL Wolfsburg,1,4,Bundesliga,2018-19
Sun Apr 28 2019,1. FC Nürnberg,Bayern München,1,1,Bundesliga,2018-19
Fri May 3 2019,1. FSV Mainz 05,RB Leipzig,3,3,Bundesliga,2018-19
Sat May 4 2019,Bayern München,Hannover 96,3,1,Bundesliga,2018-19
Sat May 4 2019,Bor. Mönchengladbach,TSG 1899 Hoffenheim,2,2,Bundesliga,2018-19
Sat May 4 2019,Hertha BSC,VfB Stuttgart,3,1,Bundesliga,2018-19
Sat May 4 2019,VfL Wolfsburg,1. FC Nürnberg,2,0,Bundesliga,2018-19
Sat May 4 2019,Werder Bremen,Borussia Dortmund,2,2,Bundesliga,2018-19
Sun May 5 2019,FC Schalke 04,FC Augsburg,0,0,Bundesliga,2018-19
Sun May 5 2019,SC Freiburg,Fortuna Düsseldorf,1,1,Bundesliga,2018-19
Sun May 5 2019,Bayer 04 Leverkusen,Eintracht Frankfurt,6,1,Bundesliga,2018-19
Sat May 11 2019,RB Leipzig,Bayern München,0,0,Bundesliga,2018-19
Sat May 11 2019,Bayer 04 Leverkusen,FC Schalke 04,1,1,Bundesliga,2018-19
Sat May 11 2019,1. FC Nürnberg,Bor. Mönchengladbach,0,4,Bundesliga,2018-19
Sat May 11 2019,FC Augsburg,Hertha BSC,3,4,Bundesliga,2018-19
Sat May 11 2019,TSG 1899 Hoffenheim,Werder Bremen,0,1,Bundesliga,2018-19
Sat May 11 2019,Hannover 96,SC Freiburg,3,0,Bundesliga,2018-19
Sat May 11 2019,VfB Stuttgart,VfL Wolfsburg,3,0,Bundesliga,2018-19
Sat May 11 2019,Borussia Dortmund,Fortuna Düsseldorf,3,2,Bundesliga,2018-19
Sun May 12 2019,Eintracht Frankfurt,1. FSV Mainz 05,0,2,Bundesliga,2018-19
Sat May 18 2019,1. FSV Mainz 05,TSG 1899 Hoffenheim,4,2,Bundesliga,2018-19
Sat May 18 2019,Bor. Mönchengladbach,Borussia Dortmund,0,2,Bundesliga,2018-19
Sat May 18 2019,Hertha BSC,Bayer 04 Leverkusen,1,5,Bundesliga,2018-19
Sat May 18 2019,Werder Bremen,RB Leipzig,2,1,Bundesliga,2018-19
Sat May 18 2019,FC Schalke 04,VfB Stuttgart,0,0,Bundesliga,2018-19
Sat May 18 2019,Bayern München,Eintracht Frankfurt,5,1,Bundesliga,2018-19
Sat May 18 2019,VfL Wolfsburg,FC Augsburg,8,1,Bundesliga,2018-19
Sat May 18 2019,Fortuna Düsseldorf,Hannover 96,2,1,Bundesliga,2018-19
Sat May 18 2019,SC Freiburg,1. FC Nürnberg,5,1,Bundesliga,2018-19
Fri Aug 16 2019,Bayern München,Hertha BSC,2,2,Bundesliga,2019-20
Sat Aug 17 2019,Werder Bremen,Fortuna Düsseldorf,1,3,Bundesliga,2019-20
Sat Aug 17 2019,SC Freiburg,1. FSV Mainz 05,3,0,Bundesliga,2019-20
Sat Aug 17 2019,Bayer 04 Leverkusen,SC Paderborn 07,3,2,Bundesliga,2019-20
Sat Aug 17 2019,Borussia Dortmund,FC Augsburg,5,1,Bundesliga,2019-20
Sat Aug 17 2019,VfL Wolfsburg,1. FC Köln,2,1,Bundesliga,2019-20
Sat Aug 17 2019,Bor. Mönchengladbach,FC Schalke 04,0,0,Bundesliga,2019-20
Sun Aug 18 2019,Eintracht Frankfurt,TSG 1899 Hoffenheim,1,0,Bundesliga,2019-20
Sun Aug 18 2019,1. FC Union Berlin,RB Leipzig,0,4,Bundesliga,2019-20
Fri Aug 23 2019,1. FC Köln,Borussia Dortmund,1,3,Bundesliga,2019-20
Sat Aug 24 2019,Fortuna Düsseldorf,Bayer 04 Leverkusen,1,3,Bundesliga,2019-20
Sat Aug 24 2019,1. FSV Mainz 05,Bor. Mönchengladbach,1,3,Bundesliga,2019-20
Sat Aug 24 2019,FC Augsburg,1. FC Union Berlin,1,1,Bundesliga,2019-20
Sat Aug 24 2019,SC Paderborn 07,SC Freiburg,1,3,Bundesliga,2019-20
Sat Aug 24 2019,TSG 1899 Hoffenheim,Werder Bremen,3,2,Bundesliga,2019-20
Sat Aug 24 2019,FC Schalke 04,Bayern München,0,3,Bundesliga,2019-20
Sun Aug 25 2019,RB Leipzig,Eintracht Frankfurt,2,1,Bundesliga,2019-20
Sun Aug 25 2019,Hertha BSC,VfL Wolfsburg,0,3,Bundesliga,2019-20
Fri Aug 30 2019,Bor. Mönchengladbach,RB Leipzig,1,3,Bundesliga,2019-20
Sat Aug 31 2019,FC Schalke 04,Hertha BSC,3,0,Bundesliga,2019-20
Sat Aug 31 2019,SC Freiburg,1. FC Köln,1,2,Bundesliga,2019-20
Sat Aug 31 2019,Bayer 04 Leverkusen,TSG 1899 Hoffenheim,0,0,Bundesliga,2019-20
Sat Aug 31 2019,Bayern München,1. FSV Mainz 05,6,1,Bundesliga,2019-20
Sat Aug 31 2019,VfL Wolfsburg,SC Paderborn 07,1,1,Bundesliga,2019-20
Sat Aug 31 2019,1. FC Union Berlin,Borussia Dortmund,3,1,Bundesliga,2019-20
Sun Sep 1 2019,Werder Bremen,FC Augsburg,3,2,Bundesliga,2019-20
Sun Sep 1 2019,Eintracht Frankfurt,Fortuna Düsseldorf,2,1,Bundesliga,2019-20
Fri Sep 13 2019,Fortuna Düsseldorf,VfL Wolfsburg,1,1,Bundesliga,2019-20
Sat Sep 14 2019,1. FC Köln,Bor. Mönchengladbach,0,1,Bundesliga,2019-20
Sat Sep 14 2019,Borussia Dortmund,Bayer 04 Leverkusen,4,0,Bundesliga,2019-20
Sat Sep 14 2019,1. FSV Mainz 05,Hertha BSC,2,1,Bundesliga,2019-20
Sat Sep 14 2019,1. FC Union Berlin,Werder Bremen,1,2,Bundesliga,2019-20
Sat Sep 14 2019,FC Augsburg,Eintracht Frankfurt,2,1,Bundesliga,2019-20
Sat Sep 14 2019,RB Leipzig,Bayern München,1,1,Bundesliga,2019-20
Sun Sep 15 2019,TSG 1899 Hoffenheim,SC Freiburg,0,3,Bundesliga,2019-20
Sun Sep 15 2019,SC Paderborn 07,FC Schalke 04,1,5,Bundesliga,2019-20
Fri Sep 20 2019,FC Schalke 04,1. FSV Mainz 05,2,1,Bundesliga,2019-20
Sat Sep 21 2019,SC Freiburg,FC Augsburg,1,1,Bundesliga,2019-20
Sat Sep 21 2019,Bayer 04 Leverkusen,1. FC Union Berlin,2,0,Bundesliga,2019-20
Sat Sep 21 2019,Bayern München,1. FC Köln,4,0,Bundesliga,2019-20
Sat Sep 21 2019,Hertha BSC,SC Paderborn 07,2,1,Bundesliga,2019-20
Sat Sep 21 2019,Werder Bremen,RB Leipzig,0,3,Bundesliga,2019-20
Sun Sep 22 2019,Bor. Mönchengladbach,Fortuna Düsseldorf,2,1,Bundesliga,2019-20
Sun Sep 22 2019,Eintracht Frankfurt,Borussia Dortmund,2,2,Bundesliga,2019-20
Mon Sep 23 2019,VfL Wolfsburg,TSG 1899 Hoffenheim,1,1,Bundesliga,2019-20
Fri Sep 27 2019,1. FC Union Berlin,Eintracht Frankfurt,1,2,Bundesliga,2019-20
Sat Sep 28 2019,1. FSV Mainz 05,VfL Wolfsburg,0,1,Bundesliga,2019-20
Sat Sep 28 2019,FC Augsburg,Bayer 04 Leverkusen,0,3,Bundesliga,2019-20
Sat Sep 28 2019,SC Paderborn 07,Bayern München,2,3,Bundesliga,2019-20
Sat Sep 28 2019,TSG 1899 Hoffenheim,Bor. Mönchengladbach,0,3,Bundesliga,2019-20
Sat Sep 28 2019,RB Leipzig,FC Schalke 04,1,3,Bundesliga,2019-20
Sat Sep 28 2019,Borussia Dortmund,Werder Bremen,2,2,Bundesliga,2019-20
Sun Sep 29 2019,Fortuna Düsseldorf,SC Freiburg,1,2,Bundesliga,2019-20
Sun Sep 29 2019,1. FC Köln,Hertha BSC,0,4,Bundesliga,2019-20
Fri Oct 4 2019,Hertha BSC,Fortuna Düsseldorf,3,1,Bundesliga,2019-20
Sat Oct 5 2019,FC Schalke 04,1. FC Köln,1,1,Bundesliga,2019-20
Sat Oct 5 2019,SC Freiburg,Borussia Dortmund,2,2,Bundesliga,2019-20
Sat Oct 5 2019,Bayer 04 Leverkusen,RB Leipzig,1,1,Bundesliga,2019-20
Sat Oct 5 2019,Bayern München,TSG 1899 Hoffenheim,1,2,Bundesliga,2019-20
Sat Oct 5 2019,SC Paderborn 07,1. FSV Mainz 05,1,2,Bundesliga,2019-20
Sun Oct 6 2019,Bor. Mönchengladbach,FC Augsburg,5,1,Bundesliga,2019-20
Sun Oct 6 2019,VfL Wolfsburg,1. FC Union Berlin,1,0,Bundesliga,2019-20
Sun Oct 6 2019,Eintracht Frankfurt,Werder Bremen,2,2,Bundesliga,2019-20
Fri Oct 18 2019,Eintracht Frankfurt,Bayer 04 Leverkusen,3,0,Bundesliga,2019-20
Sat Oct 19 2019,Werder Bremen,Hertha BSC,1,1,Bundesliga,2019-20
Sat Oct 19 2019,Fortuna Düsseldorf,1. FSV Mainz 05,1,0,Bundesliga,2019-20
Sat Oct 19 2019,Borussia Dortmund,Bor. Mönchengladbach,1,0,Bundesliga,2019-20
Sat Oct 19 2019,RB Leipzig,VfL Wolfsburg,1,1,Bundesliga,2019-20
Sat Oct 19 2019,1. FC Union Berlin,SC Freiburg,2,0,Bundesliga,2019-20
Sat Oct 19 2019,FC Augsburg,Bayern München,2,2,Bundesliga,2019-20
Sun Oct 20 2019,1. FC Köln,SC Paderborn 07,3,0,Bundesliga,2019-20
Sun Oct 20 2019,TSG 1899 Hoffenheim,FC Schalke 04,2,0,Bundesliga,2019-20
Fri Oct 25 2019,1. FSV Mainz 05,1. FC Köln,3,1,Bundesliga,2019-20
Sat Oct 26 2019,Hertha BSC,TSG 1899 Hoffenheim,2,3,Bundesliga,2019-20
Sat Oct 26 2019,SC Paderborn 07,Fortuna Düsseldorf,2,0,Bundesliga,2019-20
Sat Oct 26 2019,FC Schalke 04,Borussia Dortmund,0,0,Bundesliga,2019-20
Sat Oct 26 2019,SC Freiburg,RB Leipzig,2,1,Bundesliga,2019-20
Sat Oct 26 2019,Bayer 04 Leverkusen,Werder Bremen,2,2,Bundesliga,2019-20
Sat Oct 26 2019,Bayern München,1. FC Union Berlin,2,1,Bundesliga,2019-20
Sun Oct 27 2019,Bor. Mönchengladbach,Eintracht Frankfurt,4,2,Bundesliga,2019-20
Sun Oct 27 2019,VfL Wolfsburg,FC Augsburg,0,0,Bundesliga,2019-20
Fri Nov 1 2019,TSG 1899 Hoffenheim,SC Paderborn 07,3,0,Bundesliga,2019-20
Sat Nov 2 2019,RB Leipzig,1. FSV Mainz 05,8,0,Bundesliga,2019-20
Sat Nov 2 2019,Werder Bremen,SC Freiburg,2,2,Bundesliga,2019-20
Sat Nov 2 2019,Bayer 04 Leverkusen,Bor. Mönchengladbach,1,2,Bundesliga,2019-20
Sat Nov 2 2019,Borussia Dortmund,VfL Wolfsburg,3,0,Bundesliga,2019-20
Sat Nov 2 2019,Eintracht Frankfurt,Bayern München,5,1,Bundesliga,2019-20
Sat Nov 2 2019,1. FC Union Berlin,Hertha BSC,1,0,Bundesliga,2019-20
Sun Nov 3 2019,Fortuna Düsseldorf,1. FC Köln,2,0,Bundesliga,2019-20
Sun Nov 3 2019,FC Augsburg,FC Schalke 04,2,3,Bundesliga,2019-20
Fri Nov 8 2019,1. FC Köln,TSG 1899 Hoffenheim,1,2,Bundesliga,2019-20
Sat Nov 9 2019,FC Schalke 04,Fortuna Düsseldorf,3,3,Bundesliga,2019-20
Sat Nov 9 2019,Bayern München,Borussia Dortmund,4,0,Bundesliga,2019-20
Sat Nov 9 2019,Hertha BSC,RB Leipzig,2,4,Bundesliga,2019-20
Sat Nov 9 2019,1. FSV Mainz 05,1. FC Union Berlin,2,3,Bundesliga,2019-20
Sat Nov 9 2019,SC Paderborn 07,FC Augsburg,0,1,Bundesliga,2019-20
Sun Nov 10 2019,SC Freiburg,Eintracht Frankfurt,1,0,Bundesliga,2019-20
Sun Nov 10 2019,VfL Wolfsburg,Bayer 04 Leverkusen,0,2,Bundesliga,2019-20
Sun Nov 10 2019,Bor. Mönchengladbach,Werder Bremen,3,1,Bundesliga,2019-20
Fri Nov 22 2019,Borussia Dortmund,SC Paderborn 07,3,3,Bundesliga,2019-20
Sat Nov 23 2019,RB Leipzig,1. FC Köln,4,1,Bundesliga,2019-20
Sat Nov 23 2019,Werder Bremen,FC Schalke 04,1,2,Bundesliga,2019-20
Sat Nov 23 2019,Bayer 04 Leverkusen,SC Freiburg,1,1,Bundesliga,2019-20
Sat Nov 23 2019,Fortuna Düsseldorf,Bayern München,0,4,Bundesliga,2019-20
Sat Nov 23 2019,Eintracht Frankfurt,VfL Wolfsburg,0,2,Bundesliga,2019-20
Sat Nov 23 2019,1. FC Union Berlin,Bor. Mönchengladbach,2,0,Bundesliga,2019-20
Sun Nov 24 2019,FC Augsburg,Hertha BSC,4,0,Bundesliga,2019-20
Sun Nov 24 2019,TSG 1899 Hoffenheim,1. FSV Mainz 05,1,5,Bundesliga,2019-20
Fri Nov 29 2019,FC Schalke 04,1. FC Union Berlin,2,1,Bundesliga,2019-20
Sat Nov 30 2019,TSG 1899 Hoffenheim,Fortuna Düsseldorf,1,1,Bundesliga,2019-20
Sat Nov 30 2019,Hertha BSC,Borussia Dortmund,1,2,Bundesliga,2019-20
Sat Nov 30 2019,1. FC Köln,FC Augsburg,1,1,Bundesliga,2019-20
Sat Nov 30 2019,SC Paderborn 07,RB Leipzig,2,3,Bundesliga,2019-20
Sat Nov 30 2019,Bayern München,Bayer 04 Leverkusen,1,2,Bundesliga,2019-20
Sun Dec 1 2019,Bor. Mönchengladbach,SC Freiburg,4,2,Bundesliga,2019-20
Sun Dec 1 2019,VfL Wolfsburg,Werder Bremen,2,3,Bundesliga,2019-20
Mon Dec 2 2019,1. FSV Mainz 05,Eintracht Frankfurt,2,1,Bundesliga,2019-20
Fri Dec 6 2019,Eintracht Frankfurt,Hertha BSC,2,2,Bundesliga,2019-20
Sat Dec 7 2019,Borussia Dortmund,Fortuna Düsseldorf,5,0,Bundesliga,2019-20
Sat Dec 7 2019,RB Leipzig,TSG 1899 Hoffenheim,3,1,Bundesliga,2019-20
Sat Dec 7 2019,Bor. Mönchengladbach,Bayern München,2,1,Bundesliga,2019-20
Sat Dec 7 2019,SC Freiburg,VfL Wolfsburg,1,0,Bundesliga,2019-20
Sat Dec 7 2019,FC Augsburg,1. FSV Mainz 05,2,1,Bundesliga,2019-20
Sat Dec 7 2019,Bayer 04 Leverkusen,FC Schalke 04,2,1,Bundesliga,2019-20
Sun Dec 8 2019,1. FC Union Berlin,1. FC Köln,2,0,Bundesliga,2019-20
Sun Dec 8 2019,Werder Bremen,SC Paderborn 07,0,1,Bundesliga,2019-20
Fri Dec 13 2019,TSG 1899 Hoffenheim,FC Augsburg,2,4,Bundesliga,2019-20
Sat Dec 14 2019,Bayern München,Werder Bremen,6,1,Bundesliga,2019-20
Sat Dec 14 2019,Hertha BSC,SC Freiburg,1,0,Bundesliga,2019-20
Sat Dec 14 2019,1. FSV Mainz 05,Borussia Dortmund,0,4,Bundesliga,2019-20
Sat Dec 14 2019,1. FC Köln,Bayer 04 Leverkusen,2,0,Bundesliga,2019-20
Sat Dec 14 2019,SC Paderborn 07,1. FC Union Berlin,1,1,Bundesliga,2019-20
Sat Dec 14 2019,Fortuna Düsseldorf,RB Leipzig,0,3,Bundesliga,2019-20
Sun Dec 15 2019,VfL Wolfsburg,Bor. Mönchengladbach,2,1,Bundesliga,2019-20
Sun Dec 15 2019,FC Schalke 04,Eintracht Frankfurt,1,0,Bundesliga,2019-20
Tue Dec 17 2019,Werder Bremen,1. FSV Mainz 05,0,5,Bundesliga,2019-20
Tue Dec 17 2019,Borussia Dortmund,RB Leipzig,3,3,Bundesliga,2019-20
Tue Dec 17 2019,FC Augsburg,Fortuna Düsseldorf,3,0,Bundesliga,2019-20
Tue Dec 17 2019,1. FC Union Berlin,TSG 1899 Hoffenheim,0,2,Bundesliga,2019-20
Wed Dec 18 2019,Bayer 04 Leverkusen,Hertha BSC,0,1,Bundesliga,2019-20
Wed Dec 18 2019,SC Freiburg,Bayern München,1,3,Bundesliga,2019-20
Wed Dec 18 2019,Bor. Mönchengladbach,SC Paderborn 07,2,0,Bundesliga,2019-20
Wed Dec 18 2019,VfL Wolfsburg,FC Schalke 04,1,1,Bundesliga,2019-20
Wed Dec 18 2019,Eintracht Frankfurt,1. FC Köln,2,4,Bundesliga,2019-20
Fri Dec 20 2019,TSG 1899 Hoffenheim,Borussia Dortmund,2,1,Bundesliga,2019-20
Sat Dec 21 2019,Bayern München,VfL Wolfsburg,2,0,Bundesliga,2019-20
Sat Dec 21 2019,RB Leipzig,FC Augsburg,3,1,Bundesliga,2019-20
Sat Dec 21 2019,1. FSV Mainz 05,Bayer 04 Leverkusen,0,1,Bundesliga,2019-20
Sat Dec 21 2019,FC Schalke 04,SC Freiburg,2,2,Bundesliga,2019-20
Sat Dec 21 2019,1. FC Köln,Werder Bremen,1,0,Bundesliga,2019-20
Sat Dec 21 2019,Hertha BSC,Bor. Mönchengladbach,0,0,Bundesliga,2019-20
Sun Dec 22 2019,Fortuna Düsseldorf,1. FC Union Berlin,2,1,Bundesliga,2019-20
Sun Dec 22 2019,SC Paderborn 07,Eintracht Frankfurt,2,1,Bundesliga,2019-20
Fri Jan 17 2020,FC Schalke 04,Bor. Mönchengladbach,2,0,Bundesliga,2019-20
Sat Jan 18 2020,TSG 1899 Hoffenheim,Eintracht Frankfurt,1,2,Bundesliga,2019-20
Sat Jan 18 2020,Fortuna Düsseldorf,Werder Bremen,0,1,Bundesliga,2019-20
Sat Jan 18 2020,1. FSV Mainz 05,SC Freiburg,1,2,Bundesliga,2019-20
Sat Jan 18 2020,FC Augsburg,Borussia Dortmund,3,5,Bundesliga,2019-20
Sat Jan 18 2020,1. FC Köln,VfL Wolfsburg,3,1,Bundesliga,2019-20
Sat Jan 18 2020,RB Leipzig,1. FC Union Berlin,3,1,Bundesliga,2019-20
Sun Jan 19 2020,Hertha BSC,Bayern München,0,4,Bundesliga,2019-20
Sun Jan 19 2020,SC Paderborn 07,Bayer 04 Leverkusen,1,4,Bundesliga,2019-20
Fri Jan 24 2020,Borussia Dortmund,1. FC Köln,5,1,Bundesliga,2019-20
Sat Jan 25 2020,SC Freiburg,SC Paderborn 07,0,2,Bundesliga,2019-20
Sat Jan 25 2020,Bayern München,FC Schalke 04,5,0,Bundesliga,2019-20
Sat Jan 25 2020,Bor. Mönchengladbach,1. FSV Mainz 05,3,1,Bundesliga,2019-20
Sat Jan 25 2020,VfL Wolfsburg,Hertha BSC,1,2,Bundesliga,2019-20
Sat Jan 25 2020,Eintracht Frankfurt,RB Leipzig,2,0,Bundesliga,2019-20
Sat Jan 25 2020,1. FC Union Berlin,FC Augsburg,2,0,Bundesliga,2019-20
Sun Jan 26 2020,Werder Bremen,TSG 1899 Hoffenheim,0,3,Bundesliga,2019-20
Sun Jan 26 2020,Bayer 04 Leverkusen,Fortuna Düsseldorf,3,0,Bundesliga,2019-20
Fri Jan 31 2020,Hertha BSC,FC Schalke 04,0,0,Bundesliga,2019-20
Sat Feb 1 2020,Fortuna Düsseldorf,Eintracht Frankfurt,1,1,Bundesliga,2019-20
Sat Feb 1 2020,Borussia Dortmund,1. FC Union Berlin,5,0,Bundesliga,2019-20
Sat Feb 1 2020,1. FSV Mainz 05,Bayern München,1,3,Bundesliga,2019-20
Sat Feb 1 2020,FC Augsburg,Werder Bremen,2,1,Bundesliga,2019-20
Sat Feb 1 2020,TSG 1899 Hoffenheim,Bayer 04 Leverkusen,2,1,Bundesliga,2019-20
Sat Feb 1 2020,RB Leipzig,Bor. Mönchengladbach,2,2,Bundesliga,2019-20
Sun Feb 2 2020,1. FC Köln,SC Freiburg,4,0,Bundesliga,2019-20
Sun Feb 2 2020,SC Paderborn 07,VfL Wolfsburg,2,4,Bundesliga,2019-20
Fri Feb 7 2020,Eintracht Frankfurt,FC Augsburg,5,0,Bundesliga,2019-20
Sat Feb 8 2020,FC Schalke 04,SC Paderborn 07,1,1,Bundesliga,2019-20
Sat Feb 8 2020,Werder Bremen,1. FC Union Berlin,0,2,Bundesliga,2019-20
Sat Feb 8 2020,SC Freiburg,TSG 1899 Hoffenheim,1,0,Bundesliga,2019-20
Sat Feb 8 2020,Bayer 04 Leverkusen,Borussia Dortmund,4,3,Bundesliga,2019-20
Sat Feb 8 2020,VfL Wolfsburg,Fortuna Düsseldorf,1,1,Bundesliga,2019-20
Sat Feb 8 2020,Hertha BSC,1. FSV Mainz 05,1,3,Bundesliga,2019-20
Sun Feb 9 2020,Bayern München,RB Leipzig,0,0,Bundesliga,2019-20
Fri Feb 14 2020,Borussia Dortmund,Eintracht Frankfurt,4,0,Bundesliga,2019-20
Sat Feb 15 2020,Fortuna Düsseldorf,Bor. Mönchengladbach,1,4,Bundesliga,2019-20
Sat Feb 15 2020,1. FC Union Berlin,Bayer 04 Leverkusen,2,3,Bundesliga,2019-20
Sat Feb 15 2020,FC Augsburg,SC Freiburg,1,1,Bundesliga,2019-20
Sat Feb 15 2020,SC Paderborn 07,Hertha BSC,1,2,Bundesliga,2019-20
Sat Feb 15 2020,TSG 1899 Hoffenheim,VfL Wolfsburg,2,3,Bundesliga,2019-20
Sat Feb 15 2020,RB Leipzig,Werder Bremen,3,0,Bundesliga,2019-20
Sun Feb 16 2020,1. FC Köln,Bayern München,1,4,Bundesliga,2019-20
Sun Feb 16 2020,1. FSV Mainz 05,FC Schalke 04,0,0,Bundesliga,2019-20
Fri Feb 21 2020,Bayern München,SC Paderborn 07,3,2,Bundesliga,2019-20
Sat Feb 22 2020,FC Schalke 04,RB Leipzig,0,5,Bundesliga,2019-20
Sat Feb 22 2020,Werder Bremen,Borussia Dortmund,0,2,Bundesliga,2019-20
Sat Feb 22 2020,SC Freiburg,Fortuna Düsseldorf,0,2,Bundesliga,2019-20
Sat Feb 22 2020,Bor. Mönchengladbach,TSG 1899 Hoffenheim,1,1,Bundesliga,2019-20
Sat Feb 22 2020,Hertha BSC,1. FC Köln,0,5,Bundesliga,2019-20
Sun Feb 23 2020,VfL Wolfsburg,1. FSV Mainz 05,4,0,Bundesliga,2019-20
Sun Feb 23 2020,Bayer 04 Leverkusen,FC Augsburg,2,0,Bundesliga,2019-20
Mon Feb 24 2020,Eintracht Frankfurt,1. FC Union Berlin,1,2,Bundesliga,2019-20
Fri Feb 28 2020,Fortuna Düsseldorf,Hertha BSC,3,3,Bundesliga,2019-20
Sat Feb 29 2020,1. FC Köln,FC Schalke 04,3,0,Bundesliga,2019-20
Sat Feb 29 2020,Borussia Dortmund,SC Freiburg,1,0,Bundesliga,2019-20
Sat Feb 29 2020,1. FSV Mainz 05,SC Paderborn 07,2,0,Bundesliga,2019-20
Sat Feb 29 2020,FC Augsburg,Bor. Mönchengladbach,2,3,Bundesliga,2019-20
Sat Feb 29 2020,TSG 1899 Hoffenheim,Bayern München,0,6,Bundesliga,2019-20
Sun Mar 1 2020,1. FC Union Berlin,VfL Wolfsburg,2,2,Bundesliga,2019-20
Sun Mar 1 2020,RB Leipzig,Bayer 04 Leverkusen,1,1,Bundesliga,2019-20
Fri Mar 6 2020,SC Paderborn 07,1. FC Köln,1,2,Bundesliga,2019-20
Sat Mar 7 2020,FC Schalke 04,TSG 1899 Hoffenheim,1,1,Bundesliga,2019-20
Sat Mar 7 2020,SC Freiburg,1. FC Union Berlin,3,1,Bundesliga,2019-20
Sat Mar 7 2020,Bayer 04 Leverkusen,Eintracht Frankfurt,4,0,Bundesliga,2019-20
Sat Mar 7 2020,Bor. Mönchengladbach,Borussia Dortmund,1,2,Bundesliga,2019-20
Sat Mar 7 2020,VfL Wolfsburg,RB Leipzig,0,0,Bundesliga,2019-20
Sat Mar 7 2020,Hertha BSC,Werder Bremen,2,2,Bundesliga,2019-20
Sun Mar 8 2020,1. FSV Mainz 05,Fortuna Düsseldorf,1,1,Bundesliga,2019-20
Sun Mar 8 2020,Bayern München,FC Augsburg,2,0,Bundesliga,2019-20
Wed Mar 11 2020,Bor. Mönchengladbach,1. FC Köln,2,1,Bundesliga,2019-20
Sat May 16 2020,Borussia Dortmund,FC Schalke 04,4,0,Bundesliga,2019-20
Sat May 16 2020,RB Leipzig,SC Freiburg,1,1,Bundesliga,2019-20
Sat May 16 2020,TSG 1899 Hoffenheim,Hertha BSC,0,3,Bundesliga,2019-20
Sat May 16 2020,Fortuna Düsseldorf,SC Paderborn 07,0,0,Bundesliga,2019-20
Sat May 16 2020,FC Augsburg,VfL Wolfsburg,1,2,Bundesliga,2019-20
Sat May 16 2020,Eintracht Frankfurt,Bor. Mönchengladbach,1,3,Bundesliga,2019-20
Sun May 17 2020,1. FC Köln,1. FSV Mainz 05,2,2,Bundesliga,2019-20
Sun May 17 2020,1. FC Union Berlin,Bayern München,0,2,Bundesliga,2019-20
Mon May 18 2020,Werder Bremen,Bayer 04 Leverkusen,1,4,Bundesliga,2019-20
Fri May 22 2020,Hertha BSC,1. FC Union Berlin,4,0,Bundesliga,2019-20
Sat May 23 2020,Bor. Mönchengladbach,Bayer 04 Leverkusen,1,3,Bundesliga,2019-20
Sat May 23 2020,VfL Wolfsburg,Borussia Dortmund,0,2,Bundesliga,2019-20
Sat May 23 2020,SC Freiburg,Werder Bremen,0,1,Bundesliga,2019-20
Sat May 23 2020,SC Paderborn 07,TSG 1899 Hoffenheim,1,1,Bundesliga,2019-20
Sat May 23 2020,Bayern München,Eintracht Frankfurt,5,2,Bundesliga,2019-20
Sun May 24 2020,FC Schalke 04,FC Augsburg,0,3,Bundesliga,2019-20
Sun May 24 2020,1. FSV Mainz 05,RB Leipzig,0,5,Bundesliga,2019-20
Sun May 24 2020,1. FC Köln,Fortuna Düsseldorf,2,2,Bundesliga,2019-20
Tue May 26 2020,Borussia Dortmund,Bayern München,0,1,Bundesliga,2019-20
Tue May 26 2020,Bayer 04 Leverkusen,VfL Wolfsburg,1,4,Bundesliga,2019-20
Tue May 26 2020,Eintracht Frankfurt,SC Freiburg,3,3,Bundesliga,2019-20
Tue May 26 2020,Werder Bremen,Bor. Mönchengladbach,0,0,Bundesliga,2019-20
Wed May 27 2020,RB Leipzig,Hertha BSC,2,2,Bundesliga,2019-20
Wed May 27 2020,TSG 1899 Hoffenheim,1. FC Köln,3,1,Bundesliga,2019-20
Wed May 27 2020,Fortuna Düsseldorf,FC Schalke 04,2,1,Bundesliga,2019-20
Wed May 27 2020,FC Augsburg,SC Paderborn 07,0,0,Bundesliga,2019-20
Wed May 27 2020,1. FC Union Berlin,1. FSV Mainz 05,1,1,Bundesliga,2019-20
Fri May 29 2020,SC Freiburg,Bayer 04 Leverkusen,0,1,Bundesliga,2019-20
Sat May 30 2020,VfL Wolfsburg,Eintracht Frankfurt,1,2,Bundesliga,2019-20
Sat May 30 2020,Hertha BSC,FC Augsburg,2,0,Bundesliga,2019-20
Sat May 30 2020,1. FSV Mainz 05,TSG 1899 Hoffenheim,0,1,Bundesliga,2019-20
Sat May 30 2020,FC Schalke 04,Werder Bremen,0,1,Bundesliga,2019-20
Sat May 30 2020,Bayern München,Fortuna Düsseldorf,5,0,Bundesliga,2019-20
Sun May 31 2020,Bor. Mönchengladbach,1. FC Union Berlin,4,1,Bundesliga,2019-20
Sun May 31 2020,SC Paderborn 07,Borussia Dortmund,1,6,Bundesliga,2019-20
Mon Jun 1 2020,1. FC Köln,RB Leipzig,2,4,Bundesliga,2019-20
Wed Jun 3 2020,Werder Bremen,Eintracht Frankfurt,0,3,Bundesliga,2019-20
Fri Jun 5 2020,SC Freiburg,Bor. Mönchengladbach,1,0,Bundesliga,2019-20
Sat Jun 6 2020,RB Leipzig,SC Paderborn 07,1,1,Bundesliga,2019-20
Sat Jun 6 2020,Bayer 04 Leverkusen,Bayern München,2,4,Bundesliga,2019-20
Sat Jun 6 2020,Eintracht Frankfurt,1. FSV Mainz 05,0,2,Bundesliga,2019-20
Sat Jun 6 2020,Fortuna Düsseldorf,TSG 1899 Hoffenheim,2,2,Bundesliga,2019-20
Sat Jun 6 2020,Borussia Dortmund,Hertha BSC,1,0,Bundesliga,2019-20
Sun Jun 7 2020,Werder Bremen,VfL Wolfsburg,0,1,Bundesliga,2019-20
Sun Jun 7 2020,1. FC Union Berlin,FC Schalke 04,1,1,Bundesliga,2019-20
Sun Jun 7 2020,FC Augsburg,1. FC Köln,1,1,Bundesliga,2019-20
Fri Jun 12 2020,TSG 1899 Hoffenheim,RB Leipzig,0,2,Bundesliga,2019-20
Sat Jun 13 2020,VfL Wolfsburg,SC Freiburg,2,2,Bundesliga,2019-20
Sat Jun 13 2020,Fortuna Düsseldorf,Borussia Dortmund,0,1,Bundesliga,2019-20
Sat Jun 13 2020,Hertha BSC,Eintracht Frankfurt,1,4,Bundesliga,2019-20
Sat Jun 13 2020,1. FC Köln,1. FC Union Berlin,1,2,Bundesliga,2019-20
Sat Jun 13 2020,SC Paderborn 07,Werder Bremen,1,5,Bundesliga,2019-20
Sat Jun 13 2020,Bayern München,Bor. Mönchengladbach,2,1,Bundesliga,2019-20
Sun Jun 14 2020,1. FSV Mainz 05,FC Augsburg,0,1,Bundesliga,2019-20
Sun Jun 14 2020,FC Schalke 04,Bayer 04 Leverkusen,1,1,Bundesliga,2019-20
Tue Jun 16 2020,Bor. Mönchengladbach,VfL Wolfsburg,3,0,Bundesliga,2019-20
Tue Jun 16 2020,Werder Bremen,Bayern München,0,1,Bundesliga,2019-20
Tue Jun 16 2020,SC Freiburg,Hertha BSC,2,1,Bundesliga,2019-20
Tue Jun 16 2020,1. FC Union Berlin,SC Paderborn 07,1,0,Bundesliga,2019-20
Wed Jun 17 2020,Eintracht Frankfurt,FC Schalke 04,2,1,Bundesliga,2019-20
Wed Jun 17 2020,Borussia Dortmund,1. FSV Mainz 05,0,2,Bundesliga,2019-20
Wed Jun 17 2020,RB Leipzig,Fortuna Düsseldorf,2,2,Bundesliga,2019-20
Wed Jun 17 2020,Bayer 04 Leverkusen,1. FC Köln,3,1,Bundesliga,2019-20
Wed Jun 17 2020,FC Augsburg,TSG 1899 Hoffenheim,1,3,Bundesliga,2019-20
Sat Jun 20 2020,FC Schalke 04,VfL Wolfsburg,1,4,Bundesliga,2019-20
Sat Jun 20 2020,Fortuna Düsseldorf,FC Augsburg,1,1,Bundesliga,2019-20
Sat Jun 20 2020,Bayern München,SC Freiburg,3,1,Bundesliga,2019-20
Sat Jun 20 2020,1. FC Köln,Eintracht Frankfurt,1,1,Bundesliga,2019-20
Sat Jun 20 2020,Hertha BSC,Bayer 04 Leverkusen,2,0,Bundesliga,2019-20
Sat Jun 20 2020,1. FSV Mainz 05,Werder Bremen,3,1,Bundesliga,2019-20
Sat Jun 20 2020,SC Paderborn 07,Bor. Mönchengladbach,1,3,Bundesliga,2019-20
Sat Jun 20 2020,TSG 1899 Hoffenheim,1. FC Union Berlin,4,0,Bundesliga,2019-20
Sat Jun 20 2020,RB Leipzig,Borussia Dortmund,0,2,Bundesliga,2019-20
Sat Jun 27 2020,Werder Bremen,1. FC Köln,6,1,Bundesliga,2019-20
Sat Jun 27 2020,SC Freiburg,FC Schalke 04,4,0,Bundesliga,2019-20
Sat Jun 27 2020,Bayer 04 Leverkusen,1. FSV Mainz 05,1,0,Bundesliga,2019-20
Sat Jun 27 2020,Bor. Mönchengladbach,Hertha BSC,2,1,Bundesliga,2019-20
Sat Jun 27 2020,Borussia Dortmund,TSG 1899 Hoffenheim,0,4,Bundesliga,2019-20
Sat Jun 27 2020,VfL Wolfsburg,Bayern München,0,4,Bundesliga,2019-20
Sat Jun 27 2020,Eintracht Frankfurt,SC Paderborn 07,3,2,Bundesliga,2019-20
Sat Jun 27 2020,1. FC Union Berlin,Fortuna Düsseldorf,3,0,Bundesliga,2019-20
Sat Jun 27 2020,FC Augsburg,RB Leipzig,1,2,Bundesliga,2019-20
Fri Sep 18 2020,Bayern München,FC Schalke 04,8,0,Bundesliga,2020-21
Sat Sep 19 2020,Eintracht Frankfurt,Arminia Bielefeld,1,1,Bundesliga,2020-21
Sat Sep 19 2020,1. FC Union Berlin,FC Augsburg,1,3,Bundesliga,2020-21
Sat Sep 19 2020,1. FC Köln,TSG 1899 Hoffenheim,2,3,Bundesliga,2020-21
Sat Sep 19 2020,Werder Bremen,Hertha BSC,1,4,Bundesliga,2020-21
Sat Sep 19 2020,VfB Stuttgart,SC Freiburg,2,3,Bundesliga,2020-21
Sat Sep 19 2020,Borussia Dortmund,Bor. Mönchengladbach,3,0,Bundesliga,2020-21
Sun Sep 20 2020,RB Leipzig,1. FSV Mainz 05,3,1,Bundesliga,2020-21
Sun Sep 20 2020,VfL Wolfsburg,Bayer 04 Leverkusen,0,0,Bundesliga,2020-21
Fri Sep 25 2020,Hertha BSC,Eintracht Frankfurt,1,3,Bundesliga,2020-21
Sat Sep 26 2020,Bor. Mönchengladbach,1. FC Union Berlin,1,1,Bundesliga,2020-21
Sat Sep 26 2020,Bayer 04 Leverkusen,RB Leipzig,1,1,Bundesliga,2020-21
Sat Sep 26 2020,1. FSV Mainz 05,VfB Stuttgart,1,4,Bundesliga,2020-21
Sat Sep 26 2020,FC Augsburg,Borussia Dortmund,2,0,Bundesliga,2020-21
Sat Sep 26 2020,Arminia Bielefeld,1. FC Köln,1,0,Bundesliga,2020-21
Sat Sep 26 2020,FC Schalke 04,Werder Bremen,1,3,Bundesliga,2020-21
Sun Sep 27 2020,TSG 1899 Hoffenheim,Bayern München,4,1,Bundesliga,2020-21
Sun Sep 27 2020,SC Freiburg,VfL Wolfsburg,1,1,Bundesliga,2020-21
Fri Oct 2 2020,1. FC Union Berlin,1. FSV Mainz 05,4,0,Bundesliga,2020-21
Sat Oct 3 2020,Borussia Dortmund,SC Freiburg,4,0,Bundesliga,2020-21
Sat Oct 3 2020,Eintracht Frankfurt,TSG 1899 Hoffenheim,2,1,Bundesliga,2020-21
Sat Oct 3 2020,1. FC Köln,Bor. Mönchengladbach,1,3,Bundesliga,2020-21
Sat Oct 3 2020,Werder Bremen,Arminia Bielefeld,1,0,Bundesliga,2020-21
Sat Oct 3 2020,VfB Stuttgart,Bayer 04 Leverkusen,1,1,Bundesliga,2020-21
Sat Oct 3 2020,RB Leipzig,FC Schalke 04,4,0,Bundesliga,2020-21
Sun Oct 4 2020,VfL Wolfsburg,FC Augsburg,0,0,Bundesliga,2020-21
Sun Oct 4 2020,Bayern München,Hertha BSC,4,3,Bundesliga,2020-21
Sat Oct 17 2020,TSG 1899 Hoffenheim,Borussia Dortmund,0,1,Bundesliga,2020-21
Sat Oct 17 2020,SC Freiburg,Werder Bremen,1,1,Bundesliga,2020-21
Sat Oct 17 2020,Hertha BSC,VfB Stuttgart,0,2,Bundesliga,2020-21
Sat Oct 17 2020,1. FSV Mainz 05,Bayer 04 Leverkusen,0,1,Bundesliga,2020-21
Sat Oct 17 2020,FC Augsburg,RB Leipzig,0,2,Bundesliga,2020-21
Sat Oct 17 2020,Arminia Bielefeld,Bayern München,1,4,Bundesliga,2020-21
Sat Oct 17 2020,Bor. Mönchengladbach,VfL Wolfsburg,1,1,Bundesliga,2020-21
Sun Oct 18 2020,1. FC Köln,Eintracht Frankfurt,1,1,Bundesliga,2020-21
Sun Oct 18 2020,FC Schalke 04,1. FC Union Berlin,1,1,Bundesliga,2020-21
Fri Oct 23 2020,VfB Stuttgart,1. FC Köln,1,1,Bundesliga,2020-21
Sat Oct 24 2020,Bayern München,Eintracht Frankfurt,5,0,Bundesliga,2020-21
Sat Oct 24 2020,RB Leipzig,Hertha BSC,2,1,Bundesliga,2020-21
Sat Oct 24 2020,1. FC Union Berlin,SC Freiburg,1,1,Bundesliga,2020-21
Sat Oct 24 2020,1. FSV Mainz 05,Bor. Mönchengladbach,2,3,Bundesliga,2020-21
Sat Oct 24 2020,Borussia Dortmund,FC Schalke 04,3,0,Bundesliga,2020-21
Sun Oct 25 2020,VfL Wolfsburg,Arminia Bielefeld,2,1,Bundesliga,2020-21
Sun Oct 25 2020,Werder Bremen,TSG 1899 Hoffenheim,1,1,Bundesliga,2020-21
Mon Oct 26 2020,Bayer 04 Leverkusen,FC Augsburg,3,1,Bundesliga,2020-21
Fri Oct 30 2020,FC Schalke 04,VfB Stuttgart,1,1,Bundesliga,2020-21
Sat Oct 31 2020,Eintracht Frankfurt,Werder Bremen,1,1,Bundesliga,2020-21
Sat Oct 31 2020,1. FC Köln,Bayern München,1,2,Bundesliga,2020-21
Sat Oct 31 2020,FC Augsburg,1. FSV Mainz 05,3,1,Bundesliga,2020-21
Sat Oct 31 2020,Arminia Bielefeld,Borussia Dortmund,0,2,Bundesliga,2020-21
Sat Oct 31 2020,Bor. Mönchengladbach,RB Leipzig,1,0,Bundesliga,2020-21
Sun Nov 1 2020,SC Freiburg,Bayer 04 Leverkusen,2,4,Bundesliga,2020-21
Sun Nov 1 2020,Hertha BSC,VfL Wolfsburg,1,1,Bundesliga,2020-21
Mon Nov 2 2020,TSG 1899 Hoffenheim,1. FC Union Berlin,1,3,Bundesliga,2020-21
Fri Nov 6 2020,Werder Bremen,1. FC Köln,1,1,Bundesliga,2020-21
Sat Nov 7 2020,RB Leipzig,SC Freiburg,3,0,Bundesliga,2020-21
Sat Nov 7 2020,1. FC Union Berlin,Arminia Bielefeld,5,0,Bundesliga,2020-21
Sat Nov 7 2020,1. FSV Mainz 05,FC Schalke 04,2,2,Bundesliga,2020-21
Sat Nov 7 2020,FC Augsburg,Hertha BSC,0,3,Bundesliga,2020-21
Sat Nov 7 2020,VfB Stuttgart,Eintracht Frankfurt,2,2,Bundesliga,2020-21
Sat Nov 7 2020,Borussia Dortmund,Bayern München,2,3,Bundesliga,2020-21
Sun Nov 8 2020,VfL Wolfsburg,TSG 1899 Hoffenheim,2,1,Bundesliga,2020-21
Sun Nov 8 2020,Bayer 04 Leverkusen,Bor. Mönchengladbach,4,3,Bundesliga,2020-21
Sat Aug 14 2010,Bolton Wanderers FC,Fulham FC,0,0,Premier League,2010-11
Sat Aug 14 2010,Wigan Athletic FC,Blackpool FC,0,4,Premier League,2010-11
Sat Aug 14 2010,Aston Villa FC,West Ham United FC,3,0,Premier League,2010-11
Sat Aug 14 2010,Wolverhampton Wanderers FC,Stoke City FC,2,1,Premier League,2010-11
Sat Aug 14 2010,Sunderland AFC,Birmingham City FC,2,2,Premier League,2010-11
Sat Aug 14 2010,Blackburn Rovers FC,Everton FC,1,0,Premier League,2010-11
Sat Aug 14 2010,Tottenham Hotspur FC,Manchester City FC,0,0,Premier League,2010-11
Sat Aug 14 2010,Chelsea FC,West Bromwich Albion FC,6,0,Premier League,2010-11
Sun Aug 15 2010,Liverpool FC,Arsenal FC,1,1,Premier League,2010-11
Mon Aug 16 2010,Manchester United FC,Newcastle United FC,3,0,Premier League,2010-11
Sat Aug 21 2010,West Ham United FC,Bolton Wanderers FC,1,3,Premier League,2010-11
Sat Aug 21 2010,West Bromwich Albion FC,Sunderland AFC,1,0,Premier League,2010-11
Sat Aug 21 2010,Stoke City FC,Tottenham Hotspur FC,1,2,Premier League,2010-11
Sat Aug 21 2010,Wigan Athletic FC,Chelsea FC,0,6,Premier League,2010-11
Sat Aug 21 2010,Everton FC,Wolverhampton Wanderers FC,1,1,Premier League,2010-11
Sat Aug 21 2010,Birmingham City FC,Blackburn Rovers FC,2,1,Premier League,2010-11
Sat Aug 21 2010,Arsenal FC,Blackpool FC,6,0,Premier League,2010-11
Sun Aug 22 2010,Newcastle United FC,Aston Villa FC,6,0,Premier League,2010-11
Sun Aug 22 2010,Fulham FC,Manchester United FC,2,2,Premier League,2010-11
Mon Aug 23 2010,Manchester City FC,Liverpool FC,3,0,Premier League,2010-11
Sat Aug 28 2010,Blackpool FC,Fulham FC,2,2,Premier League,2010-11
Sat Aug 28 2010,Manchester United FC,West Ham United FC,3,0,Premier League,2010-11
Sat Aug 28 2010,Chelsea FC,Stoke City FC,2,0,Premier League,2010-11
Sat Aug 28 2010,Blackburn Rovers FC,Arsenal FC,1,2,Premier League,2010-11
Sat Aug 28 2010,Tottenham Hotspur FC,Wigan Athletic FC,0,1,Premier League,2010-11
Sat Aug 28 2010,Wolverhampton Wanderers FC,Newcastle United FC,1,1,Premier League,2010-11
Sun Aug 29 2010,Bolton Wanderers FC,Birmingham City FC,2,2,Premier League,2010-11
Sun Aug 29 2010,Liverpool FC,West Bromwich Albion FC,1,0,Premier League,2010-11
Sun Aug 29 2010,Sunderland AFC,Manchester City FC,1,0,Premier League,2010-11
Sun Aug 29 2010,Aston Villa FC,Everton FC,1,0,Premier League,2010-11
Sat Sep 11 2010,Newcastle United FC,Blackpool FC,0,2,Premier League,2010-11
Sat Sep 11 2010,West Bromwich Albion FC,Tottenham Hotspur FC,1,1,Premier League,2010-11
Sat Sep 11 2010,Wigan Athletic FC,Sunderland AFC,1,1,Premier League,2010-11
Sat Sep 11 2010,Manchester City FC,Blackburn Rovers FC,1,1,Premier League,2010-11
Sat Sep 11 2010,Arsenal FC,Bolton Wanderers FC,4,1,Premier League,2010-11
Sat Sep 11 2010,West Ham United FC,Chelsea FC,1,3,Premier League,2010-11
Sat Sep 11 2010,Fulham FC,Wolverhampton Wanderers FC,2,1,Premier League,2010-11
Sat Sep 11 2010,Everton FC,Manchester United FC,3,3,Premier League,2010-11
Sun Sep 12 2010,Birmingham City FC,Liverpool FC,0,0,Premier League,2010-11
Mon Sep 13 2010,Stoke City FC,Aston Villa FC,2,1,Premier League,2010-11
Sat Sep 18 2010,Tottenham Hotspur FC,Wolverhampton Wanderers FC,3,1,Premier League,2010-11
Sat Sep 18 2010,Sunderland AFC,Arsenal FC,1,1,Premier League,2010-11
Sat Sep 18 2010,Everton FC,Newcastle United FC,0,1,Premier League,2010-11
Sat Sep 18 2010,West Bromwich Albion FC,Birmingham City FC,3,1,Premier League,2010-11
Sat Sep 18 2010,Stoke City FC,West Ham United FC,1,1,Premier League,2010-11
Sat Sep 18 2010,Blackburn Rovers FC,Fulham FC,1,1,Premier League,2010-11
Sat Sep 18 2010,Aston Villa FC,Bolton Wanderers FC,1,1,Premier League,2010-11
Sun Sep 19 2010,Wigan Athletic FC,Manchester City FC,0,2,Premier League,2010-11
Sun Sep 19 2010,Chelsea FC,Blackpool FC,4,0,Premier League,2010-11
Sun Sep 19 2010,Manchester United FC,Liverpool FC,3,2,Premier League,2010-11
Sat Sep 25 2010,Blackpool FC,Blackburn Rovers FC,1,2,Premier League,2010-11
Sat Sep 25 2010,Birmingham City FC,Wigan Athletic FC,0,0,Premier League,2010-11
Sat Sep 25 2010,Arsenal FC,West Bromwich Albion FC,2,3,Premier League,2010-11
Sat Sep 25 2010,Liverpool FC,Sunderland AFC,2,2,Premier League,2010-11
Sat Sep 25 2010,Fulham FC,Everton FC,0,0,Premier League,2010-11
Sat Sep 25 2010,Manchester City FC,Chelsea FC,1,0,Premier League,2010-11
Sat Sep 25 2010,West Ham United FC,Tottenham Hotspur FC,1,0,Premier League,2010-11
Sun Sep 26 2010,Newcastle United FC,Stoke City FC,1,2,Premier League,2010-11
Sun Sep 26 2010,Wolverhampton Wanderers FC,Aston Villa FC,1,2,Premier League,2010-11
Sun Sep 26 2010,Bolton Wanderers FC,Manchester United FC,2,2,Premier League,2010-11
Sat Oct 2 2010,Stoke City FC,Blackburn Rovers FC,1,0,Premier League,2010-11
Sat Oct 2 2010,Tottenham Hotspur FC,Aston Villa FC,2,1,Premier League,2010-11
Sat Oct 2 2010,Birmingham City FC,Everton FC,0,2,Premier League,2010-11
Sat Oct 2 2010,Sunderland AFC,Manchester United FC,0,0,Premier League,2010-11
Sat Oct 2 2010,West Bromwich Albion FC,Bolton Wanderers FC,1,1,Premier League,2010-11
Sat Oct 2 2010,West Ham United FC,Fulham FC,1,1,Premier League,2010-11
Sat Oct 2 2010,Wigan Athletic FC,Wolverhampton Wanderers FC,2,0,Premier League,2010-11
Sun Oct 3 2010,Liverpool FC,Blackpool FC,1,2,Premier League,2010-11
Sun Oct 3 2010,Chelsea FC,Arsenal FC,2,0,Premier League,2010-11
Sun Oct 3 2010,Manchester City FC,Newcastle United FC,2,1,Premier League,2010-11
Sat Oct 16 2010,Bolton Wanderers FC,Stoke City FC,2,1,Premier League,2010-11
Sat Oct 16 2010,Arsenal FC,Birmingham City FC,2,1,Premier League,2010-11
Sat Oct 16 2010,Wolverhampton Wanderers FC,West Ham United FC,1,1,Premier League,2010-11
Sat Oct 16 2010,Manchester United FC,West Bromwich Albion FC,2,2,Premier League,2010-11
Sat Oct 16 2010,Fulham FC,Tottenham Hotspur FC,1,2,Premier League,2010-11
Sat Oct 16 2010,Aston Villa FC,Chelsea FC,0,0,Premier League,2010-11
Sat Oct 16 2010,Newcastle United FC,Wigan Athletic FC,2,2,Premier League,2010-11
Sun Oct 17 2010,Everton FC,Liverpool FC,2,0,Premier League,2010-11
Sun Oct 17 2010,Blackpool FC,Manchester City FC,2,3,Premier League,2010-11
Mon Oct 18 2010,Blackburn Rovers FC,Sunderland AFC,0,0,Premier League,2010-11
Sat Oct 23 2010,Wigan Athletic FC,Bolton Wanderers FC,1,1,Premier League,2010-11
Sat Oct 23 2010,Sunderland AFC,Aston Villa FC,1,0,Premier League,2010-11
Sat Oct 23 2010,West Bromwich Albion FC,Fulham FC,2,1,Premier League,2010-11
Sat Oct 23 2010,Birmingham City FC,Blackpool FC,2,0,Premier League,2010-11
Sat Oct 23 2010,Chelsea FC,Wolverhampton Wanderers FC,2,0,Premier League,2010-11
Sat Oct 23 2010,Tottenham Hotspur FC,Everton FC,1,1,Premier League,2010-11
Sat Oct 23 2010,West Ham United FC,Newcastle United FC,1,2,Premier League,2010-11
Sun Oct 24 2010,Stoke City FC,Manchester United FC,1,2,Premier League,2010-11
Sun Oct 24 2010,Liverpool FC,Blackburn Rovers FC,2,1,Premier League,2010-11
Sun Oct 24 2010,Manchester City FC,Arsenal FC,0,3,Premier League,2010-11
Sat Oct 30 2010,Fulham FC,Wigan Athletic FC,2,0,Premier League,2010-11
Sat Oct 30 2010,Blackburn Rovers FC,Chelsea FC,1,2,Premier League,2010-11
Sat Oct 30 2010,Manchester United FC,Tottenham Hotspur FC,2,0,Premier League,2010-11
Sat Oct 30 2010,Everton FC,Stoke City FC,1,0,Premier League,2010-11
Sat Oct 30 2010,Wolverhampton Wanderers FC,Manchester City FC,2,1,Premier League,2010-11
Sat Oct 30 2010,Arsenal FC,West Ham United FC,1,0,Premier League,2010-11
Sun Oct 31 2010,Aston Villa FC,Birmingham City FC,0,0,Premier League,2010-11
Sun Oct 31 2010,Bolton Wanderers FC,Liverpool FC,0,1,Premier League,2010-11
Sun Oct 31 2010,Newcastle United FC,Sunderland AFC,5,1,Premier League,2010-11
Mon Nov 1 2010,Blackpool FC,West Bromwich Albion FC,2,1,Premier League,2010-11
Sat Nov 6 2010,Blackburn Rovers FC,Wigan Athletic FC,2,1,Premier League,2010-11
Sat Nov 6 2010,Sunderland AFC,Stoke City FC,2,0,Premier League,2010-11
Sat Nov 6 2010,Blackpool FC,Everton FC,2,2,Premier League,2010-11
Sat Nov 6 2010,Birmingham City FC,West Ham United FC,2,2,Premier League,2010-11
Sat Nov 6 2010,Fulham FC,Aston Villa FC,1,1,Premier League,2010-11
Sat Nov 6 2010,Manchester United FC,Wolverhampton Wanderers FC,2,1,Premier League,2010-11
Sat Nov 6 2010,Bolton Wanderers FC,Tottenham Hotspur FC,4,2,Premier League,2010-11
Sun Nov 7 2010,Liverpool FC,Chelsea FC,2,0,Premier League,2010-11
Sun Nov 7 2010,West Bromwich Albion FC,Manchester City FC,0,2,Premier League,2010-11
Sun Nov 7 2010,Arsenal FC,Newcastle United FC,0,1,Premier League,2010-11
Tue Nov 9 2010,Tottenham Hotspur FC,Sunderland AFC,1,1,Premier League,2010-11
Tue Nov 9 2010,Stoke City FC,Birmingham City FC,3,2,Premier League,2010-11
Wed Nov 10 2010,Wolverhampton Wanderers FC,Arsenal FC,0,2,Premier League,2010-11
Wed Nov 10 2010,Newcastle United FC,Blackburn Rovers FC,1,2,Premier League,2010-11
Wed Nov 10 2010,Aston Villa FC,Blackpool FC,3,2,Premier League,2010-11
Wed Nov 10 2010,Everton FC,Bolton Wanderers FC,1,1,Premier League,2010-11
Wed Nov 10 2010,Manchester City FC,Manchester United FC,0,0,Premier League,2010-11
Wed Nov 10 2010,Chelsea FC,Fulham FC,1,0,Premier League,2010-11
Wed Nov 10 2010,West Ham United FC,West Bromwich Albion FC,2,2,Premier League,2010-11
Wed Nov 10 2010,Wigan Athletic FC,Liverpool FC,1,1,Premier League,2010-11
Sat Nov 13 2010,Wigan Athletic FC,West Bromwich Albion FC,1,0,Premier League,2010-11
Sat Nov 13 2010,Newcastle United FC,Fulham FC,0,0,Premier League,2010-11
Sat Nov 13 2010,Manchester City FC,Birmingham City FC,0,0,Premier League,2010-11
Sat Nov 13 2010,Aston Villa FC,Manchester United FC,2,2,Premier League,2010-11
Sat Nov 13 2010,Wolverhampton Wanderers FC,Bolton Wanderers FC,2,3,Premier League,2010-11
Sat Nov 13 2010,Stoke City FC,Liverpool FC,2,0,Premier League,2010-11
Sat Nov 13 2010,West Ham United FC,Blackpool FC,0,0,Premier League,2010-11
Sat Nov 13 2010,Tottenham Hotspur FC,Blackburn Rovers FC,4,2,Premier League,2010-11
Sun Nov 14 2010,Everton FC,Arsenal FC,1,2,Premier League,2010-11
Sun Nov 14 2010,Chelsea FC,Sunderland AFC,0,3,Premier League,2010-11
Sat Nov 20 2010,Liverpool FC,West Ham United FC,3,0,Premier League,2010-11
Sat Nov 20 2010,Blackpool FC,Wolverhampton Wanderers FC,2,1,Premier League,2010-11
Sat Nov 20 2010,Bolton Wanderers FC,Newcastle United FC,5,1,Premier League,2010-11
Sat Nov 20 2010,West Bromwich Albion FC,Stoke City FC,0,3,Premier League,2010-11
Sat Nov 20 2010,Manchester United FC,Wigan Athletic FC,2,0,Premier League,2010-11
Sat Nov 20 2010,Birmingham City FC,Chelsea FC,1,0,Premier League,2010-11
Sat Nov 20 2010,Arsenal FC,Tottenham Hotspur FC,2,3,Premier League,2010-11
Sun Nov 21 2010,Fulham FC,Manchester City FC,1,4,Premier League,2010-11
Sun Nov 21 2010,Blackburn Rovers FC,Aston Villa FC,2,0,Premier League,2010-11
Mon Nov 22 2010,Sunderland AFC,Everton FC,2,2,Premier League,2010-11
Sat Nov 27 2010,Aston Villa FC,Arsenal FC,2,4,Premier League,2010-11
Sat Nov 27 2010,Fulham FC,Birmingham City FC,1,1,Premier League,2010-11
Sat Nov 27 2010,Manchester United FC,Blackburn Rovers FC,7,1,Premier League,2010-11
Sat Nov 27 2010,West Ham United FC,Wigan Athletic FC,3,1,Premier League,2010-11
Sat Nov 27 2010,Wolverhampton Wanderers FC,Sunderland AFC,3,2,Premier League,2010-11
Sat Nov 27 2010,Bolton Wanderers FC,Blackpool FC,2,2,Premier League,2010-11
Sat Nov 27 2010,Stoke City FC,Manchester City FC,1,1,Premier League,2010-11
Sat Nov 27 2010,Everton FC,West Bromwich Albion FC,1,4,Premier League,2010-11
Sun Nov 28 2010,Newcastle United FC,Chelsea FC,1,1,Premier League,2010-11
Sun Nov 28 2010,Tottenham Hotspur FC,Liverpool FC,2,1,Premier League,2010-11
Sat Dec 4 2010,Wigan Athletic FC,Stoke City FC,2,2,Premier League,2010-11
Sat Dec 4 2010,Birmingham City FC,Tottenham Hotspur FC,1,1,Premier League,2010-11
Sat Dec 4 2010,Arsenal FC,Fulham FC,2,1,Premier League,2010-11
Sat Dec 4 2010,Manchester City FC,Bolton Wanderers FC,1,0,Premier League,2010-11
Sat Dec 4 2010,Chelsea FC,Everton FC,1,1,Premier League,2010-11
Sat Dec 4 2010,Blackburn Rovers FC,Wolverhampton Wanderers FC,3,0,Premier League,2010-11
Sun Dec 5 2010,Sunderland AFC,West Ham United FC,1,0,Premier League,2010-11
Sun Dec 5 2010,West Bromwich Albion FC,Newcastle United FC,3,1,Premier League,2010-11
Mon Dec 6 2010,Liverpool FC,Aston Villa FC,3,0,Premier League,2010-11
Sat Dec 11 2010,Stoke City FC,Blackpool FC,0,1,Premier League,2010-11
Sat Dec 11 2010,Aston Villa FC,West Bromwich Albion FC,2,1,Premier League,2010-11
Sat Dec 11 2010,West Ham United FC,Manchester City FC,1,3,Premier League,2010-11
Sat Dec 11 2010,Fulham FC,Sunderland AFC,0,0,Premier League,2010-11
Sat Dec 11 2010,Newcastle United FC,Liverpool FC,3,1,Premier League,2010-11
Sat Dec 11 2010,Everton FC,Wigan Athletic FC,0,0,Premier League,2010-11
Sun Dec 12 2010,Wolverhampton Wanderers FC,Birmingham City FC,1,0,Premier League,2010-11
Sun Dec 12 2010,Bolton Wanderers FC,Blackburn Rovers FC,2,1,Premier League,2010-11
Sun Dec 12 2010,Tottenham Hotspur FC,Chelsea FC,1,1,Premier League,2010-11
Mon Dec 13 2010,Manchester United FC,Arsenal FC,1,0,Premier League,2010-11
Sat Dec 18 2010,Sunderland AFC,Bolton Wanderers FC,1,0,Premier League,2010-11
Sat Dec 18 2010,Blackburn Rovers FC,West Ham United FC,1,1,Premier League,2010-11
Mon Dec 20 2010,Manchester City FC,Everton FC,1,2,Premier League,2010-11
Sun Dec 26 2010,Fulham FC,West Ham United FC,1,3,Premier League,2010-11
Sun Dec 26 2010,Newcastle United FC,Manchester City FC,1,3,Premier League,2010-11
Sun Dec 26 2010,Bolton Wanderers FC,West Bromwich Albion FC,2,0,Premier League,2010-11
Sun Dec 26 2010,Wolverhampton Wanderers FC,Wigan Athletic FC,1,2,Premier League,2010-11
Sun Dec 26 2010,Manchester United FC,Sunderland AFC,2,0,Premier League,2010-11
Sun Dec 26 2010,Aston Villa FC,Tottenham Hotspur FC,1,2,Premier League,2010-11
Sun Dec 26 2010,Blackburn Rovers FC,Stoke City FC,0,2,Premier League,2010-11
Mon Dec 27 2010,Arsenal FC,Chelsea FC,3,1,Premier League,2010-11
Tue Dec 28 2010,West Ham United FC,Everton FC,1,1,Premier League,2010-11
Tue Dec 28 2010,Manchester City FC,Aston Villa FC,4,0,Premier League,2010-11
Tue Dec 28 2010,Stoke City FC,Fulham FC,0,2,Premier League,2010-11
Tue Dec 28 2010,Tottenham Hotspur FC,Newcastle United FC,2,0,Premier League,2010-11
Tue Dec 28 2010,Sunderland AFC,Blackpool FC,0,2,Premier League,2010-11
Tue Dec 28 2010,West Bromwich Albion FC,Blackburn Rovers FC,1,3,Premier League,2010-11
Tue Dec 28 2010,Birmingham City FC,Manchester United FC,1,1,Premier League,2010-11
Wed Dec 29 2010,Liverpool FC,Wolverhampton Wanderers FC,0,1,Premier League,2010-11
Wed Dec 29 2010,Chelsea FC,Bolton Wanderers FC,1,0,Premier League,2010-11
Wed Dec 29 2010,Wigan Athletic FC,Arsenal FC,2,2,Premier League,2010-11
Sat Jan 1 2011,Stoke City FC,Everton FC,2,0,Premier League,2010-11
Sat Jan 1 2011,Birmingham City FC,Arsenal FC,0,3,Premier League,2010-11
Sat Jan 1 2011,West Bromwich Albion FC,Manchester United FC,1,2,Premier League,2010-11
Sat Jan 1 2011,Tottenham Hotspur FC,Fulham FC,1,0,Premier League,2010-11
Sat Jan 1 2011,Sunderland AFC,Blackburn Rovers FC,3,0,Premier League,2010-11
Sat Jan 1 2011,Liverpool FC,Bolton Wanderers FC,2,1,Premier League,2010-11
Sat Jan 1 2011,West Ham United FC,Wolverhampton Wanderers FC,2,0,Premier League,2010-11
Sat Jan 1 2011,Manchester City FC,Blackpool FC,1,0,Premier League,2010-11
Sun Jan 2 2011,Chelsea FC,Aston Villa FC,3,3,Premier League,2010-11
Sun Jan 2 2011,Wigan Athletic FC,Newcastle United FC,0,1,Premier League,2010-11
Tue Jan 4 2011,Fulham FC,West Bromwich Albion FC,3,0,Premier League,2010-11
Tue Jan 4 2011,Manchester United FC,Stoke City FC,2,1,Premier League,2010-11
Tue Jan 4 2011,Blackpool FC,Birmingham City FC,1,2,Premier League,2010-11
Wed Jan 5 2011,Blackburn Rovers FC,Liverpool FC,3,1,Premier League,2010-11
Wed Jan 5 2011,Aston Villa FC,Sunderland AFC,0,1,Premier League,2010-11
Wed Jan 5 2011,Bolton Wanderers FC,Wigan Athletic FC,1,1,Premier League,2010-11
Wed Jan 5 2011,Arsenal FC,Manchester City FC,0,0,Premier League,2010-11
Wed Jan 5 2011,Newcastle United FC,West Ham United FC,5,0,Premier League,2010-11
Wed Jan 5 2011,Everton FC,Tottenham Hotspur FC,2,1,Premier League,2010-11
Wed Jan 5 2011,Wolverhampton Wanderers FC,Chelsea FC,1,0,Premier League,2010-11
Wed Jan 12 2011,Blackpool FC,Liverpool FC,2,1,Premier League,2010-11
Sat Jan 15 2011,Stoke City FC,Bolton Wanderers FC,2,0,Premier League,2010-11
Sat Jan 15 2011,Manchester City FC,Wolverhampton Wanderers FC,4,3,Premier League,2010-11
Sat Jan 15 2011,Chelsea FC,Blackburn Rovers FC,2,0,Premier League,2010-11
Sat Jan 15 2011,Wigan Athletic FC,Fulham FC,1,1,Premier League,2010-11
Sat Jan 15 2011,West Bromwich Albion FC,Blackpool FC,3,2,Premier League,2010-11
Sat Jan 15 2011,West Ham United FC,Arsenal FC,0,3,Premier League,2010-11
Sun Jan 16 2011,Tottenham Hotspur FC,Manchester United FC,0,0,Premier League,2010-11
Sun Jan 16 2011,Sunderland AFC,Newcastle United FC,1,1,Premier League,2010-11
Sun Jan 16 2011,Birmingham City FC,Aston Villa FC,1,1,Premier League,2010-11
Sun Jan 16 2011,Liverpool FC,Everton FC,2,2,Premier League,2010-11
Sat Jan 22 2011,Fulham FC,Stoke City FC,2,0,Premier League,2010-11
Sat Jan 22 2011,Wolverhampton Wanderers FC,Liverpool FC,0,3,Premier League,2010-11
Sat Jan 22 2011,Everton FC,West Ham United FC,2,2,Premier League,2010-11
Sat Jan 22 2011,Blackpool FC,Sunderland AFC,1,2,Premier League,2010-11
Sat Jan 22 2011,Aston Villa FC,Manchester City FC,1,0,Premier League,2010-11
Sat Jan 22 2011,Manchester United FC,Birmingham City FC,5,0,Premier League,2010-11
Sat Jan 22 2011,Arsenal FC,Wigan Athletic FC,3,0,Premier League,2010-11
Sat Jan 22 2011,Newcastle United FC,Tottenham Hotspur FC,1,1,Premier League,2010-11
Sun Jan 23 2011,Blackburn Rovers FC,West Bromwich Albion FC,2,0,Premier League,2010-11
Mon Jan 24 2011,Bolton Wanderers FC,Chelsea FC,0,4,Premier League,2010-11
Tue Jan 25 2011,Blackpool FC,Manchester United FC,2,3,Premier League,2010-11
Tue Jan 25 2011,Wigan Athletic FC,Aston Villa FC,1,2,Premier League,2010-11
Wed Jan 26 2011,Liverpool FC,Fulham FC,1,0,Premier League,2010-11
Tue Feb 1 2011,Arsenal FC,Everton FC,2,1,Premier League,2010-11
Tue Feb 1 2011,Sunderland AFC,Chelsea FC,2,4,Premier League,2010-11
Tue Feb 1 2011,Manchester United FC,Aston Villa FC,3,1,Premier League,2010-11
Tue Feb 1 2011,West Bromwich Albion FC,Wigan Athletic FC,2,2,Premier League,2010-11
Wed Feb 2 2011,Blackpool FC,West Ham United FC,1,3,Premier League,2010-11
Wed Feb 2 2011,Liverpool FC,Stoke City FC,2,0,Premier League,2010-11
Wed Feb 2 2011,Birmingham City FC,Manchester City FC,2,2,Premier League,2010-11
Wed Feb 2 2011,Fulham FC,Newcastle United FC,1,0,Premier League,2010-11
Wed Feb 2 2011,Blackburn Rovers FC,Tottenham Hotspur FC,0,1,Premier League,2010-11
Wed Feb 2 2011,Bolton Wanderers FC,Wolverhampton Wanderers FC,1,0,Premier League,2010-11
Sat Feb 5 2011,Aston Villa FC,Fulham FC,2,2,Premier League,2010-11
Sat Feb 5 2011,Everton FC,Blackpool FC,5,3,Premier League,2010-11
Sat Feb 5 2011,Wigan Athletic FC,Blackburn Rovers FC,4,3,Premier League,2010-11
Sat Feb 5 2011,Wolverhampton Wanderers FC,Manchester United FC,2,1,Premier League,2010-11
Sat Feb 5 2011,Tottenham Hotspur FC,Bolton Wanderers FC,2,1,Premier League,2010-11
Sat Feb 5 2011,Stoke City FC,Sunderland AFC,3,2,Premier League,2010-11
Sat Feb 5 2011,Newcastle United FC,Arsenal FC,4,4,Premier League,2010-11
Sat Feb 5 2011,Manchester City FC,West Bromwich Albion FC,3,0,Premier League,2010-11
Sun Feb 6 2011,Chelsea FC,Liverpool FC,0,1,Premier League,2010-11
Sun Feb 6 2011,West Ham United FC,Birmingham City FC,0,1,Premier League,2010-11
Sat Feb 12 2011,Sunderland AFC,Tottenham Hotspur FC,1,2,Premier League,2010-11
Sat Feb 12 2011,Manchester United FC,Manchester City FC,2,1,Premier League,2010-11
Sat Feb 12 2011,West Bromwich Albion FC,West Ham United FC,3,3,Premier League,2010-11
Sat Feb 12 2011,Blackburn Rovers FC,Newcastle United FC,0,0,Premier League,2010-11
Sat Feb 12 2011,Blackpool FC,Aston Villa FC,1,1,Premier League,2010-11
Sat Feb 12 2011,Liverpool FC,Wigan Athletic FC,1,1,Premier League,2010-11
Sat Feb 12 2011,Birmingham City FC,Stoke City FC,1,0,Premier League,2010-11
Sat Feb 12 2011,Arsenal FC,Wolverhampton Wanderers FC,2,0,Premier League,2010-11
Sun Feb 13 2011,Bolton Wanderers FC,Everton FC,2,0,Premier League,2010-11
Mon Feb 14 2011,Fulham FC,Chelsea FC,0,0,Premier League,2010-11
Tue Feb 15 2011,Birmingham City FC,Newcastle United FC,0,2,Premier League,2010-11
Sun Feb 20 2011,West Bromwich Albion FC,Wolverhampton Wanderers FC,1,1,Premier League,2010-11
Tue Feb 22 2011,Blackpool FC,Tottenham Hotspur FC,3,1,Premier League,2010-11
Wed Feb 23 2011,Arsenal FC,Stoke City FC,1,0,Premier League,2010-11
Sat Feb 26 2011,Wigan Athletic FC,Manchester United FC,0,4,Premier League,2010-11
Sat Feb 26 2011,Wolverhampton Wanderers FC,Blackpool FC,4,0,Premier League,2010-11
Sat Feb 26 2011,Everton FC,Sunderland AFC,2,0,Premier League,2010-11
Sat Feb 26 2011,Newcastle United FC,Bolton Wanderers FC,1,1,Premier League,2010-11
Sat Feb 26 2011,Aston Villa FC,Blackburn Rovers FC,4,1,Premier League,2010-11
Sun Feb 27 2011,West Ham United FC,Liverpool FC,3,1,Premier League,2010-11
Sun Feb 27 2011,Manchester City FC,Fulham FC,1,1,Premier League,2010-11
Mon Feb 28 2011,Stoke City FC,West Bromwich Albion FC,1,1,Premier League,2010-11
Tue Mar 1 2011,Chelsea FC,Manchester United FC,2,1,Premier League,2010-11
Sat Mar 5 2011,Bolton Wanderers FC,Aston Villa FC,3,2,Premier League,2010-11
Sat Mar 5 2011,Manchester City FC,Wigan Athletic FC,1,0,Premier League,2010-11
Sat Mar 5 2011,West Ham United FC,Stoke City FC,3,0,Premier League,2010-11
Sat Mar 5 2011,Arsenal FC,Sunderland AFC,0,0,Premier League,2010-11
Sat Mar 5 2011,Birmingham City FC,West Bromwich Albion FC,1,3,Premier League,2010-11
Sat Mar 5 2011,Fulham FC,Blackburn Rovers FC,3,2,Premier League,2010-11
Sat Mar 5 2011,Newcastle United FC,Everton FC,1,2,Premier League,2010-11
Sun Mar 6 2011,Wolverhampton Wanderers FC,Tottenham Hotspur FC,3,3,Premier League,2010-11
Sun Mar 6 2011,Liverpool FC,Manchester United FC,3,1,Premier League,2010-11
Mon Mar 7 2011,Blackpool FC,Chelsea FC,1,3,Premier League,2010-11
Wed Mar 9 2011,Everton FC,Birmingham City FC,1,1,Premier League,2010-11
Sat Mar 19 2011,Blackburn Rovers FC,Blackpool FC,2,2,Premier League,2010-11
Sat Mar 19 2011,Everton FC,Fulham FC,2,1,Premier League,2010-11
Sat Mar 19 2011,Wigan Athletic FC,Birmingham City FC,2,1,Premier League,2010-11
Sat Mar 19 2011,Aston Villa FC,Wolverhampton Wanderers FC,0,1,Premier League,2010-11
Sat Mar 19 2011,West Bromwich Albion FC,Arsenal FC,2,2,Premier League,2010-11
Sat Mar 19 2011,Tottenham Hotspur FC,West Ham United FC,0,0,Premier League,2010-11
Sat Mar 19 2011,Stoke City FC,Newcastle United FC,4,0,Premier League,2010-11
Sat Mar 19 2011,Manchester United FC,Bolton Wanderers FC,1,0,Premier League,2010-11
Sun Mar 20 2011,Chelsea FC,Manchester City FC,2,0,Premier League,2010-11
Sun Mar 20 2011,Sunderland AFC,Liverpool FC,0,2,Premier League,2010-11
Sat Apr 2 2011,Stoke City FC,Chelsea FC,1,1,Premier League,2010-11
Sat Apr 2 2011,Newcastle United FC,Wolverhampton Wanderers FC,4,1,Premier League,2010-11
Sat Apr 2 2011,West Bromwich Albion FC,Liverpool FC,2,1,Premier League,2010-11
Sat Apr 2 2011,Wigan Athletic FC,Tottenham Hotspur FC,0,0,Premier League,2010-11
Sat Apr 2 2011,West Ham United FC,Manchester United FC,2,4,Premier League,2010-11
Sat Apr 2 2011,Arsenal FC,Blackburn Rovers FC,0,0,Premier League,2010-11
Sat Apr 2 2011,Everton FC,Aston Villa FC,2,2,Premier League,2010-11
Sat Apr 2 2011,Birmingham City FC,Bolton Wanderers FC,2,1,Premier League,2010-11
Sun Apr 3 2011,Manchester City FC,Sunderland AFC,5,0,Premier League,2010-11
Sun Apr 3 2011,Fulham FC,Blackpool FC,3,0,Premier League,2010-11
Sat Apr 9 2011,Bolton Wanderers FC,West Ham United FC,3,0,Premier League,2010-11
Sat Apr 9 2011,Tottenham Hotspur FC,Stoke City FC,3,2,Premier League,2010-11
Sat Apr 9 2011,Wolverhampton Wanderers FC,Everton FC,0,3,Premier League,2010-11
Sat Apr 9 2011,Chelsea FC,Wigan Athletic FC,1,0,Premier League,2010-11
Sat Apr 9 2011,Blackburn Rovers FC,Birmingham City FC,1,1,Premier League,2010-11
Sat Apr 9 2011,Sunderland AFC,West Bromwich Albion FC,2,3,Premier League,2010-11
Sat Apr 9 2011,Manchester United FC,Fulham FC,2,0,Premier League,2010-11
Sun Apr 10 2011,Blackpool FC,Arsenal FC,1,3,Premier League,2010-11
Sun Apr 10 2011,Aston Villa FC,Newcastle United FC,1,0,Premier League,2010-11
Mon Apr 11 2011,Liverpool FC,Manchester City FC,3,0,Premier League,2010-11
Sat Apr 16 2011,West Ham United FC,Aston Villa FC,1,2,Premier League,2010-11
Sat Apr 16 2011,Blackpool FC,Wigan Athletic FC,1,3,Premier League,2010-11
Sat Apr 16 2011,West Bromwich Albion FC,Chelsea FC,1,3,Premier League,2010-11
Sat Apr 16 2011,Birmingham City FC,Sunderland AFC,2,0,Premier League,2010-11
Sat Apr 16 2011,Everton FC,Blackburn Rovers FC,2,0,Premier League,2010-11
Sun Apr 17 2011,Arsenal FC,Liverpool FC,1,1,Premier League,2010-11
Tue Apr 19 2011,Newcastle United FC,Manchester United FC,0,0,Premier League,2010-11
Wed Apr 20 2011,Chelsea FC,Birmingham City FC,3,1,Premier League,2010-11
Wed Apr 20 2011,Tottenham Hotspur FC,Arsenal FC,3,3,Premier League,2010-11
Sat Apr 23 2011,Aston Villa FC,Stoke City FC,1,1,Premier League,2010-11
Sat Apr 23 2011,Liverpool FC,Birmingham City FC,5,0,Premier League,2010-11
Sat Apr 23 2011,Chelsea FC,West Ham United FC,3,0,Premier League,2010-11
Sat Apr 23 2011,Manchester United FC,Everton FC,1,0,Premier League,2010-11
Sat Apr 23 2011,Blackpool FC,Newcastle United FC,1,1,Premier League,2010-11
Sat Apr 23 2011,Sunderland AFC,Wigan Athletic FC,4,2,Premier League,2010-11
Sat Apr 23 2011,Wolverhampton Wanderers FC,Fulham FC,1,1,Premier League,2010-11
Sat Apr 23 2011,Tottenham Hotspur FC,West Bromwich Albion FC,2,2,Premier League,2010-11
Sun Apr 24 2011,Bolton Wanderers FC,Arsenal FC,2,1,Premier League,2010-11
Mon Apr 25 2011,Blackburn Rovers FC,Manchester City FC,0,1,Premier League,2010-11
Tue Apr 26 2011,Stoke City FC,Wolverhampton Wanderers FC,3,0,Premier League,2010-11
Wed Apr 27 2011,Fulham FC,Bolton Wanderers FC,3,0,Premier League,2010-11
Sat Apr 30 2011,Wigan Athletic FC,Everton FC,1,1,Premier League,2010-11
Sat Apr 30 2011,Blackpool FC,Stoke City FC,0,0,Premier League,2010-11
Sat Apr 30 2011,Sunderland AFC,Fulham FC,0,3,Premier League,2010-11
Sat Apr 30 2011,Blackburn Rovers FC,Bolton Wanderers FC,1,0,Premier League,2010-11
Sat Apr 30 2011,West Bromwich Albion FC,Aston Villa FC,2,1,Premier League,2010-11
Sat Apr 30 2011,Chelsea FC,Tottenham Hotspur FC,2,1,Premier League,2010-11
Sun May 1 2011,Arsenal FC,Manchester United FC,1,0,Premier League,2010-11
Sun May 1 2011,Birmingham City FC,Wolverhampton Wanderers FC,1,1,Premier League,2010-11
Sun May 1 2011,Liverpool FC,Newcastle United FC,3,0,Premier League,2010-11
Sun May 1 2011,Manchester City FC,West Ham United FC,2,1,Premier League,2010-11
Sat May 7 2011,Tottenham Hotspur FC,Blackpool FC,1,1,Premier League,2010-11
Sat May 7 2011,Newcastle United FC,Birmingham City FC,2,1,Premier League,2010-11
Sat May 7 2011,Everton FC,Manchester City FC,2,1,Premier League,2010-11
Sat May 7 2011,Bolton Wanderers FC,Sunderland AFC,1,2,Premier League,2010-11
Sat May 7 2011,West Ham United FC,Blackburn Rovers FC,1,1,Premier League,2010-11
Sat May 7 2011,Aston Villa FC,Wigan Athletic FC,1,1,Premier League,2010-11
Sun May 8 2011,Manchester United FC,Chelsea FC,2,1,Premier League,2010-11
Sun May 8 2011,Wolverhampton Wanderers FC,West Bromwich Albion FC,3,1,Premier League,2010-11
Sun May 8 2011,Stoke City FC,Arsenal FC,3,1,Premier League,2010-11
Mon May 9 2011,Fulham FC,Liverpool FC,2,5,Premier League,2010-11
Tue May 10 2011,Manchester City FC,Tottenham Hotspur FC,1,0,Premier League,2010-11
Sat May 14 2011,Sunderland AFC,Wolverhampton Wanderers FC,1,3,Premier League,2010-11
Sat May 14 2011,West Bromwich Albion FC,Everton FC,1,0,Premier League,2010-11
Sat May 14 2011,Blackburn Rovers FC,Manchester United FC,1,1,Premier League,2010-11
Sat May 14 2011,Blackpool FC,Bolton Wanderers FC,4,3,Premier League,2010-11
Sun May 15 2011,Birmingham City FC,Fulham FC,0,2,Premier League,2010-11
Sun May 15 2011,Arsenal FC,Aston Villa FC,1,2,Premier League,2010-11
Sun May 15 2011,Chelsea FC,Newcastle United FC,2,2,Premier League,2010-11
Sun May 15 2011,Liverpool FC,Tottenham Hotspur FC,0,2,Premier League,2010-11
Sun May 15 2011,Wigan Athletic FC,West Ham United FC,3,2,Premier League,2010-11
Tue May 17 2011,Manchester City FC,Stoke City FC,3,0,Premier League,2010-11
Sun May 22 2011,Newcastle United FC,West Bromwich Albion FC,3,3,Premier League,2010-11
Sun May 22 2011,West Ham United FC,Sunderland AFC,0,3,Premier League,2010-11
Sun May 22 2011,Wolverhampton Wanderers FC,Blackburn Rovers FC,2,3,Premier League,2010-11
Sun May 22 2011,Fulham FC,Arsenal FC,2,2,Premier League,2010-11
Sun May 22 2011,Stoke City FC,Wigan Athletic FC,0,1,Premier League,2010-11
Sun May 22 2011,Manchester United FC,Blackpool FC,4,2,Premier League,2010-11
Sun May 22 2011,Bolton Wanderers FC,Manchester City FC,0,2,Premier League,2010-11
Sun May 22 2011,Everton FC,Chelsea FC,1,0,Premier League,2010-11
Sun May 22 2011,Tottenham Hotspur FC,Birmingham City FC,2,1,Premier League,2010-11
Sun May 22 2011,Aston Villa FC,Liverpool FC,1,0,Premier League,2010-11
Sat Aug 13 2011,Wigan Athletic FC,Norwich City FC,1,1,Premier League,2011-12
Sat Aug 13 2011,Queens Park Rangers FC,Bolton Wanderers FC,0,4,Premier League,2011-12
Sat Aug 13 2011,Fulham FC,Aston Villa FC,0,0,Premier League,2011-12
Sat Aug 13 2011,Blackburn Rovers FC,Wolverhampton Wanderers FC,1,2,Premier League,2011-12
Sat Aug 13 2011,Newcastle United FC,Arsenal FC,0,0,Premier League,2011-12
Sat Aug 13 2011,Liverpool FC,Sunderland AFC,1,1,Premier League,2011-12
Sun Aug 14 2011,Stoke City FC,Chelsea FC,0,0,Premier League,2011-12
Sun Aug 14 2011,West Bromwich Albion FC,Manchester United FC,1,2,Premier League,2011-12
Mon Aug 15 2011,Manchester City FC,Swansea City FC,4,0,Premier League,2011-12
Sat Aug 20 2011,Arsenal FC,Liverpool FC,0,2,Premier League,2011-12
Sat Aug 20 2011,Swansea City FC,Wigan Athletic FC,0,0,Premier League,2011-12
Sat Aug 20 2011,Sunderland AFC,Newcastle United FC,0,1,Premier League,2011-12
Sat Aug 20 2011,Chelsea FC,West Bromwich Albion FC,2,1,Premier League,2011-12
Sat Aug 20 2011,Aston Villa FC,Blackburn Rovers FC,3,1,Premier League,2011-12
Sat Aug 20 2011,Everton FC,Queens Park Rangers FC,0,1,Premier League,2011-12
Sun Aug 21 2011,Wolverhampton Wanderers FC,Fulham FC,2,0,Premier League,2011-12
Sun Aug 21 2011,Bolton Wanderers FC,Manchester City FC,2,3,Premier League,2011-12
Sun Aug 21 2011,Norwich City FC,Stoke City FC,1,1,Premier League,2011-12
Mon Aug 22 2011,Manchester United FC,Tottenham Hotspur FC,3,0,Premier League,2011-12
Sat Aug 27 2011,Chelsea FC,Norwich City FC,3,1,Premier League,2011-12
Sat Aug 27 2011,Blackburn Rovers FC,Everton FC,0,1,Premier League,2011-12
Sat Aug 27 2011,Wigan Athletic FC,Queens Park Rangers FC,2,0,Premier League,2011-12
Sat Aug 27 2011,Liverpool FC,Bolton Wanderers FC,3,1,Premier League,2011-12
Sat Aug 27 2011,Swansea City FC,Sunderland AFC,0,0,Premier League,2011-12
Sat Aug 27 2011,Aston Villa FC,Wolverhampton Wanderers FC,0,0,Premier League,2011-12
Sun Aug 28 2011,Manchester United FC,Arsenal FC,8,2,Premier League,2011-12
Sun Aug 28 2011,Newcastle United FC,Fulham FC,2,1,Premier League,2011-12
Sun Aug 28 2011,West Bromwich Albion FC,Stoke City FC,0,1,Premier League,2011-12
Sun Aug 28 2011,Tottenham Hotspur FC,Manchester City FC,1,5,Premier League,2011-12
Sat Sep 10 2011,Wolverhampton Wanderers FC,Tottenham Hotspur FC,0,2,Premier League,2011-12
Sat Sep 10 2011,Manchester City FC,Wigan Athletic FC,3,0,Premier League,2011-12
Sat Sep 10 2011,Arsenal FC,Swansea City FC,1,0,Premier League,2011-12
Sat Sep 10 2011,Everton FC,Aston Villa FC,2,2,Premier League,2011-12
Sat Sep 10 2011,Sunderland AFC,Chelsea FC,1,2,Premier League,2011-12
Sat Sep 10 2011,Bolton Wanderers FC,Manchester United FC,0,5,Premier League,2011-12
Sat Sep 10 2011,Stoke City FC,Liverpool FC,1,0,Premier League,2011-12
Sun Sep 11 2011,Fulham FC,Blackburn Rovers FC,1,1,Premier League,2011-12
Sun Sep 11 2011,Norwich City FC,West Bromwich Albion FC,0,1,Premier League,2011-12
Mon Sep 12 2011,Queens Park Rangers FC,Newcastle United FC,0,0,Premier League,2011-12
Sat Sep 17 2011,Swansea City FC,West Bromwich Albion FC,3,0,Premier League,2011-12
Sat Sep 17 2011,Blackburn Rovers FC,Arsenal FC,4,3,Premier League,2011-12
Sat Sep 17 2011,Bolton Wanderers FC,Norwich City FC,1,2,Premier League,2011-12
Sat Sep 17 2011,Everton FC,Wigan Athletic FC,3,1,Premier League,2011-12
Sat Sep 17 2011,Aston Villa FC,Newcastle United FC,1,1,Premier League,2011-12
Sat Sep 17 2011,Wolverhampton Wanderers FC,Queens Park Rangers FC,0,3,Premier League,2011-12
Sun Sep 18 2011,Manchester United FC,Chelsea FC,3,1,Premier League,2011-12
Sun Sep 18 2011,Sunderland AFC,Stoke City FC,4,0,Premier League,2011-12
Sun Sep 18 2011,Tottenham Hotspur FC,Liverpool FC,4,0,Premier League,2011-12
Sun Sep 18 2011,Fulham FC,Manchester City FC,2,2,Premier League,2011-12
Sat Sep 24 2011,Chelsea FC,Swansea City FC,4,1,Premier League,2011-12
Sat Sep 24 2011,Liverpool FC,Wolverhampton Wanderers FC,2,1,Premier League,2011-12
Sat Sep 24 2011,Arsenal FC,Bolton Wanderers FC,3,0,Premier League,2011-12
Sat Sep 24 2011,West Bromwich Albion FC,Fulham FC,0,0,Premier League,2011-12
Sat Sep 24 2011,Stoke City FC,Manchester United FC,1,1,Premier League,2011-12
Sat Sep 24 2011,Wigan Athletic FC,Tottenham Hotspur FC,1,2,Premier League,2011-12
Sat Sep 24 2011,Manchester City FC,Everton FC,2,0,Premier League,2011-12
Sat Sep 24 2011,Newcastle United FC,Blackburn Rovers FC,3,1,Premier League,2011-12
Sun Sep 25 2011,Queens Park Rangers FC,Aston Villa FC,1,1,Premier League,2011-12
Mon Sep 26 2011,Norwich City FC,Sunderland AFC,2,1,Premier League,2011-12
Sat Oct 1 2011,Aston Villa FC,Wigan Athletic FC,2,0,Premier League,2011-12
Sat Oct 1 2011,Wolverhampton Wanderers FC,Newcastle United FC,1,2,Premier League,2011-12
Sat Oct 1 2011,Blackburn Rovers FC,Manchester City FC,0,4,Premier League,2011-12
Sat Oct 1 2011,Sunderland AFC,West Bromwich Albion FC,2,2,Premier League,2011-12
Sat Oct 1 2011,Manchester United FC,Norwich City FC,2,0,Premier League,2011-12
Sat Oct 1 2011,Everton FC,Liverpool FC,0,2,Premier League,2011-12
Sun Oct 2 2011,Swansea City FC,Stoke City FC,2,0,Premier League,2011-12
Sun Oct 2 2011,Tottenham Hotspur FC,Arsenal FC,2,1,Premier League,2011-12
Sun Oct 2 2011,Fulham FC,Queens Park Rangers FC,6,0,Premier League,2011-12
Sun Oct 2 2011,Bolton Wanderers FC,Chelsea FC,1,5,Premier League,2011-12
Sat Oct 15 2011,Manchester City FC,Aston Villa FC,4,1,Premier League,2011-12
Sat Oct 15 2011,Stoke City FC,Fulham FC,2,0,Premier League,2011-12
Sat Oct 15 2011,Norwich City FC,Swansea City FC,3,1,Premier League,2011-12
Sat Oct 15 2011,Queens Park Rangers FC,Blackburn Rovers FC,1,1,Premier League,2011-12
Sat Oct 15 2011,Wigan Athletic FC,Bolton Wanderers FC,1,3,Premier League,2011-12
Sat Oct 15 2011,Chelsea FC,Everton FC,3,1,Premier League,2011-12
Sat Oct 15 2011,Liverpool FC,Manchester United FC,1,1,Premier League,2011-12
Sun Oct 16 2011,Newcastle United FC,Tottenham Hotspur FC,2,2,Premier League,2011-12
Sun Oct 16 2011,Arsenal FC,Sunderland AFC,2,1,Premier League,2011-12
Sun Oct 16 2011,West Bromwich Albion FC,Wolverhampton Wanderers FC,2,0,Premier League,2011-12
Sat Oct 22 2011,Wolverhampton Wanderers FC,Swansea City FC,2,2,Premier League,2011-12
Sat Oct 22 2011,Aston Villa FC,West Bromwich Albion FC,1,2,Premier League,2011-12
Sat Oct 22 2011,Bolton Wanderers FC,Sunderland AFC,0,2,Premier League,2011-12
Sat Oct 22 2011,Newcastle United FC,Wigan Athletic FC,1,0,Premier League,2011-12
Sat Oct 22 2011,Liverpool FC,Norwich City FC,1,1,Premier League,2011-12
Sun Oct 23 2011,Queens Park Rangers FC,Chelsea FC,1,0,Premier League,2011-12
Sun Oct 23 2011,Arsenal FC,Stoke City FC,3,1,Premier League,2011-12
Sun Oct 23 2011,Fulham FC,Everton FC,1,3,Premier League,2011-12
Sun Oct 23 2011,Manchester United FC,Manchester City FC,1,6,Premier League,2011-12
Sun Oct 23 2011,Blackburn Rovers FC,Tottenham Hotspur FC,1,2,Premier League,2011-12
Sat Oct 29 2011,Manchester City FC,Wolverhampton Wanderers FC,3,1,Premier League,2011-12
Sat Oct 29 2011,Norwich City FC,Blackburn Rovers FC,3,3,Premier League,2011-12
Sat Oct 29 2011,Wigan Athletic FC,Fulham FC,0,2,Premier League,2011-12
Sat Oct 29 2011,Chelsea FC,Arsenal FC,3,5,Premier League,2011-12
Sat Oct 29 2011,West Bromwich Albion FC,Liverpool FC,0,2,Premier League,2011-12
Sat Oct 29 2011,Everton FC,Manchester United FC,0,1,Premier League,2011-12
Sat Oct 29 2011,Swansea City FC,Bolton Wanderers FC,3,1,Premier League,2011-12
Sat Oct 29 2011,Sunderland AFC,Aston Villa FC,2,2,Premier League,2011-12
Sun Oct 30 2011,Tottenham Hotspur FC,Queens Park Rangers FC,3,1,Premier League,2011-12
Mon Oct 31 2011,Stoke City FC,Newcastle United FC,1,3,Premier League,2011-12
Sat Nov 5 2011,Newcastle United FC,Everton FC,2,1,Premier League,2011-12
Sat Nov 5 2011,Manchester United FC,Sunderland AFC,1,0,Premier League,2011-12
Sat Nov 5 2011,Aston Villa FC,Norwich City FC,3,2,Premier League,2011-12
Sat Nov 5 2011,Blackburn Rovers FC,Chelsea FC,0,1,Premier League,2011-12
Sat Nov 5 2011,Liverpool FC,Swansea City FC,0,0,Premier League,2011-12
Sat Nov 5 2011,Arsenal FC,West Bromwich Albion FC,3,0,Premier League,2011-12
Sat Nov 5 2011,Queens Park Rangers FC,Manchester City FC,2,3,Premier League,2011-12
Sun Nov 6 2011,Fulham FC,Tottenham Hotspur FC,1,3,Premier League,2011-12
Sun Nov 6 2011,Bolton Wanderers FC,Stoke City FC,5,0,Premier League,2011-12
Sun Nov 6 2011,Wolverhampton Wanderers FC,Wigan Athletic FC,3,1,Premier League,2011-12
Sat Nov 19 2011,Swansea City FC,Manchester United FC,0,1,Premier League,2011-12
Sat Nov 19 2011,Norwich City FC,Arsenal FC,1,2,Premier League,2011-12
Sat Nov 19 2011,Everton FC,Wolverhampton Wanderers FC,2,1,Premier League,2011-12
Sat Nov 19 2011,Stoke City FC,Queens Park Rangers FC,2,3,Premier League,2011-12
Sat Nov 19 2011,West Bromwich Albion FC,Bolton Wanderers FC,2,1,Premier League,2011-12
Sat Nov 19 2011,Wigan Athletic FC,Blackburn Rovers FC,3,3,Premier League,2011-12
Sat Nov 19 2011,Sunderland AFC,Fulham FC,0,0,Premier League,2011-12
Sat Nov 19 2011,Manchester City FC,Newcastle United FC,3,1,Premier League,2011-12
Sun Nov 20 2011,Chelsea FC,Liverpool FC,1,2,Premier League,2011-12
Mon Nov 21 2011,Tottenham Hotspur FC,Aston Villa FC,2,0,Premier League,2011-12
Sat Nov 26 2011,Stoke City FC,Blackburn Rovers FC,3,1,Premier League,2011-12
Sat Nov 26 2011,Manchester United FC,Newcastle United FC,1,1,Premier League,2011-12
Sat Nov 26 2011,Arsenal FC,Fulham FC,1,1,Premier League,2011-12
Sat Nov 26 2011,Chelsea FC,Wolverhampton Wanderers FC,3,0,Premier League,2011-12
Sat Nov 26 2011,Norwich City FC,Queens Park Rangers FC,2,1,Premier League,2011-12
Sat Nov 26 2011,West Bromwich Albion FC,Tottenham Hotspur FC,1,3,Premier League,2011-12
Sat Nov 26 2011,Sunderland AFC,Wigan Athletic FC,1,2,Premier League,2011-12
Sat Nov 26 2011,Bolton Wanderers FC,Everton FC,0,2,Premier League,2011-12
Sun Nov 27 2011,Liverpool FC,Manchester City FC,1,1,Premier League,2011-12
Sun Nov 27 2011,Swansea City FC,Aston Villa FC,0,0,Premier League,2011-12
Sat Dec 3 2011,Queens Park Rangers FC,West Bromwich Albion FC,1,1,Premier League,2011-12
Sat Dec 3 2011,Wigan Athletic FC,Arsenal FC,0,4,Premier League,2011-12
Sat Dec 3 2011,Blackburn Rovers FC,Swansea City FC,4,2,Premier League,2011-12
Sat Dec 3 2011,Newcastle United FC,Chelsea FC,0,3,Premier League,2011-12
Sat Dec 3 2011,Aston Villa FC,Manchester United FC,0,1,Premier League,2011-12
Sat Dec 3 2011,Manchester City FC,Norwich City FC,5,1,Premier League,2011-12
Sat Dec 3 2011,Tottenham Hotspur FC,Bolton Wanderers FC,3,0,Premier League,2011-12
Sun Dec 4 2011,Wolverhampton Wanderers FC,Sunderland AFC,2,1,Premier League,2011-12
Sun Dec 4 2011,Everton FC,Stoke City FC,0,1,Premier League,2011-12
Mon Dec 5 2011,Fulham FC,Liverpool FC,1,0,Premier League,2011-12
Sat Dec 10 2011,Norwich City FC,Newcastle United FC,4,2,Premier League,2011-12
Sat Dec 10 2011,Swansea City FC,Fulham FC,2,0,Premier League,2011-12
Sat Dec 10 2011,Manchester United FC,Wolverhampton Wanderers FC,4,1,Premier League,2011-12
Sat Dec 10 2011,Bolton Wanderers FC,Aston Villa FC,1,2,Premier League,2011-12
Sat Dec 10 2011,West Bromwich Albion FC,Wigan Athletic FC,1,2,Premier League,2011-12
Sat Dec 10 2011,Arsenal FC,Everton FC,1,0,Premier League,2011-12
Sat Dec 10 2011,Liverpool FC,Queens Park Rangers FC,1,0,Premier League,2011-12
Sun Dec 11 2011,Sunderland AFC,Blackburn Rovers FC,2,1,Premier League,2011-12
Sun Dec 11 2011,Stoke City FC,Tottenham Hotspur FC,2,1,Premier League,2011-12
Mon Dec 12 2011,Chelsea FC,Manchester City FC,2,1,Premier League,2011-12
Sat Dec 17 2011,Wolverhampton Wanderers FC,Stoke City FC,1,2,Premier League,2011-12
Sat Dec 17 2011,Fulham FC,Bolton Wanderers FC,2,0,Premier League,2011-12
Sat Dec 17 2011,Wigan Athletic FC,Chelsea FC,1,1,Premier League,2011-12
Sat Dec 17 2011,Newcastle United FC,Swansea City FC,0,0,Premier League,2011-12
Sat Dec 17 2011,Everton FC,Norwich City FC,1,1,Premier League,2011-12
Sat Dec 17 2011,Blackburn Rovers FC,West Bromwich Albion FC,1,2,Premier League,2011-12
Sun Dec 18 2011,Tottenham Hotspur FC,Sunderland AFC,1,0,Premier League,2011-12
Sun Dec 18 2011,Queens Park Rangers FC,Manchester United FC,0,2,Premier League,2011-12
Sun Dec 18 2011,Aston Villa FC,Liverpool FC,0,2,Premier League,2011-12
Sun Dec 18 2011,Manchester City FC,Arsenal FC,1,0,Premier League,2011-12
Tue Dec 20 2011,Wolverhampton Wanderers FC,Norwich City FC,2,2,Premier League,2011-12
Tue Dec 20 2011,Blackburn Rovers FC,Bolton Wanderers FC,1,2,Premier League,2011-12
Wed Dec 21 2011,Everton FC,Swansea City FC,1,0,Premier League,2011-12
Wed Dec 21 2011,Queens Park Rangers FC,Sunderland AFC,2,3,Premier League,2011-12
Wed Dec 21 2011,Manchester City FC,Stoke City FC,3,0,Premier League,2011-12
Wed Dec 21 2011,Aston Villa FC,Arsenal FC,1,2,Premier League,2011-12
Wed Dec 21 2011,Fulham FC,Manchester United FC,0,5,Premier League,2011-12
Wed Dec 21 2011,Newcastle United FC,West Bromwich Albion FC,2,3,Premier League,2011-12
Wed Dec 21 2011,Wigan Athletic FC,Liverpool FC,0,0,Premier League,2011-12
Thu Dec 22 2011,Tottenham Hotspur FC,Chelsea FC,1,1,Premier League,2011-12
Mon Dec 26 2011,Stoke City FC,Aston Villa FC,0,0,Premier League,2011-12
Mon Dec 26 2011,Bolton Wanderers FC,Newcastle United FC,0,2,Premier League,2011-12
Mon Dec 26 2011,Liverpool FC,Blackburn Rovers FC,1,1,Premier League,2011-12
Mon Dec 26 2011,Sunderland AFC,Everton FC,1,1,Premier League,2011-12
Mon Dec 26 2011,West Bromwich Albion FC,Manchester City FC,0,0,Premier League,2011-12
Mon Dec 26 2011,Chelsea FC,Fulham FC,1,1,Premier League,2011-12
Mon Dec 26 2011,Manchester United FC,Wigan Athletic FC,5,0,Premier League,2011-12
Tue Dec 27 2011,Norwich City FC,Tottenham Hotspur FC,0,2,Premier League,2011-12
Tue Dec 27 2011,Swansea City FC,Queens Park Rangers FC,1,1,Premier League,2011-12
Tue Dec 27 2011,Arsenal FC,Wolverhampton Wanderers FC,1,1,Premier League,2011-12
Fri Dec 30 2011,Liverpool FC,Newcastle United FC,3,1,Premier League,2011-12
Sat Dec 31 2011,Stoke City FC,Wigan Athletic FC,2,2,Premier League,2011-12
Sat Dec 31 2011,Chelsea FC,Aston Villa FC,1,3,Premier League,2011-12
Sat Dec 31 2011,Bolton Wanderers FC,Wolverhampton Wanderers FC,1,1,Premier League,2011-12
Sat Dec 31 2011,Manchester United FC,Blackburn Rovers FC,2,3,Premier League,2011-12
Sat Dec 31 2011,Swansea City FC,Tottenham Hotspur FC,1,1,Premier League,2011-12
Sat Dec 31 2011,Norwich City FC,Fulham FC,1,1,Premier League,2011-12
Sat Dec 31 2011,Arsenal FC,Queens Park Rangers FC,1,0,Premier League,2011-12
Sun Jan 1 2012,West Bromwich Albion FC,Everton FC,0,1,Premier League,2011-12
Sun Jan 1 2012,Sunderland AFC,Manchester City FC,1,0,Premier League,2011-12
Mon Jan 2 2012,Wolverhampton Wanderers FC,Chelsea FC,1,2,Premier League,2011-12
Mon Jan 2 2012,Aston Villa FC,Swansea City FC,0,2,Premier League,2011-12
Mon Jan 2 2012,Blackburn Rovers FC,Stoke City FC,1,2,Premier League,2011-12
Mon Jan 2 2012,Fulham FC,Arsenal FC,2,1,Premier League,2011-12
Mon Jan 2 2012,Queens Park Rangers FC,Norwich City FC,1,2,Premier League,2011-12
Tue Jan 3 2012,Tottenham Hotspur FC,West Bromwich Albion FC,1,0,Premier League,2011-12
Tue Jan 3 2012,Wigan Athletic FC,Sunderland AFC,1,4,Premier League,2011-12
Tue Jan 3 2012,Manchester City FC,Liverpool FC,3,0,Premier League,2011-12
Wed Jan 4 2012,Newcastle United FC,Manchester United FC,3,0,Premier League,2011-12
Wed Jan 4 2012,Everton FC,Bolton Wanderers FC,1,2,Premier League,2011-12
Wed Jan 11 2012,Tottenham Hotspur FC,Everton FC,2,0,Premier League,2011-12
Sat Jan 14 2012,Chelsea FC,Sunderland AFC,1,0,Premier League,2011-12
Sat Jan 14 2012,Blackburn Rovers FC,Fulham FC,3,1,Premier League,2011-12
Sat Jan 14 2012,Aston Villa FC,Everton FC,1,1,Premier League,2011-12
Sat Jan 14 2012,Tottenham Hotspur FC,Wolverhampton Wanderers FC,1,1,Premier League,2011-12
Sat Jan 14 2012,Liverpool FC,Stoke City FC,0,0,Premier League,2011-12
Sat Jan 14 2012,Manchester United FC,Bolton Wanderers FC,3,0,Premier League,2011-12
Sat Jan 14 2012,West Bromwich Albion FC,Norwich City FC,1,2,Premier League,2011-12
Sun Jan 15 2012,Newcastle United FC,Queens Park Rangers FC,1,0,Premier League,2011-12
Sun Jan 15 2012,Swansea City FC,Arsenal FC,3,2,Premier League,2011-12
Mon Jan 16 2012,Wigan Athletic FC,Manchester City FC,0,1,Premier League,2011-12
Sat Jan 21 2012,Everton FC,Blackburn Rovers FC,1,1,Premier League,2011-12
Sat Jan 21 2012,Sunderland AFC,Swansea City FC,2,0,Premier League,2011-12
Sat Jan 21 2012,Fulham FC,Newcastle United FC,5,2,Premier League,2011-12
Sat Jan 21 2012,Bolton Wanderers FC,Liverpool FC,3,1,Premier League,2011-12
Sat Jan 21 2012,Stoke City FC,West Bromwich Albion FC,1,2,Premier League,2011-12
Sat Jan 21 2012,Norwich City FC,Chelsea FC,0,0,Premier League,2011-12
Sat Jan 21 2012,Wolverhampton Wanderers FC,Aston Villa FC,2,3,Premier League,2011-12
Sat Jan 21 2012,Queens Park Rangers FC,Wigan Athletic FC,3,1,Premier League,2011-12
Sun Jan 22 2012,Manchester City FC,Tottenham Hotspur FC,3,2,Premier League,2011-12
Sun Jan 22 2012,Arsenal FC,Manchester United FC,1,2,Premier League,2011-12
Tue Jan 31 2012,Manchester United FC,Stoke City FC,2,0,Premier League,2011-12
Tue Jan 31 2012,Wolverhampton Wanderers FC,Liverpool FC,0,3,Premier League,2011-12
Tue Jan 31 2012,Swansea City FC,Chelsea FC,1,1,Premier League,2011-12
Tue Jan 31 2012,Tottenham Hotspur FC,Wigan Athletic FC,3,1,Premier League,2011-12
Tue Jan 31 2012,Everton FC,Manchester City FC,1,0,Premier League,2011-12
Wed Feb 1 2012,Fulham FC,West Bromwich Albion FC,1,1,Premier League,2011-12
Wed Feb 1 2012,Aston Villa FC,Queens Park Rangers FC,2,2,Premier League,2011-12
Wed Feb 1 2012,Blackburn Rovers FC,Newcastle United FC,0,2,Premier League,2011-12
Wed Feb 1 2012,Sunderland AFC,Norwich City FC,3,0,Premier League,2011-12
Wed Feb 1 2012,Bolton Wanderers FC,Arsenal FC,0,0,Premier League,2011-12
Sat Feb 4 2012,Manchester City FC,Fulham FC,3,0,Premier League,2011-12
Sat Feb 4 2012,West Bromwich Albion FC,Swansea City FC,1,2,Premier League,2011-12
Sat Feb 4 2012,Stoke City FC,Sunderland AFC,0,1,Premier League,2011-12
Sat Feb 4 2012,Queens Park Rangers FC,Wolverhampton Wanderers FC,1,2,Premier League,2011-12
Sat Feb 4 2012,Arsenal FC,Blackburn Rovers FC,7,1,Premier League,2011-12
Sat Feb 4 2012,Norwich City FC,Bolton Wanderers FC,2,0,Premier League,2011-12
Sat Feb 4 2012,Wigan Athletic FC,Everton FC,1,1,Premier League,2011-12
Sun Feb 5 2012,Newcastle United FC,Aston Villa FC,2,1,Premier League,2011-12
Sun Feb 5 2012,Chelsea FC,Manchester United FC,3,3,Premier League,2011-12
Mon Feb 6 2012,Liverpool FC,Tottenham Hotspur FC,0,0,Premier League,2011-12
Sat Feb 11 2012,Swansea City FC,Norwich City FC,2,3,Premier League,2011-12
Sat Feb 11 2012,Everton FC,Chelsea FC,2,0,Premier League,2011-12
Sat Feb 11 2012,Bolton Wanderers FC,Wigan Athletic FC,1,2,Premier League,2011-12
Sat Feb 11 2012,Blackburn Rovers FC,Queens Park Rangers FC,3,2,Premier League,2011-12
Sat Feb 11 2012,Tottenham Hotspur FC,Newcastle United FC,5,0,Premier League,2011-12
Sat Feb 11 2012,Fulham FC,Stoke City FC,2,1,Premier League,2011-12
Sat Feb 11 2012,Sunderland AFC,Arsenal FC,1,2,Premier League,2011-12
Sat Feb 11 2012,Manchester United FC,Liverpool FC,2,1,Premier League,2011-12
Sun Feb 12 2012,Wolverhampton Wanderers FC,West Bromwich Albion FC,1,5,Premier League,2011-12
Sun Feb 12 2012,Aston Villa FC,Manchester City FC,0,1,Premier League,2011-12
Sat Feb 25 2012,Newcastle United FC,Wolverhampton Wanderers FC,2,2,Premier League,2011-12
Sat Feb 25 2012,Queens Park Rangers FC,Fulham FC,0,1,Premier League,2011-12
Sat Feb 25 2012,Manchester City FC,Blackburn Rovers FC,3,0,Premier League,2011-12
Sat Feb 25 2012,West Bromwich Albion FC,Sunderland AFC,4,0,Premier League,2011-12
Sat Feb 25 2012,Chelsea FC,Bolton Wanderers FC,3,0,Premier League,2011-12
Sat Feb 25 2012,Wigan Athletic FC,Aston Villa FC,0,0,Premier League,2011-12
Sun Feb 26 2012,Stoke City FC,Swansea City FC,2,0,Premier League,2011-12
Sun Feb 26 2012,Norwich City FC,Manchester United FC,1,2,Premier League,2011-12
Sun Feb 26 2012,Arsenal FC,Tottenham Hotspur FC,5,2,Premier League,2011-12
Sat Mar 3 2012,Blackburn Rovers FC,Aston Villa FC,1,1,Premier League,2011-12
Sat Mar 3 2012,Wigan Athletic FC,Swansea City FC,0,2,Premier League,2011-12
Sat Mar 3 2012,Manchester City FC,Bolton Wanderers FC,2,0,Premier League,2011-12
Sat Mar 3 2012,West Bromwich Albion FC,Chelsea FC,1,0,Premier League,2011-12
Sat Mar 3 2012,Stoke City FC,Norwich City FC,1,0,Premier League,2011-12
Sat Mar 3 2012,Liverpool FC,Arsenal FC,1,2,Premier League,2011-12
Sat Mar 3 2012,Queens Park Rangers FC,Everton FC,1,1,Premier League,2011-12
Sun Mar 4 2012,Fulham FC,Wolverhampton Wanderers FC,5,0,Premier League,2011-12
Sun Mar 4 2012,Tottenham Hotspur FC,Manchester United FC,1,3,Premier League,2011-12
Sun Mar 4 2012,Newcastle United FC,Sunderland AFC,1,1,Premier League,2011-12
Sat Mar 10 2012,Chelsea FC,Stoke City FC,1,0,Premier League,2011-12
Sat Mar 10 2012,Wolverhampton Wanderers FC,Blackburn Rovers FC,0,2,Premier League,2011-12
Sat Mar 10 2012,Bolton Wanderers FC,Queens Park Rangers FC,2,1,Premier League,2011-12
Sat Mar 10 2012,Sunderland AFC,Liverpool FC,1,0,Premier League,2011-12
Sat Mar 10 2012,Aston Villa FC,Fulham FC,1,0,Premier League,2011-12
Sat Mar 10 2012,Everton FC,Tottenham Hotspur FC,1,0,Premier League,2011-12
Sun Mar 11 2012,Manchester United FC,West Bromwich Albion FC,2,0,Premier League,2011-12
Sun Mar 11 2012,Norwich City FC,Wigan Athletic FC,1,1,Premier League,2011-12
Sun Mar 11 2012,Swansea City FC,Manchester City FC,1,0,Premier League,2011-12
Mon Mar 12 2012,Arsenal FC,Newcastle United FC,2,1,Premier League,2011-12
Tue Mar 13 2012,Liverpool FC,Everton FC,3,0,Premier League,2011-12
Sat Mar 17 2012,Fulham FC,Swansea City FC,0,3,Premier League,2011-12
Sat Mar 17 2012,Wigan Athletic FC,West Bromwich Albion FC,1,1,Premier League,2011-12
Sun Mar 18 2012,Newcastle United FC,Norwich City FC,1,0,Premier League,2011-12
Sun Mar 18 2012,Wolverhampton Wanderers FC,Manchester United FC,0,5,Premier League,2011-12
Tue Mar 20 2012,Blackburn Rovers FC,Sunderland AFC,2,0,Premier League,2011-12
Wed Mar 21 2012,Queens Park Rangers FC,Liverpool FC,3,2,Premier League,2011-12
Wed Mar 21 2012,Tottenham Hotspur FC,Stoke City FC,1,1,Premier League,2011-12
Wed Mar 21 2012,Everton FC,Arsenal FC,0,1,Premier League,2011-12
Wed Mar 21 2012,Manchester City FC,Chelsea FC,2,1,Premier League,2011-12
Sat Mar 24 2012,Sunderland AFC,Queens Park Rangers FC,3,1,Premier League,2011-12
Sat Mar 24 2012,Arsenal FC,Aston Villa FC,3,0,Premier League,2011-12
Sat Mar 24 2012,Liverpool FC,Wigan Athletic FC,1,2,Premier League,2011-12
Sat Mar 24 2012,Stoke City FC,Manchester City FC,1,1,Premier League,2011-12
Sat Mar 24 2012,Norwich City FC,Wolverhampton Wanderers FC,2,1,Premier League,2011-12
Sat Mar 24 2012,Chelsea FC,Tottenham Hotspur FC,0,0,Premier League,2011-12
Sat Mar 24 2012,Swansea City FC,Everton FC,0,2,Premier League,2011-12
Sat Mar 24 2012,Bolton Wanderers FC,Blackburn Rovers FC,2,1,Premier League,2011-12
Sun Mar 25 2012,West Bromwich Albion FC,Newcastle United FC,1,3,Premier League,2011-12
Mon Mar 26 2012,Manchester United FC,Fulham FC,1,0,Premier League,2011-12
Sat Mar 31 2012,Fulham FC,Norwich City FC,2,1,Premier League,2011-12
Sat Mar 31 2012,Aston Villa FC,Chelsea FC,2,4,Premier League,2011-12
Sat Mar 31 2012,Manchester City FC,Sunderland AFC,3,3,Premier League,2011-12
Sat Mar 31 2012,Everton FC,West Bromwich Albion FC,2,0,Premier League,2011-12
Sat Mar 31 2012,Queens Park Rangers FC,Arsenal FC,2,1,Premier League,2011-12
Sat Mar 31 2012,Wolverhampton Wanderers FC,Bolton Wanderers FC,2,3,Premier League,2011-12
Sat Mar 31 2012,Wigan Athletic FC,Stoke City FC,2,0,Premier League,2011-12
Sun Apr 1 2012,Newcastle United FC,Liverpool FC,2,0,Premier League,2011-12
Sun Apr 1 2012,Tottenham Hotspur FC,Swansea City FC,3,1,Premier League,2011-12
Mon Apr 2 2012,Blackburn Rovers FC,Manchester United FC,0,2,Premier League,2011-12
Fri Apr 6 2012,Swansea City FC,Newcastle United FC,0,2,Premier League,2011-12
Sat Apr 7 2012,Norwich City FC,Everton FC,2,2,Premier League,2011-12
Sat Apr 7 2012,West Bromwich Albion FC,Blackburn Rovers FC,3,0,Premier League,2011-12
Sat Apr 7 2012,Stoke City FC,Wolverhampton Wanderers FC,2,1,Premier League,2011-12
Sat Apr 7 2012,Liverpool FC,Aston Villa FC,1,1,Premier League,2011-12
Sat Apr 7 2012,Sunderland AFC,Tottenham Hotspur FC,0,0,Premier League,2011-12
Sat Apr 7 2012,Chelsea FC,Wigan Athletic FC,2,1,Premier League,2011-12
Sat Apr 7 2012,Bolton Wanderers FC,Fulham FC,0,3,Premier League,2011-12
Sun Apr 8 2012,Arsenal FC,Manchester City FC,1,0,Premier League,2011-12
Sun Apr 8 2012,Manchester United FC,Queens Park Rangers FC,2,0,Premier League,2011-12
Mon Apr 9 2012,Tottenham Hotspur FC,Norwich City FC,1,2,Premier League,2011-12
Mon Apr 9 2012,Everton FC,Sunderland AFC,4,0,Premier League,2011-12
Mon Apr 9 2012,Fulham FC,Chelsea FC,1,1,Premier League,2011-12
Mon Apr 9 2012,Newcastle United FC,Bolton Wanderers FC,2,0,Premier League,2011-12
Mon Apr 9 2012,Aston Villa FC,Stoke City FC,1,1,Premier League,2011-12
Tue Apr 10 2012,Blackburn Rovers FC,Liverpool FC,2,3,Premier League,2011-12
Wed Apr 11 2012,Manchester City FC,West Bromwich Albion FC,4,0,Premier League,2011-12
Wed Apr 11 2012,Wigan Athletic FC,Manchester United FC,1,0,Premier League,2011-12
Wed Apr 11 2012,Queens Park Rangers FC,Swansea City FC,3,0,Premier League,2011-12
Wed Apr 11 2012,Wolverhampton Wanderers FC,Arsenal FC,0,3,Premier League,2011-12
Sat Apr 14 2012,Swansea City FC,Blackburn Rovers FC,3,0,Premier League,2011-12
Sat Apr 14 2012,Norwich City FC,Manchester City FC,1,6,Premier League,2011-12
Sat Apr 14 2012,West Bromwich Albion FC,Queens Park Rangers FC,1,0,Premier League,2011-12
Sat Apr 14 2012,Sunderland AFC,Wolverhampton Wanderers FC,0,0,Premier League,2011-12
Sun Apr 15 2012,Manchester United FC,Aston Villa FC,4,0,Premier League,2011-12
Mon Apr 16 2012,Arsenal FC,Wigan Athletic FC,1,2,Premier League,2011-12
Sat Apr 21 2012,Bolton Wanderers FC,Swansea City FC,1,1,Premier League,2011-12
Sat Apr 21 2012,Arsenal FC,Chelsea FC,0,0,Premier League,2011-12
Sat Apr 21 2012,Aston Villa FC,Sunderland AFC,0,0,Premier League,2011-12
Sat Apr 21 2012,Fulham FC,Wigan Athletic FC,2,1,Premier League,2011-12
Sat Apr 21 2012,Newcastle United FC,Stoke City FC,3,0,Premier League,2011-12
Sat Apr 21 2012,Queens Park Rangers FC,Tottenham Hotspur FC,1,0,Premier League,2011-12
Sat Apr 21 2012,Blackburn Rovers FC,Norwich City FC,2,0,Premier League,2011-12
Sun Apr 22 2012,Manchester United FC,Everton FC,4,4,Premier League,2011-12
Sun Apr 22 2012,Wolverhampton Wanderers FC,Manchester City FC,0,2,Premier League,2011-12
Sun Apr 22 2012,Liverpool FC,West Bromwich Albion FC,0,1,Premier League,2011-12
Tue Apr 24 2012,Aston Villa FC,Bolton Wanderers FC,1,2,Premier League,2011-12
Sat Apr 28 2012,Sunderland AFC,Bolton Wanderers FC,2,2,Premier League,2011-12
Sat Apr 28 2012,Stoke City FC,Arsenal FC,1,1,Premier League,2011-12
Sat Apr 28 2012,Wigan Athletic FC,Newcastle United FC,4,0,Premier League,2011-12
Sat Apr 28 2012,Everton FC,Fulham FC,4,0,Premier League,2011-12
Sat Apr 28 2012,Norwich City FC,Liverpool FC,0,3,Premier League,2011-12
Sat Apr 28 2012,West Bromwich Albion FC,Aston Villa FC,0,0,Premier League,2011-12
Sat Apr 28 2012,Swansea City FC,Wolverhampton Wanderers FC,4,4,Premier League,2011-12
Sun Apr 29 2012,Tottenham Hotspur FC,Blackburn Rovers FC,2,0,Premier League,2011-12
Sun Apr 29 2012,Chelsea FC,Queens Park Rangers FC,6,1,Premier League,2011-12
Mon Apr 30 2012,Manchester City FC,Manchester United FC,1,0,Premier League,2011-12
Tue May 1 2012,Stoke City FC,Everton FC,1,1,Premier League,2011-12
Tue May 1 2012,Liverpool FC,Fulham FC,0,1,Premier League,2011-12
Wed May 2 2012,Chelsea FC,Newcastle United FC,0,2,Premier League,2011-12
Wed May 2 2012,Bolton Wanderers FC,Tottenham Hotspur FC,1,4,Premier League,2011-12
Sat May 5 2012,Arsenal FC,Norwich City FC,3,3,Premier League,2011-12
Sun May 6 2012,Aston Villa FC,Tottenham Hotspur FC,1,1,Premier League,2011-12
Sun May 6 2012,Queens Park Rangers FC,Stoke City FC,1,0,Premier League,2011-12
Sun May 6 2012,Manchester United FC,Swansea City FC,2,0,Premier League,2011-12
Sun May 6 2012,Newcastle United FC,Manchester City FC,0,2,Premier League,2011-12
Sun May 6 2012,Bolton Wanderers FC,West Bromwich Albion FC,2,2,Premier League,2011-12
Sun May 6 2012,Wolverhampton Wanderers FC,Everton FC,0,0,Premier League,2011-12
Sun May 6 2012,Fulham FC,Sunderland AFC,2,1,Premier League,2011-12
Mon May 7 2012,Blackburn Rovers FC,Wigan Athletic FC,0,1,Premier League,2011-12
Tue May 8 2012,Liverpool FC,Chelsea FC,4,1,Premier League,2011-12
Sun May 13 2012,Everton FC,Newcastle United FC,3,1,Premier League,2011-12
Sun May 13 2012,West Bromwich Albion FC,Arsenal FC,2,3,Premier League,2011-12
Sun May 13 2012,Stoke City FC,Bolton Wanderers FC,2,2,Premier League,2011-12
Sun May 13 2012,Swansea City FC,Liverpool FC,1,0,Premier League,2011-12
Sun May 13 2012,Chelsea FC,Blackburn Rovers FC,2,1,Premier League,2011-12
Sun May 13 2012,Wigan Athletic FC,Wolverhampton Wanderers FC,3,2,Premier League,2011-12
Sun May 13 2012,Manchester City FC,Queens Park Rangers FC,3,2,Premier League,2011-12
Sun May 13 2012,Norwich City FC,Aston Villa FC,2,0,Premier League,2011-12
Sun May 13 2012,Tottenham Hotspur FC,Fulham FC,2,0,Premier League,2011-12
Sun May 13 2012,Sunderland AFC,Manchester United FC,0,1,Premier League,2011-12
Sat Aug 18 2012,West Ham United FC,Aston Villa FC,1,0,Premier League,2012-13
Sat Aug 18 2012,West Bromwich Albion FC,Liverpool FC,3,0,Premier League,2012-13
Sat Aug 18 2012,Arsenal FC,Sunderland AFC,0,0,Premier League,2012-13
Sat Aug 18 2012,Fulham FC,Norwich City FC,5,0,Premier League,2012-13
Sat Aug 18 2012,Newcastle United FC,Tottenham Hotspur FC,2,1,Premier League,2012-13
Sat Aug 18 2012,Reading FC,Stoke City FC,1,1,Premier League,2012-13
Sat Aug 18 2012,Queens Park Rangers FC,Swansea City FC,0,5,Premier League,2012-13
Sun Aug 19 2012,Wigan Athletic FC,Chelsea FC,0,2,Premier League,2012-13
Sun Aug 19 2012,Manchester City FC,Southampton FC,3,2,Premier League,2012-13
Mon Aug 20 2012,Everton FC,Manchester United FC,1,0,Premier League,2012-13
Wed Aug 22 2012,Chelsea FC,Reading FC,4,2,Premier League,2012-13
Sat Aug 25 2012,Tottenham Hotspur FC,West Bromwich Albion FC,1,1,Premier League,2012-13
Sat Aug 25 2012,Swansea City FC,West Ham United FC,3,0,Premier League,2012-13
Sat Aug 25 2012,Norwich City FC,Queens Park Rangers FC,1,1,Premier League,2012-13
Sat Aug 25 2012,Manchester United FC,Fulham FC,3,2,Premier League,2012-13
Sat Aug 25 2012,Chelsea FC,Newcastle United FC,2,0,Premier League,2012-13
Sat Aug 25 2012,Aston Villa FC,Everton FC,1,3,Premier League,2012-13
Sat Aug 25 2012,Southampton FC,Wigan Athletic FC,0,2,Premier League,2012-13
Sun Aug 26 2012,Liverpool FC,Manchester City FC,2,2,Premier League,2012-13
Sun Aug 26 2012,Stoke City FC,Arsenal FC,0,0,Premier League,2012-13
Sat Sep 1 2012,Swansea City FC,Sunderland AFC,2,2,Premier League,2012-13
Sat Sep 1 2012,West Ham United FC,Fulham FC,3,0,Premier League,2012-13
Sat Sep 1 2012,Tottenham Hotspur FC,Norwich City FC,1,1,Premier League,2012-13
Sat Sep 1 2012,Manchester City FC,Queens Park Rangers FC,3,1,Premier League,2012-13
Sat Sep 1 2012,Wigan Athletic FC,Stoke City FC,2,2,Premier League,2012-13
Sat Sep 1 2012,West Bromwich Albion FC,Everton FC,2,0,Premier League,2012-13
Sun Sep 2 2012,Liverpool FC,Arsenal FC,0,2,Premier League,2012-13
Sun Sep 2 2012,Newcastle United FC,Aston Villa FC,1,1,Premier League,2012-13
Sun Sep 2 2012,Southampton FC,Manchester United FC,2,3,Premier League,2012-13
Sat Sep 15 2012,Sunderland AFC,Liverpool FC,1,1,Premier League,2012-13
Sat Sep 15 2012,Manchester United FC,Wigan Athletic FC,4,0,Premier League,2012-13
Sat Sep 15 2012,Norwich City FC,West Ham United FC,0,0,Premier League,2012-13
Sat Sep 15 2012,Arsenal FC,Southampton FC,6,1,Premier League,2012-13
Sat Sep 15 2012,Queens Park Rangers FC,Chelsea FC,0,0,Premier League,2012-13
Sat Sep 15 2012,Stoke City FC,Manchester City FC,1,1,Premier League,2012-13
Sat Sep 15 2012,Aston Villa FC,Swansea City FC,2,0,Premier League,2012-13
Sat Sep 15 2012,Fulham FC,West Bromwich Albion FC,3,0,Premier League,2012-13
Sun Sep 16 2012,Reading FC,Tottenham Hotspur FC,1,3,Premier League,2012-13
Mon Sep 17 2012,Everton FC,Newcastle United FC,2,2,Premier League,2012-13
Sat Sep 22 2012,Chelsea FC,Stoke City FC,1,0,Premier League,2012-13
Sat Sep 22 2012,West Ham United FC,Sunderland AFC,1,1,Premier League,2012-13
Sat Sep 22 2012,Wigan Athletic FC,Fulham FC,1,2,Premier League,2012-13
Sat Sep 22 2012,Swansea City FC,Everton FC,0,3,Premier League,2012-13
Sat Sep 22 2012,West Bromwich Albion FC,Reading FC,1,0,Premier League,2012-13
Sat Sep 22 2012,Southampton FC,Aston Villa FC,4,1,Premier League,2012-13
Sun Sep 23 2012,Liverpool FC,Manchester United FC,1,2,Premier League,2012-13
Sun Sep 23 2012,Newcastle United FC,Norwich City FC,1,0,Premier League,2012-13
Sun Sep 23 2012,Manchester City FC,Arsenal FC,1,1,Premier League,2012-13
Sun Sep 23 2012,Tottenham Hotspur FC,Queens Park Rangers FC,2,1,Premier League,2012-13
Sat Sep 29 2012,Stoke City FC,Swansea City FC,2,0,Premier League,2012-13
Sat Sep 29 2012,Everton FC,Southampton FC,3,1,Premier League,2012-13
Sat Sep 29 2012,Norwich City FC,Liverpool FC,2,5,Premier League,2012-13
Sat Sep 29 2012,Sunderland AFC,Wigan Athletic FC,1,0,Premier League,2012-13
Sat Sep 29 2012,Fulham FC,Manchester City FC,1,2,Premier League,2012-13
Sat Sep 29 2012,Arsenal FC,Chelsea FC,1,2,Premier League,2012-13
Sat Sep 29 2012,Manchester United FC,Tottenham Hotspur FC,2,3,Premier League,2012-13
Sat Sep 29 2012,Reading FC,Newcastle United FC,2,2,Premier League,2012-13
Sun Sep 30 2012,Aston Villa FC,West Bromwich Albion FC,1,1,Premier League,2012-13
Mon Oct 1 2012,Queens Park Rangers FC,West Ham United FC,1,2,Premier League,2012-13
Sat Oct 6 2012,Chelsea FC,Norwich City FC,4,1,Premier League,2012-13
Sat Oct 6 2012,Manchester City FC,Sunderland AFC,3,0,Premier League,2012-13
Sat Oct 6 2012,West Bromwich Albion FC,Queens Park Rangers FC,3,2,Premier League,2012-13
Sat Oct 6 2012,Wigan Athletic FC,Everton FC,2,2,Premier League,2012-13
Sat Oct 6 2012,Swansea City FC,Reading FC,2,2,Premier League,2012-13
Sat Oct 6 2012,West Ham United FC,Arsenal FC,1,3,Premier League,2012-13
Sun Oct 7 2012,Southampton FC,Fulham FC,2,2,Premier League,2012-13
Sun Oct 7 2012,Tottenham Hotspur FC,Aston Villa FC,2,0,Premier League,2012-13
Sun Oct 7 2012,Liverpool FC,Stoke City FC,0,0,Premier League,2012-13
Sun Oct 7 2012,Newcastle United FC,Manchester United FC,0,3,Premier League,2012-13
Sat Oct 20 2012,Tottenham Hotspur FC,Chelsea FC,2,4,Premier League,2012-13
Sat Oct 20 2012,Liverpool FC,Reading FC,1,0,Premier League,2012-13
Sat Oct 20 2012,West Bromwich Albion FC,Manchester City FC,1,2,Premier League,2012-13
Sat Oct 20 2012,West Ham United FC,Southampton FC,4,1,Premier League,2012-13
Sat Oct 20 2012,Fulham FC,Aston Villa FC,1,0,Premier League,2012-13
Sat Oct 20 2012,Swansea City FC,Wigan Athletic FC,2,1,Premier League,2012-13
Sat Oct 20 2012,Manchester United FC,Stoke City FC,4,2,Premier League,2012-13
Sat Oct 20 2012,Norwich City FC,Arsenal FC,1,0,Premier League,2012-13
Sun Oct 21 2012,Sunderland AFC,Newcastle United FC,1,1,Premier League,2012-13
Sun Oct 21 2012,Queens Park Rangers FC,Everton FC,1,1,Premier League,2012-13
Sat Oct 27 2012,Arsenal FC,Queens Park Rangers FC,1,0,Premier League,2012-13
Sat Oct 27 2012,Wigan Athletic FC,West Ham United FC,2,1,Premier League,2012-13
Sat Oct 27 2012,Manchester City FC,Swansea City FC,1,0,Premier League,2012-13
Sat Oct 27 2012,Stoke City FC,Sunderland AFC,0,0,Premier League,2012-13
Sat Oct 27 2012,Reading FC,Fulham FC,3,3,Premier League,2012-13
Sat Oct 27 2012,Aston Villa FC,Norwich City FC,1,1,Premier League,2012-13
Sun Oct 28 2012,Southampton FC,Tottenham Hotspur FC,1,2,Premier League,2012-13
Sun Oct 28 2012,Newcastle United FC,West Bromwich Albion FC,2,1,Premier League,2012-13
Sun Oct 28 2012,Everton FC,Liverpool FC,2,2,Premier League,2012-13
Sun Oct 28 2012,Chelsea FC,Manchester United FC,2,3,Premier League,2012-13
Sat Nov 3 2012,Sunderland AFC,Aston Villa FC,0,1,Premier League,2012-13
Sat Nov 3 2012,Tottenham Hotspur FC,Wigan Athletic FC,0,1,Premier League,2012-13
Sat Nov 3 2012,Fulham FC,Everton FC,2,2,Premier League,2012-13
Sat Nov 3 2012,Manchester United FC,Arsenal FC,2,1,Premier League,2012-13
Sat Nov 3 2012,West Ham United FC,Manchester City FC,0,0,Premier League,2012-13
Sat Nov 3 2012,Norwich City FC,Stoke City FC,1,0,Premier League,2012-13
Sat Nov 3 2012,Swansea City FC,Chelsea FC,1,1,Premier League,2012-13
Sun Nov 4 2012,Queens Park Rangers FC,Reading FC,1,1,Premier League,2012-13
Sun Nov 4 2012,Liverpool FC,Newcastle United FC,1,1,Premier League,2012-13
Mon Nov 5 2012,West Bromwich Albion FC,Southampton FC,2,0,Premier League,2012-13
Sat Nov 10 2012,Southampton FC,Swansea City FC,1,1,Premier League,2012-13
Sat Nov 10 2012,Arsenal FC,Fulham FC,3,3,Premier League,2012-13
Sat Nov 10 2012,Wigan Athletic FC,West Bromwich Albion FC,1,2,Premier League,2012-13
Sat Nov 10 2012,Reading FC,Norwich City FC,0,0,Premier League,2012-13
Sat Nov 10 2012,Everton FC,Sunderland AFC,2,1,Premier League,2012-13
Sat Nov 10 2012,Aston Villa FC,Manchester United FC,2,3,Premier League,2012-13
Sat Nov 10 2012,Stoke City FC,Queens Park Rangers FC,1,0,Premier League,2012-13
Sun Nov 11 2012,Newcastle United FC,West Ham United FC,0,1,Premier League,2012-13
Sun Nov 11 2012,Manchester City FC,Tottenham Hotspur FC,2,1,Premier League,2012-13
Sun Nov 11 2012,Chelsea FC,Liverpool FC,1,1,Premier League,2012-13
Sat Nov 17 2012,Norwich City FC,Manchester United FC,1,0,Premier League,2012-13
Sat Nov 17 2012,Queens Park Rangers FC,Southampton FC,1,3,Premier League,2012-13
Sat Nov 17 2012,Reading FC,Everton FC,2,1,Premier League,2012-13
Sat Nov 17 2012,West Bromwich Albion FC,Chelsea FC,2,1,Premier League,2012-13
Sat Nov 17 2012,Arsenal FC,Tottenham Hotspur FC,5,2,Premier League,2012-13
Sat Nov 17 2012,Manchester City FC,Aston Villa FC,5,0,Premier League,2012-13
Sat Nov 17 2012,Liverpool FC,Wigan Athletic FC,3,0,Premier League,2012-13
Sat Nov 17 2012,Newcastle United FC,Swansea City FC,1,2,Premier League,2012-13
Sun Nov 18 2012,Fulham FC,Sunderland AFC,1,3,Premier League,2012-13
Mon Nov 19 2012,West Ham United FC,Stoke City FC,1,1,Premier League,2012-13
Sat Nov 24 2012,Manchester United FC,Queens Park Rangers FC,3,1,Premier League,2012-13
Sat Nov 24 2012,Wigan Athletic FC,Reading FC,3,2,Premier League,2012-13
Sat Nov 24 2012,Everton FC,Norwich City FC,1,1,Premier League,2012-13
Sat Nov 24 2012,Sunderland AFC,West Bromwich Albion FC,2,4,Premier League,2012-13
Sat Nov 24 2012,Stoke City FC,Fulham FC,1,0,Premier League,2012-13
Sat Nov 24 2012,Aston Villa FC,Arsenal FC,0,0,Premier League,2012-13
Sun Nov 25 2012,Southampton FC,Newcastle United FC,2,0,Premier League,2012-13
Sun Nov 25 2012,Tottenham Hotspur FC,West Ham United FC,3,1,Premier League,2012-13
Sun Nov 25 2012,Chelsea FC,Manchester City FC,0,0,Premier League,2012-13
Sun Nov 25 2012,Swansea City FC,Liverpool FC,0,0,Premier League,2012-13
Tue Nov 27 2012,Sunderland AFC,Queens Park Rangers FC,0,0,Premier League,2012-13
Tue Nov 27 2012,Aston Villa FC,Reading FC,1,0,Premier League,2012-13
Wed Nov 28 2012,Swansea City FC,West Bromwich Albion FC,3,1,Premier League,2012-13
Wed Nov 28 2012,Chelsea FC,Fulham FC,0,0,Premier League,2012-13
Wed Nov 28 2012,Southampton FC,Norwich City FC,1,1,Premier League,2012-13
Wed Nov 28 2012,Everton FC,Arsenal FC,1,1,Premier League,2012-13
Wed Nov 28 2012,Wigan Athletic FC,Manchester City FC,0,2,Premier League,2012-13
Wed Nov 28 2012,Stoke City FC,Newcastle United FC,2,1,Premier League,2012-13
Wed Nov 28 2012,Tottenham Hotspur FC,Liverpool FC,2,1,Premier League,2012-13
Wed Nov 28 2012,Manchester United FC,West Ham United FC,1,0,Premier League,2012-13
Sat Dec 1 2012,West Ham United FC,Chelsea FC,3,1,Premier League,2012-13
Sat Dec 1 2012,Fulham FC,Tottenham Hotspur FC,0,3,Premier League,2012-13
Sat Dec 1 2012,Queens Park Rangers FC,Aston Villa FC,1,1,Premier League,2012-13
Sat Dec 1 2012,Manchester City FC,Everton FC,1,1,Premier League,2012-13
Sat Dec 1 2012,Liverpool FC,Southampton FC,1,0,Premier League,2012-13
Sat Dec 1 2012,West Bromwich Albion FC,Stoke City FC,0,1,Premier League,2012-13
Sat Dec 1 2012,Arsenal FC,Swansea City FC,0,2,Premier League,2012-13
Sat Dec 1 2012,Reading FC,Manchester United FC,3,4,Premier League,2012-13
Sun Dec 2 2012,Norwich City FC,Sunderland AFC,2,1,Premier League,2012-13
Mon Dec 3 2012,Newcastle United FC,Wigan Athletic FC,3,0,Premier League,2012-13
Sat Dec 8 2012,Southampton FC,Reading FC,1,0,Premier League,2012-13
Sat Dec 8 2012,Aston Villa FC,Stoke City FC,0,0,Premier League,2012-13
Sat Dec 8 2012,Sunderland AFC,Chelsea FC,1,3,Premier League,2012-13
Sat Dec 8 2012,Swansea City FC,Norwich City FC,3,4,Premier League,2012-13
Sat Dec 8 2012,Wigan Athletic FC,Queens Park Rangers FC,2,2,Premier League,2012-13
Sat Dec 8 2012,Arsenal FC,West Bromwich Albion FC,2,0,Premier League,2012-13
Sun Dec 9 2012,Manchester City FC,Manchester United FC,2,3,Premier League,2012-13
Sun Dec 9 2012,Everton FC,Tottenham Hotspur FC,2,1,Premier League,2012-13
Sun Dec 9 2012,West Ham United FC,Liverpool FC,2,3,Premier League,2012-13
Mon Dec 10 2012,Fulham FC,Newcastle United FC,2,1,Premier League,2012-13
Tue Dec 11 2012,Sunderland AFC,Reading FC,3,0,Premier League,2012-13
Sat Dec 15 2012,Queens Park Rangers FC,Fulham FC,2,1,Premier League,2012-13
Sat Dec 15 2012,Newcastle United FC,Manchester City FC,1,3,Premier League,2012-13
Sat Dec 15 2012,Norwich City FC,Wigan Athletic FC,2,1,Premier League,2012-13
Sat Dec 15 2012,Stoke City FC,Everton FC,1,1,Premier League,2012-13
Sat Dec 15 2012,Manchester United FC,Sunderland AFC,3,1,Premier League,2012-13
Sat Dec 15 2012,Liverpool FC,Aston Villa FC,1,3,Premier League,2012-13
Sun Dec 16 2012,Tottenham Hotspur FC,Swansea City FC,1,0,Premier League,2012-13
Sun Dec 16 2012,West Bromwich Albion FC,West Ham United FC,0,0,Premier League,2012-13
Mon Dec 17 2012,Reading FC,Arsenal FC,2,5,Premier League,2012-13
Sat Dec 22 2012,Southampton FC,Sunderland AFC,0,1,Premier League,2012-13
Sat Dec 22 2012,Manchester City FC,Reading FC,1,0,Premier League,2012-13
Sat Dec 22 2012,Liverpool FC,Fulham FC,4,0,Premier League,2012-13
Sat Dec 22 2012,West Ham United FC,Everton FC,1,2,Premier League,2012-13
Sat Dec 22 2012,Newcastle United FC,Queens Park Rangers FC,1,0,Premier League,2012-13
Sat Dec 22 2012,Wigan Athletic FC,Arsenal FC,0,1,Premier League,2012-13
Sat Dec 22 2012,West Bromwich Albion FC,Norwich City FC,2,1,Premier League,2012-13
Sat Dec 22 2012,Tottenham Hotspur FC,Stoke City FC,0,0,Premier League,2012-13
Sun Dec 23 2012,Swansea City FC,Manchester United FC,1,1,Premier League,2012-13
Sun Dec 23 2012,Chelsea FC,Aston Villa FC,8,0,Premier League,2012-13
Wed Dec 26 2012,Stoke City FC,Liverpool FC,3,1,Premier League,2012-13
Wed Dec 26 2012,Reading FC,Swansea City FC,0,0,Premier League,2012-13
Wed Dec 26 2012,Queens Park Rangers FC,West Bromwich Albion FC,1,2,Premier League,2012-13
Wed Dec 26 2012,Aston Villa FC,Tottenham Hotspur FC,0,4,Premier League,2012-13
Wed Dec 26 2012,Sunderland AFC,Manchester City FC,1,0,Premier League,2012-13
Wed Dec 26 2012,Norwich City FC,Chelsea FC,0,1,Premier League,2012-13
Wed Dec 26 2012,Manchester United FC,Newcastle United FC,4,3,Premier League,2012-13
Wed Dec 26 2012,Fulham FC,Southampton FC,1,1,Premier League,2012-13
Wed Dec 26 2012,Everton FC,Wigan Athletic FC,2,1,Premier League,2012-13
Sat Dec 29 2012,Norwich City FC,Manchester City FC,3,4,Premier League,2012-13
Sat Dec 29 2012,Sunderland AFC,Tottenham Hotspur FC,1,2,Premier League,2012-13
Sat Dec 29 2012,Fulham FC,Swansea City FC,1,2,Premier League,2012-13
Sat Dec 29 2012,Aston Villa FC,Wigan Athletic FC,0,3,Premier League,2012-13
Sat Dec 29 2012,Arsenal FC,Newcastle United FC,7,3,Premier League,2012-13
Sat Dec 29 2012,Reading FC,West Ham United FC,1,0,Premier League,2012-13
Sat Dec 29 2012,Manchester United FC,West Bromwich Albion FC,2,0,Premier League,2012-13
Sat Dec 29 2012,Stoke City FC,Southampton FC,3,3,Premier League,2012-13
Sun Dec 30 2012,Queens Park Rangers FC,Liverpool FC,0,3,Premier League,2012-13
Sun Dec 30 2012,Everton FC,Chelsea FC,1,2,Premier League,2012-13
Tue Jan 1 2013,West Ham United FC,Norwich City FC,2,1,Premier League,2012-13
Tue Jan 1 2013,Swansea City FC,Aston Villa FC,2,2,Premier League,2012-13
Tue Jan 1 2013,Wigan Athletic FC,Manchester United FC,0,4,Premier League,2012-13
Tue Jan 1 2013,West Bromwich Albion FC,Fulham FC,1,2,Premier League,2012-13
Tue Jan 1 2013,Manchester City FC,Stoke City FC,3,0,Premier League,2012-13
Tue Jan 1 2013,Tottenham Hotspur FC,Reading FC,3,1,Premier League,2012-13
Tue Jan 1 2013,Southampton FC,Arsenal FC,1,1,Premier League,2012-13
Wed Jan 2 2013,Liverpool FC,Sunderland AFC,3,0,Premier League,2012-13
Wed Jan 2 2013,Chelsea FC,Queens Park Rangers FC,0,1,Premier League,2012-13
Wed Jan 2 2013,Newcastle United FC,Everton FC,1,2,Premier League,2012-13
Sat Jan 12 2013,Aston Villa FC,Southampton FC,0,1,Premier League,2012-13
Sat Jan 12 2013,Queens Park Rangers FC,Tottenham Hotspur FC,0,0,Premier League,2012-13
Sat Jan 12 2013,Reading FC,West Bromwich Albion FC,3,2,Premier League,2012-13
Sat Jan 12 2013,Everton FC,Swansea City FC,0,0,Premier League,2012-13
Sat Jan 12 2013,Norwich City FC,Newcastle United FC,0,0,Premier League,2012-13
Sat Jan 12 2013,Sunderland AFC,West Ham United FC,3,0,Premier League,2012-13
Sat Jan 12 2013,Stoke City FC,Chelsea FC,0,4,Premier League,2012-13
Sat Jan 12 2013,Fulham FC,Wigan Athletic FC,1,1,Premier League,2012-13
Sun Jan 13 2013,Arsenal FC,Manchester City FC,0,2,Premier League,2012-13
Sun Jan 13 2013,Manchester United FC,Liverpool FC,2,1,Premier League,2012-13
Wed Jan 16 2013,Chelsea FC,Southampton FC,2,2,Premier League,2012-13
Sat Jan 19 2013,Manchester City FC,Fulham FC,2,0,Premier League,2012-13
Sat Jan 19 2013,West Ham United FC,Queens Park Rangers FC,1,1,Premier League,2012-13
Sat Jan 19 2013,Newcastle United FC,Reading FC,1,2,Premier League,2012-13
Sat Jan 19 2013,West Bromwich Albion FC,Aston Villa FC,2,2,Premier League,2012-13
Sat Jan 19 2013,Wigan Athletic FC,Sunderland AFC,2,3,Premier League,2012-13
Sat Jan 19 2013,Liverpool FC,Norwich City FC,5,0,Premier League,2012-13
Sat Jan 19 2013,Swansea City FC,Stoke City FC,3,1,Premier League,2012-13
Sun Jan 20 2013,Tottenham Hotspur FC,Manchester United FC,1,1,Premier League,2012-13
Sun Jan 20 2013,Chelsea FC,Arsenal FC,2,1,Premier League,2012-13
Mon Jan 21 2013,Southampton FC,Everton FC,0,0,Premier League,2012-13
Wed Jan 23 2013,Arsenal FC,West Ham United FC,5,1,Premier League,2012-13
Tue Jan 29 2013,Queens Park Rangers FC,Manchester City FC,0,0,Premier League,2012-13
Tue Jan 29 2013,Sunderland AFC,Swansea City FC,0,0,Premier League,2012-13
Tue Jan 29 2013,Aston Villa FC,Newcastle United FC,1,2,Premier League,2012-13
Tue Jan 29 2013,Stoke City FC,Wigan Athletic FC,2,2,Premier League,2012-13
Wed Jan 30 2013,Norwich City FC,Tottenham Hotspur FC,1,1,Premier League,2012-13
Wed Jan 30 2013,Manchester United FC,Southampton FC,2,1,Premier League,2012-13
Wed Jan 30 2013,Arsenal FC,Liverpool FC,2,2,Premier League,2012-13
Wed Jan 30 2013,Reading FC,Chelsea FC,2,2,Premier League,2012-13
Wed Jan 30 2013,Fulham FC,West Ham United FC,3,1,Premier League,2012-13
Wed Jan 30 2013,Everton FC,West Bromwich Albion FC,2,1,Premier League,2012-13
Sat Feb 2 2013,Newcastle United FC,Chelsea FC,3,2,Premier League,2012-13
Sat Feb 2 2013,Reading FC,Sunderland AFC,2,1,Premier League,2012-13
Sat Feb 2 2013,West Ham United FC,Swansea City FC,1,0,Premier League,2012-13
Sat Feb 2 2013,Fulham FC,Manchester United FC,0,1,Premier League,2012-13
Sat Feb 2 2013,Wigan Athletic FC,Southampton FC,2,2,Premier League,2012-13
Sat Feb 2 2013,Everton FC,Aston Villa FC,3,3,Premier League,2012-13
Sat Feb 2 2013,Arsenal FC,Stoke City FC,1,0,Premier League,2012-13
Sat Feb 2 2013,Queens Park Rangers FC,Norwich City FC,0,0,Premier League,2012-13
Sun Feb 3 2013,Manchester City FC,Liverpool FC,2,2,Premier League,2012-13
Sun Feb 3 2013,West Bromwich Albion FC,Tottenham Hotspur FC,0,1,Premier League,2012-13
Sat Feb 9 2013,Sunderland AFC,Arsenal FC,0,1,Premier League,2012-13
Sat Feb 9 2013,Swansea City FC,Queens Park Rangers FC,4,1,Premier League,2012-13
Sat Feb 9 2013,Norwich City FC,Fulham FC,0,0,Premier League,2012-13
Sat Feb 9 2013,Chelsea FC,Wigan Athletic FC,4,1,Premier League,2012-13
Sat Feb 9 2013,Southampton FC,Manchester City FC,3,1,Premier League,2012-13
Sat Feb 9 2013,Tottenham Hotspur FC,Newcastle United FC,2,1,Premier League,2012-13
Sat Feb 9 2013,Stoke City FC,Reading FC,2,1,Premier League,2012-13
Sun Feb 10 2013,Manchester United FC,Everton FC,2,0,Premier League,2012-13
Sun Feb 10 2013,Aston Villa FC,West Ham United FC,2,1,Premier League,2012-13
Mon Feb 11 2013,Liverpool FC,West Bromwich Albion FC,0,2,Premier League,2012-13
Sun Feb 17 2013,Liverpool FC,Swansea City FC,5,0,Premier League,2012-13
Sat Feb 23 2013,Norwich City FC,Everton FC,2,1,Premier League,2012-13
Sat Feb 23 2013,Queens Park Rangers FC,Manchester United FC,0,2,Premier League,2012-13
Sat Feb 23 2013,West Bromwich Albion FC,Sunderland AFC,2,1,Premier League,2012-13
Sat Feb 23 2013,Reading FC,Wigan Athletic FC,0,3,Premier League,2012-13
Sat Feb 23 2013,Arsenal FC,Aston Villa FC,2,1,Premier League,2012-13
Sat Feb 23 2013,Fulham FC,Stoke City FC,1,0,Premier League,2012-13
Sun Feb 24 2013,Manchester City FC,Chelsea FC,2,0,Premier League,2012-13
Sun Feb 24 2013,Newcastle United FC,Southampton FC,4,2,Premier League,2012-13
Mon Feb 25 2013,West Ham United FC,Tottenham Hotspur FC,2,3,Premier League,2012-13
Sat Mar 2 2013,Everton FC,Reading FC,3,1,Premier League,2012-13
Sat Mar 2 2013,Wigan Athletic FC,Liverpool FC,0,4,Premier League,2012-13
Sat Mar 2 2013,Swansea City FC,Newcastle United FC,1,0,Premier League,2012-13
Sat Mar 2 2013,Sunderland AFC,Fulham FC,2,2,Premier League,2012-13
Sat Mar 2 2013,Stoke City FC,West Ham United FC,0,1,Premier League,2012-13
Sat Mar 2 2013,Chelsea FC,West Bromwich Albion FC,1,0,Premier League,2012-13
Sat Mar 2 2013,Southampton FC,Queens Park Rangers FC,1,2,Premier League,2012-13
Sat Mar 2 2013,Manchester United FC,Norwich City FC,4,0,Premier League,2012-13
Sun Mar 3 2013,Tottenham Hotspur FC,Arsenal FC,2,1,Premier League,2012-13
Mon Mar 4 2013,Aston Villa FC,Manchester City FC,0,1,Premier League,2012-13
Sat Mar 9 2013,West Bromwich Albion FC,Swansea City FC,2,1,Premier League,2012-13
Sat Mar 9 2013,Reading FC,Aston Villa FC,1,2,Premier League,2012-13
Sat Mar 9 2013,Queens Park Rangers FC,Sunderland AFC,3,1,Premier League,2012-13
Sat Mar 9 2013,Norwich City FC,Southampton FC,0,0,Premier League,2012-13
Sun Mar 10 2013,Liverpool FC,Tottenham Hotspur FC,3,2,Premier League,2012-13
Sun Mar 10 2013,Newcastle United FC,Stoke City FC,2,1,Premier League,2012-13
Sat Mar 16 2013,Aston Villa FC,Queens Park Rangers FC,3,2,Premier League,2012-13
Sat Mar 16 2013,Swansea City FC,Arsenal FC,0,2,Premier League,2012-13
Sat Mar 16 2013,Manchester United FC,Reading FC,1,0,Premier League,2012-13
Sat Mar 16 2013,Stoke City FC,West Bromwich Albion FC,0,0,Premier League,2012-13
Sat Mar 16 2013,Southampton FC,Liverpool FC,3,1,Premier League,2012-13
Sat Mar 16 2013,Everton FC,Manchester City FC,2,0,Premier League,2012-13
Sun Mar 17 2013,Wigan Athletic FC,Newcastle United FC,2,1,Premier League,2012-13
Sun Mar 17 2013,Tottenham Hotspur FC,Fulham FC,0,1,Premier League,2012-13
Sun Mar 17 2013,Chelsea FC,West Ham United FC,2,0,Premier League,2012-13
Sun Mar 17 2013,Sunderland AFC,Norwich City FC,1,1,Premier League,2012-13
Sat Mar 30 2013,West Ham United FC,West Bromwich Albion FC,3,1,Premier League,2012-13
Sat Mar 30 2013,Sunderland AFC,Manchester United FC,0,1,Premier League,2012-13
Sat Mar 30 2013,Southampton FC,Chelsea FC,2,1,Premier League,2012-13
Sat Mar 30 2013,Arsenal FC,Reading FC,4,1,Premier League,2012-13
Sat Mar 30 2013,Manchester City FC,Newcastle United FC,4,0,Premier League,2012-13
Sat Mar 30 2013,Everton FC,Stoke City FC,1,0,Premier League,2012-13
Sat Mar 30 2013,Wigan Athletic FC,Norwich City FC,1,0,Premier League,2012-13
Sat Mar 30 2013,Swansea City FC,Tottenham Hotspur FC,1,2,Premier League,2012-13
Sun Mar 31 2013,Aston Villa FC,Liverpool FC,1,2,Premier League,2012-13
Mon Apr 1 2013,Fulham FC,Queens Park Rangers FC,3,2,Premier League,2012-13
Sat Apr 6 2013,Norwich City FC,Swansea City FC,2,2,Premier League,2012-13
Sat Apr 6 2013,Reading FC,Southampton FC,0,2,Premier League,2012-13
Sat Apr 6 2013,Stoke City FC,Aston Villa FC,1,3,Premier League,2012-13
Sat Apr 6 2013,West Bromwich Albion FC,Arsenal FC,1,2,Premier League,2012-13
Sun Apr 7 2013,Newcastle United FC,Fulham FC,1,0,Premier League,2012-13
Sun Apr 7 2013,Chelsea FC,Sunderland AFC,2,1,Premier League,2012-13
Sun Apr 7 2013,Queens Park Rangers FC,Wigan Athletic FC,1,1,Premier League,2012-13
Sun Apr 7 2013,Tottenham Hotspur FC,Everton FC,2,2,Premier League,2012-13
Sun Apr 7 2013,Liverpool FC,West Ham United FC,0,0,Premier League,2012-13
Mon Apr 8 2013,Manchester United FC,Manchester City FC,1,2,Premier League,2012-13
Sat Apr 13 2013,Southampton FC,West Ham United FC,1,1,Premier League,2012-13
Sat Apr 13 2013,Reading FC,Liverpool FC,0,0,Premier League,2012-13
Sat Apr 13 2013,Everton FC,Queens Park Rangers FC,2,0,Premier League,2012-13
Sat Apr 13 2013,Arsenal FC,Norwich City FC,3,1,Premier League,2012-13
Sat Apr 13 2013,Aston Villa FC,Fulham FC,1,1,Premier League,2012-13
Sun Apr 14 2013,Stoke City FC,Manchester United FC,0,2,Premier League,2012-13
Sun Apr 14 2013,Newcastle United FC,Sunderland AFC,0,3,Premier League,2012-13
Tue Apr 16 2013,Arsenal FC,Everton FC,0,0,Premier League,2012-13
Wed Apr 17 2013,Fulham FC,Chelsea FC,0,3,Premier League,2012-13
Wed Apr 17 2013,West Ham United FC,Manchester United FC,2,2,Premier League,2012-13
Wed Apr 17 2013,Manchester City FC,Wigan Athletic FC,1,0,Premier League,2012-13
Sat Apr 20 2013,West Bromwich Albion FC,Newcastle United FC,1,1,Premier League,2012-13
Sat Apr 20 2013,Queens Park Rangers FC,Stoke City FC,0,2,Premier League,2012-13
Sat Apr 20 2013,Swansea City FC,Southampton FC,0,0,Premier League,2012-13
Sat Apr 20 2013,Fulham FC,Arsenal FC,0,1,Premier League,2012-13
Sat Apr 20 2013,Norwich City FC,Reading FC,2,1,Premier League,2012-13
Sat Apr 20 2013,West Ham United FC,Wigan Athletic FC,2,0,Premier League,2012-13
Sat Apr 20 2013,Sunderland AFC,Everton FC,1,0,Premier League,2012-13
Sun Apr 21 2013,Tottenham Hotspur FC,Manchester City FC,3,1,Premier League,2012-13
Sun Apr 21 2013,Liverpool FC,Chelsea FC,2,2,Premier League,2012-13
Mon Apr 22 2013,Manchester United FC,Aston Villa FC,3,0,Premier League,2012-13
Sat Apr 27 2013,Manchester City FC,West Ham United FC,2,1,Premier League,2012-13
Sat Apr 27 2013,Stoke City FC,Norwich City FC,1,0,Premier League,2012-13
Sat Apr 27 2013,Newcastle United FC,Liverpool FC,0,6,Premier League,2012-13
Sat Apr 27 2013,Everton FC,Fulham FC,1,0,Premier League,2012-13
Sat Apr 27 2013,Wigan Athletic FC,Tottenham Hotspur FC,2,2,Premier League,2012-13
Sat Apr 27 2013,Southampton FC,West Bromwich Albion FC,0,3,Premier League,2012-13
Sun Apr 28 2013,Arsenal FC,Manchester United FC,1,1,Premier League,2012-13
Sun Apr 28 2013,Chelsea FC,Swansea City FC,2,0,Premier League,2012-13
Sun Apr 28 2013,Reading FC,Queens Park Rangers FC,0,0,Premier League,2012-13
Mon Apr 29 2013,Aston Villa FC,Sunderland AFC,6,1,Premier League,2012-13
Sat May 4 2013,Swansea City FC,Manchester City FC,0,0,Premier League,2012-13
Sat May 4 2013,West Bromwich Albion FC,Wigan Athletic FC,2,3,Premier League,2012-13
Sat May 4 2013,Fulham FC,Reading FC,2,4,Premier League,2012-13
Sat May 4 2013,West Ham United FC,Newcastle United FC,0,0,Premier League,2012-13
Sat May 4 2013,Queens Park Rangers FC,Arsenal FC,0,1,Premier League,2012-13
Sat May 4 2013,Norwich City FC,Aston Villa FC,1,2,Premier League,2012-13
Sat May 4 2013,Tottenham Hotspur FC,Southampton FC,1,0,Premier League,2012-13
Sun May 5 2013,Liverpool FC,Everton FC,0,0,Premier League,2012-13
Sun May 5 2013,Manchester United FC,Chelsea FC,0,1,Premier League,2012-13
Mon May 6 2013,Sunderland AFC,Stoke City FC,1,1,Premier League,2012-13
Tue May 7 2013,Manchester City FC,West Bromwich Albion FC,1,0,Premier League,2012-13
Tue May 7 2013,Wigan Athletic FC,Swansea City FC,2,3,Premier League,2012-13
Wed May 8 2013,Chelsea FC,Tottenham Hotspur FC,2,2,Premier League,2012-13
Sat May 11 2013,Aston Villa FC,Chelsea FC,1,2,Premier League,2012-13
Sun May 12 2013,Manchester United FC,Swansea City FC,2,1,Premier League,2012-13
Sun May 12 2013,Sunderland AFC,Southampton FC,1,1,Premier League,2012-13
Sun May 12 2013,Stoke City FC,Tottenham Hotspur FC,1,2,Premier League,2012-13
Sun May 12 2013,Everton FC,West Ham United FC,2,0,Premier League,2012-13
Sun May 12 2013,Queens Park Rangers FC,Newcastle United FC,1,2,Premier League,2012-13
Sun May 12 2013,Norwich City FC,West Bromwich Albion FC,4,0,Premier League,2012-13
Sun May 12 2013,Fulham FC,Liverpool FC,1,3,Premier League,2012-13
Tue May 14 2013,Reading FC,Manchester City FC,0,2,Premier League,2012-13
Tue May 14 2013,Arsenal FC,Wigan Athletic FC,4,1,Premier League,2012-13
Sun May 19 2013,Newcastle United FC,Arsenal FC,0,1,Premier League,2012-13
Sun May 19 2013,Tottenham Hotspur FC,Sunderland AFC,1,0,Premier League,2012-13
Sun May 19 2013,Swansea City FC,Fulham FC,0,3,Premier League,2012-13
Sun May 19 2013,West Bromwich Albion FC,Manchester United FC,5,5,Premier League,2012-13
Sun May 19 2013,Manchester City FC,Norwich City FC,2,3,Premier League,2012-13
Sun May 19 2013,Chelsea FC,Everton FC,2,1,Premier League,2012-13
Sun May 19 2013,West Ham United FC,Reading FC,4,2,Premier League,2012-13
Sun May 19 2013,Southampton FC,Stoke City FC,1,1,Premier League,2012-13
Sun May 19 2013,Liverpool FC,Queens Park Rangers FC,1,0,Premier League,2012-13
Sun May 19 2013,Wigan Athletic FC,Aston Villa FC,2,2,Premier League,2012-13
Sat Aug 17 2013,Norwich City FC,Everton FC,2,2,Premier League,2013-14
Sat Aug 17 2013,Liverpool FC,Stoke City FC,1,0,Premier League,2013-14
Sat Aug 17 2013,Swansea City FC,Manchester United FC,1,4,Premier League,2013-14
Sat Aug 17 2013,West Ham United FC,Cardiff City FC,2,0,Premier League,2013-14
Sat Aug 17 2013,West Bromwich Albion FC,Southampton FC,0,1,Premier League,2013-14
Sat Aug 17 2013,Sunderland AFC,Fulham FC,0,1,Premier League,2013-14
Sat Aug 17 2013,Arsenal FC,Aston Villa FC,1,3,Premier League,2013-14
Sun Aug 18 2013,Chelsea FC,Hull City AFC,2,0,Premier League,2013-14
Sun Aug 18 2013,Crystal Palace FC,Tottenham Hotspur FC,0,1,Premier League,2013-14
Mon Aug 19 2013,Manchester City FC,Newcastle United FC,4,0,Premier League,2013-14
Wed Aug 21 2013,Chelsea FC,Aston Villa FC,2,1,Premier League,2013-14
Sat Aug 24 2013,Everton FC,West Bromwich Albion FC,0,0,Premier League,2013-14
Sat Aug 24 2013,Stoke City FC,Crystal Palace FC,2,1,Premier League,2013-14
Sat Aug 24 2013,Hull City AFC,Norwich City FC,1,0,Premier League,2013-14
Sat Aug 24 2013,Fulham FC,Arsenal FC,1,3,Premier League,2013-14
Sat Aug 24 2013,Aston Villa FC,Liverpool FC,0,1,Premier League,2013-14
Sat Aug 24 2013,Newcastle United FC,West Ham United FC,0,0,Premier League,2013-14
Sat Aug 24 2013,Southampton FC,Sunderland AFC,1,1,Premier League,2013-14
Sun Aug 25 2013,Cardiff City FC,Manchester City FC,3,2,Premier League,2013-14
Sun Aug 25 2013,Tottenham Hotspur FC,Swansea City FC,1,0,Premier League,2013-14
Mon Aug 26 2013,Manchester United FC,Chelsea FC,0,0,Premier League,2013-14
Sat Aug 31 2013,Newcastle United FC,Fulham FC,1,0,Premier League,2013-14
Sat Aug 31 2013,Crystal Palace FC,Sunderland AFC,3,1,Premier League,2013-14
Sat Aug 31 2013,West Ham United FC,Stoke City FC,0,1,Premier League,2013-14
Sat Aug 31 2013,Norwich City FC,Southampton FC,1,0,Premier League,2013-14
Sat Aug 31 2013,Cardiff City FC,Everton FC,0,0,Premier League,2013-14
Sat Aug 31 2013,Manchester City FC,Hull City AFC,2,0,Premier League,2013-14
Sun Sep 1 2013,Liverpool FC,Manchester United FC,1,0,Premier League,2013-14
Sun Sep 1 2013,West Bromwich Albion FC,Swansea City FC,0,2,Premier League,2013-14
Sun Sep 1 2013,Arsenal FC,Tottenham Hotspur FC,1,0,Premier League,2013-14
Sat Sep 14 2013,Fulham FC,West Bromwich Albion FC,1,1,Premier League,2013-14
Sat Sep 14 2013,Manchester United FC,Crystal Palace FC,2,0,Premier League,2013-14
Sat Sep 14 2013,Stoke City FC,Manchester City FC,0,0,Premier League,2013-14
Sat Sep 14 2013,Tottenham Hotspur FC,Norwich City FC,2,0,Premier League,2013-14
Sat Sep 14 2013,Everton FC,Chelsea FC,1,0,Premier League,2013-14
Sat Sep 14 2013,Sunderland AFC,Arsenal FC,1,3,Premier League,2013-14
Sat Sep 14 2013,Hull City AFC,Cardiff City FC,1,1,Premier League,2013-14
Sat Sep 14 2013,Aston Villa FC,Newcastle United FC,1,2,Premier League,2013-14
Sun Sep 15 2013,Southampton FC,West Ham United FC,0,0,Premier League,2013-14
Mon Sep 16 2013,Swansea City FC,Liverpool FC,2,2,Premier League,2013-14
Sat Sep 21 2013,Chelsea FC,Fulham FC,2,0,Premier League,2013-14
Sat Sep 21 2013,West Ham United FC,Everton FC,2,3,Premier League,2013-14
Sat Sep 21 2013,Newcastle United FC,Hull City AFC,2,3,Premier League,2013-14
Sat Sep 21 2013,West Bromwich Albion FC,Sunderland AFC,3,0,Premier League,2013-14
Sat Sep 21 2013,Liverpool FC,Southampton FC,0,1,Premier League,2013-14
Sat Sep 21 2013,Norwich City FC,Aston Villa FC,0,1,Premier League,2013-14
Sun Sep 22 2013,Crystal Palace FC,Swansea City FC,0,2,Premier League,2013-14
Sun Sep 22 2013,Cardiff City FC,Tottenham Hotspur FC,0,1,Premier League,2013-14
Sun Sep 22 2013,Arsenal FC,Stoke City FC,3,1,Premier League,2013-14
Sun Sep 22 2013,Manchester City FC,Manchester United FC,4,1,Premier League,2013-14
Sat Sep 28 2013,Southampton FC,Crystal Palace FC,2,0,Premier League,2013-14
Sat Sep 28 2013,Hull City AFC,West Ham United FC,1,0,Premier League,2013-14
Sat Sep 28 2013,Fulham FC,Cardiff City FC,1,2,Premier League,2013-14
Sat Sep 28 2013,Swansea City FC,Arsenal FC,1,2,Premier League,2013-14
Sat Sep 28 2013,Tottenham Hotspur FC,Chelsea FC,1,1,Premier League,2013-14
Sat Sep 28 2013,Aston Villa FC,Manchester City FC,3,2,Premier League,2013-14
Sat Sep 28 2013,Manchester United FC,West Bromwich Albion FC,1,2,Premier League,2013-14
Sun Sep 29 2013,Stoke City FC,Norwich City FC,0,1,Premier League,2013-14
Sun Sep 29 2013,Sunderland AFC,Liverpool FC,1,3,Premier League,2013-14
Mon Sep 30 2013,Everton FC,Newcastle United FC,3,2,Premier League,2013-14
Sat Oct 5 2013,Sunderland AFC,Manchester United FC,1,2,Premier League,2013-14
Sat Oct 5 2013,Fulham FC,Stoke City FC,1,0,Premier League,2013-14
Sat Oct 5 2013,Cardiff City FC,Newcastle United FC,1,2,Premier League,2013-14
Sat Oct 5 2013,Hull City AFC,Aston Villa FC,0,0,Premier League,2013-14
Sat Oct 5 2013,Manchester City FC,Everton FC,3,1,Premier League,2013-14
Sat Oct 5 2013,Liverpool FC,Crystal Palace FC,3,1,Premier League,2013-14
Sun Oct 6 2013,West Bromwich Albion FC,Arsenal FC,1,1,Premier League,2013-14
Sun Oct 6 2013,Southampton FC,Swansea City FC,2,0,Premier League,2013-14
Sun Oct 6 2013,Norwich City FC,Chelsea FC,1,3,Premier League,2013-14
Sun Oct 6 2013,Tottenham Hotspur FC,West Ham United FC,0,3,Premier League,2013-14
Sat Oct 19 2013,Everton FC,Hull City AFC,2,1,Premier League,2013-14
Sat Oct 19 2013,Chelsea FC,Cardiff City FC,4,1,Premier League,2013-14
Sat Oct 19 2013,Manchester United FC,Southampton FC,1,1,Premier League,2013-14
Sat Oct 19 2013,West Ham United FC,Manchester City FC,1,3,Premier League,2013-14
Sat Oct 19 2013,Swansea City FC,Sunderland AFC,4,0,Premier League,2013-14
Sat Oct 19 2013,Arsenal FC,Norwich City FC,4,1,Premier League,2013-14
Sat Oct 19 2013,Newcastle United FC,Liverpool FC,2,2,Premier League,2013-14
Sat Oct 19 2013,Stoke City FC,West Bromwich Albion FC,0,0,Premier League,2013-14
Sun Oct 20 2013,Aston Villa FC,Tottenham Hotspur FC,0,2,Premier League,2013-14
Mon Oct 21 2013,Crystal Palace FC,Fulham FC,1,4,Premier League,2013-14
Sat Oct 26 2013,Manchester United FC,Stoke City FC,3,2,Premier League,2013-14
Sat Oct 26 2013,Norwich City FC,Cardiff City FC,0,0,Premier League,2013-14
Sat Oct 26 2013,Southampton FC,Fulham FC,2,0,Premier League,2013-14
Sat Oct 26 2013,Crystal Palace FC,Arsenal FC,0,2,Premier League,2013-14
Sat Oct 26 2013,Aston Villa FC,Everton FC,0,2,Premier League,2013-14
Sat Oct 26 2013,Liverpool FC,West Bromwich Albion FC,4,1,Premier League,2013-14
Sun Oct 27 2013,Swansea City FC,West Ham United FC,0,0,Premier League,2013-14
Sun Oct 27 2013,Chelsea FC,Manchester City FC,2,1,Premier League,2013-14
Sun Oct 27 2013,Tottenham Hotspur FC,Hull City AFC,1,0,Premier League,2013-14
Sun Oct 27 2013,Sunderland AFC,Newcastle United FC,2,1,Premier League,2013-14
Sat Nov 2 2013,Manchester City FC,Norwich City FC,7,0,Premier League,2013-14
Sat Nov 2 2013,Hull City AFC,Sunderland AFC,1,0,Premier League,2013-14
Sat Nov 2 2013,Fulham FC,Manchester United FC,1,3,Premier League,2013-14
Sat Nov 2 2013,Arsenal FC,Liverpool FC,2,0,Premier League,2013-14
Sat Nov 2 2013,West Bromwich Albion FC,Crystal Palace FC,2,0,Premier League,2013-14
Sat Nov 2 2013,West Ham United FC,Aston Villa FC,0,0,Premier League,2013-14
Sat Nov 2 2013,Stoke City FC,Southampton FC,1,1,Premier League,2013-14
Sat Nov 2 2013,Newcastle United FC,Chelsea FC,2,0,Premier League,2013-14
Sun Nov 3 2013,Cardiff City FC,Swansea City FC,1,0,Premier League,2013-14
Sun Nov 3 2013,Everton FC,Tottenham Hotspur FC,0,0,Premier League,2013-14
Sat Nov 9 2013,Chelsea FC,West Bromwich Albion FC,2,2,Premier League,2013-14
Sat Nov 9 2013,Aston Villa FC,Cardiff City FC,2,0,Premier League,2013-14
Sat Nov 9 2013,Norwich City FC,West Ham United FC,3,1,Premier League,2013-14
Sat Nov 9 2013,Southampton FC,Hull City AFC,4,1,Premier League,2013-14
Sat Nov 9 2013,Crystal Palace FC,Everton FC,0,0,Premier League,2013-14
Sat Nov 9 2013,Liverpool FC,Fulham FC,4,0,Premier League,2013-14
Sun Nov 10 2013,Tottenham Hotspur FC,Newcastle United FC,0,1,Premier League,2013-14
Sun Nov 10 2013,Manchester United FC,Arsenal FC,1,0,Premier League,2013-14
Sun Nov 10 2013,Swansea City FC,Stoke City FC,3,3,Premier League,2013-14
Sun Nov 10 2013,Sunderland AFC,Manchester City FC,1,0,Premier League,2013-14
Sat Nov 23 2013,Fulham FC,Swansea City FC,1,2,Premier League,2013-14
Sat Nov 23 2013,Newcastle United FC,Norwich City FC,2,1,Premier League,2013-14
Sat Nov 23 2013,Stoke City FC,Sunderland AFC,2,0,Premier League,2013-14
Sat Nov 23 2013,West Ham United FC,Chelsea FC,0,3,Premier League,2013-14
Sat Nov 23 2013,Hull City AFC,Crystal Palace FC,0,1,Premier League,2013-14
Sat Nov 23 2013,Everton FC,Liverpool FC,3,3,Premier League,2013-14
Sat Nov 23 2013,Arsenal FC,Southampton FC,2,0,Premier League,2013-14
Sun Nov 24 2013,Manchester City FC,Tottenham Hotspur FC,6,0,Premier League,2013-14
Sun Nov 24 2013,Cardiff City FC,Manchester United FC,2,2,Premier League,2013-14
Mon Nov 25 2013,West Bromwich Albion FC,Aston Villa FC,2,2,Premier League,2013-14
Sat Nov 30 2013,Everton FC,Stoke City FC,4,0,Premier League,2013-14
Sat Nov 30 2013,Cardiff City FC,Arsenal FC,0,3,Premier League,2013-14
Sat Nov 30 2013,West Ham United FC,Fulham FC,3,0,Premier League,2013-14
Sat Nov 30 2013,Newcastle United FC,West Bromwich Albion FC,2,1,Premier League,2013-14
Sat Nov 30 2013,Aston Villa FC,Sunderland AFC,0,0,Premier League,2013-14
Sat Nov 30 2013,Norwich City FC,Crystal Palace FC,1,0,Premier League,2013-14
Sun Dec 1 2013,Manchester City FC,Swansea City FC,3,0,Premier League,2013-14
Sun Dec 1 2013,Tottenham Hotspur FC,Manchester United FC,2,2,Premier League,2013-14
Sun Dec 1 2013,Hull City AFC,Liverpool FC,3,1,Premier League,2013-14
Sun Dec 1 2013,Chelsea FC,Southampton FC,3,1,Premier League,2013-14
Tue Dec 3 2013,Crystal Palace FC,West Ham United FC,1,0,Premier League,2013-14
Wed Dec 4 2013,Southampton FC,Aston Villa FC,2,3,Premier League,2013-14
Wed Dec 4 2013,Arsenal FC,Hull City AFC,2,0,Premier League,2013-14
Wed Dec 4 2013,Sunderland AFC,Chelsea FC,3,4,Premier League,2013-14
Wed Dec 4 2013,Manchester United FC,Everton FC,0,1,Premier League,2013-14
Wed Dec 4 2013,Stoke City FC,Cardiff City FC,0,0,Premier League,2013-14
Wed Dec 4 2013,Fulham FC,Tottenham Hotspur FC,1,2,Premier League,2013-14
Wed Dec 4 2013,Liverpool FC,Norwich City FC,5,1,Premier League,2013-14
Wed Dec 4 2013,Swansea City FC,Newcastle United FC,3,0,Premier League,2013-14
Wed Dec 4 2013,West Bromwich Albion FC,Manchester City FC,2,3,Premier League,2013-14
Sat Dec 7 2013,Southampton FC,Manchester City FC,1,1,Premier League,2013-14
Sat Dec 7 2013,Liverpool FC,West Ham United FC,4,1,Premier League,2013-14
Sat Dec 7 2013,Manchester United FC,Newcastle United FC,0,1,Premier League,2013-14
Sat Dec 7 2013,Crystal Palace FC,Cardiff City FC,2,0,Premier League,2013-14
Sat Dec 7 2013,Stoke City FC,Chelsea FC,3,2,Premier League,2013-14
Sat Dec 7 2013,Sunderland AFC,Tottenham Hotspur FC,1,2,Premier League,2013-14
Sat Dec 7 2013,West Bromwich Albion FC,Norwich City FC,0,2,Premier League,2013-14
Sun Dec 8 2013,Arsenal FC,Everton FC,1,1,Premier League,2013-14
Sun Dec 8 2013,Fulham FC,Aston Villa FC,2,0,Premier League,2013-14
Mon Dec 9 2013,Swansea City FC,Hull City AFC,1,1,Premier League,2013-14
Sat Dec 14 2013,Hull City AFC,Stoke City FC,0,0,Premier League,2013-14
Sat Dec 14 2013,Newcastle United FC,Southampton FC,1,1,Premier League,2013-14
Sat Dec 14 2013,Everton FC,Fulham FC,4,1,Premier League,2013-14
Sat Dec 14 2013,Manchester City FC,Arsenal FC,6,3,Premier League,2013-14
Sat Dec 14 2013,Cardiff City FC,West Bromwich Albion FC,1,0,Premier League,2013-14
Sat Dec 14 2013,West Ham United FC,Sunderland AFC,0,0,Premier League,2013-14
Sat Dec 14 2013,Chelsea FC,Crystal Palace FC,2,1,Premier League,2013-14
Sun Dec 15 2013,Aston Villa FC,Manchester United FC,0,3,Premier League,2013-14
Sun Dec 15 2013,Norwich City FC,Swansea City FC,1,1,Premier League,2013-14
Sun Dec 15 2013,Tottenham Hotspur FC,Liverpool FC,0,5,Premier League,2013-14
Sat Dec 21 2013,Manchester United FC,West Ham United FC,3,1,Premier League,2013-14
Sat Dec 21 2013,Sunderland AFC,Norwich City FC,0,0,Premier League,2013-14
Sat Dec 21 2013,Fulham FC,Manchester City FC,2,4,Premier League,2013-14
Sat Dec 21 2013,West Bromwich Albion FC,Hull City AFC,1,1,Premier League,2013-14
Sat Dec 21 2013,Liverpool FC,Cardiff City FC,3,1,Premier League,2013-14
Sat Dec 21 2013,Crystal Palace FC,Newcastle United FC,0,3,Premier League,2013-14
Sat Dec 21 2013,Stoke City FC,Aston Villa FC,2,1,Premier League,2013-14
Sun Dec 22 2013,Southampton FC,Tottenham Hotspur FC,2,3,Premier League,2013-14
Sun Dec 22 2013,Swansea City FC,Everton FC,1,2,Premier League,2013-14
Mon Dec 23 2013,Arsenal FC,Chelsea FC,0,0,Premier League,2013-14
Thu Dec 26 2013,Everton FC,Sunderland AFC,0,1,Premier League,2013-14
Thu Dec 26 2013,Aston Villa FC,Crystal Palace FC,0,1,Premier League,2013-14
Thu Dec 26 2013,Cardiff City FC,Southampton FC,0,3,Premier League,2013-14
Thu Dec 26 2013,Chelsea FC,Swansea City FC,1,0,Premier League,2013-14
Thu Dec 26 2013,Newcastle United FC,Stoke City FC,5,1,Premier League,2013-14
Thu Dec 26 2013,Norwich City FC,Fulham FC,1,2,Premier League,2013-14
Thu Dec 26 2013,West Ham United FC,Arsenal FC,1,3,Premier League,2013-14
Thu Dec 26 2013,Manchester City FC,Liverpool FC,2,1,Premier League,2013-14
Thu Dec 26 2013,Tottenham Hotspur FC,West Bromwich Albion FC,1,1,Premier League,2013-14
Thu Dec 26 2013,Hull City AFC,Manchester United FC,2,3,Premier League,2013-14
Sat Dec 28 2013,West Ham United FC,West Bromwich Albion FC,3,3,Premier League,2013-14
Sat Dec 28 2013,Aston Villa FC,Swansea City FC,1,1,Premier League,2013-14
Sat Dec 28 2013,Hull City AFC,Fulham FC,6,0,Premier League,2013-14
Sat Dec 28 2013,Cardiff City FC,Sunderland AFC,2,2,Premier League,2013-14
Sat Dec 28 2013,Norwich City FC,Manchester United FC,0,1,Premier League,2013-14
Sat Dec 28 2013,Manchester City FC,Crystal Palace FC,1,0,Premier League,2013-14
Sun Dec 29 2013,Everton FC,Southampton FC,2,1,Premier League,2013-14
Sun Dec 29 2013,Tottenham Hotspur FC,Stoke City FC,3,0,Premier League,2013-14
Sun Dec 29 2013,Newcastle United FC,Arsenal FC,0,1,Premier League,2013-14
Sun Dec 29 2013,Chelsea FC,Liverpool FC,2,1,Premier League,2013-14
Wed Jan 1 2014,Crystal Palace FC,Norwich City FC,1,1,Premier League,2013-14
Wed Jan 1 2014,Southampton FC,Chelsea FC,0,3,Premier League,2013-14
Wed Jan 1 2014,West Bromwich Albion FC,Newcastle United FC,1,0,Premier League,2013-14
Wed Jan 1 2014,Liverpool FC,Hull City AFC,2,0,Premier League,2013-14
Wed Jan 1 2014,Swansea City FC,Manchester City FC,2,3,Premier League,2013-14
Wed Jan 1 2014,Sunderland AFC,Aston Villa FC,0,1,Premier League,2013-14
Wed Jan 1 2014,Arsenal FC,Cardiff City FC,2,0,Premier League,2013-14
Wed Jan 1 2014,Fulham FC,West Ham United FC,2,1,Premier League,2013-14
Wed Jan 1 2014,Stoke City FC,Everton FC,1,1,Premier League,2013-14
Wed Jan 1 2014,Manchester United FC,Tottenham Hotspur FC,1,2,Premier League,2013-14
Sat Jan 11 2014,Fulham FC,Sunderland AFC,1,4,Premier League,2013-14
Sat Jan 11 2014,Hull City AFC,Chelsea FC,0,2,Premier League,2013-14
Sat Jan 11 2014,Tottenham Hotspur FC,Crystal Palace FC,2,0,Premier League,2013-14
Sat Jan 11 2014,Southampton FC,West Bromwich Albion FC,1,0,Premier League,2013-14
Sat Jan 11 2014,Everton FC,Norwich City FC,2,0,Premier League,2013-14
Sat Jan 11 2014,Cardiff City FC,West Ham United FC,0,2,Premier League,2013-14
Sat Jan 11 2014,Manchester United FC,Swansea City FC,2,0,Premier League,2013-14
Sun Jan 12 2014,Newcastle United FC,Manchester City FC,0,2,Premier League,2013-14
Sun Jan 12 2014,Stoke City FC,Liverpool FC,3,5,Premier League,2013-14
Mon Jan 13 2014,Aston Villa FC,Arsenal FC,1,2,Premier League,2013-14
Sat Jan 18 2014,West Ham United FC,Newcastle United FC,1,3,Premier League,2013-14
Sat Jan 18 2014,Arsenal FC,Fulham FC,2,0,Premier League,2013-14
Sat Jan 18 2014,Crystal Palace FC,Stoke City FC,1,0,Premier League,2013-14
Sat Jan 18 2014,Sunderland AFC,Southampton FC,2,2,Premier League,2013-14
Sat Jan 18 2014,Manchester City FC,Cardiff City FC,4,2,Premier League,2013-14
Sat Jan 18 2014,Liverpool FC,Aston Villa FC,2,2,Premier League,2013-14
Sat Jan 18 2014,Norwich City FC,Hull City AFC,1,0,Premier League,2013-14
Sun Jan 19 2014,Chelsea FC,Manchester United FC,3,1,Premier League,2013-14
Sun Jan 19 2014,Swansea City FC,Tottenham Hotspur FC,1,3,Premier League,2013-14
Mon Jan 20 2014,West Bromwich Albion FC,Everton FC,1,1,Premier League,2013-14
Tue Jan 28 2014,Liverpool FC,Everton FC,4,0,Premier League,2013-14
Tue Jan 28 2014,Norwich City FC,Newcastle United FC,0,0,Premier League,2013-14
Tue Jan 28 2014,Manchester United FC,Cardiff City FC,2,0,Premier League,2013-14
Tue Jan 28 2014,Crystal Palace FC,Hull City AFC,1,0,Premier League,2013-14
Tue Jan 28 2014,Southampton FC,Arsenal FC,2,2,Premier League,2013-14
Tue Jan 28 2014,Swansea City FC,Fulham FC,2,0,Premier League,2013-14
Wed Jan 29 2014,Sunderland AFC,Stoke City FC,1,0,Premier League,2013-14
Wed Jan 29 2014,Chelsea FC,West Ham United FC,0,0,Premier League,2013-14
Wed Jan 29 2014,Tottenham Hotspur FC,Manchester City FC,1,5,Premier League,2013-14
Wed Jan 29 2014,Aston Villa FC,West Bromwich Albion FC,4,3,Premier League,2013-14
Sat Feb 1 2014,Stoke City FC,Manchester United FC,2,1,Premier League,2013-14
Sat Feb 1 2014,West Ham United FC,Swansea City FC,2,0,Premier League,2013-14
Sat Feb 1 2014,Cardiff City FC,Norwich City FC,2,1,Premier League,2013-14
Sat Feb 1 2014,Everton FC,Aston Villa FC,2,1,Premier League,2013-14
Sat Feb 1 2014,Fulham FC,Southampton FC,0,3,Premier League,2013-14
Sat Feb 1 2014,Hull City AFC,Tottenham Hotspur FC,1,1,Premier League,2013-14
Sat Feb 1 2014,Newcastle United FC,Sunderland AFC,0,3,Premier League,2013-14
Sun Feb 2 2014,West Bromwich Albion FC,Liverpool FC,1,1,Premier League,2013-14
Sun Feb 2 2014,Arsenal FC,Crystal Palace FC,2,0,Premier League,2013-14
Mon Feb 3 2014,Manchester City FC,Chelsea FC,0,1,Premier League,2013-14
Sat Feb 8 2014,Norwich City FC,Manchester City FC,0,0,Premier League,2013-14
Sat Feb 8 2014,Liverpool FC,Arsenal FC,5,1,Premier League,2013-14
Sat Feb 8 2014,Swansea City FC,Cardiff City FC,3,0,Premier League,2013-14
Sat Feb 8 2014,Aston Villa FC,West Ham United FC,0,2,Premier League,2013-14
Sat Feb 8 2014,Southampton FC,Stoke City FC,2,2,Premier League,2013-14
Sat Feb 8 2014,Sunderland AFC,Hull City AFC,0,2,Premier League,2013-14
Sat Feb 8 2014,Crystal Palace FC,West Bromwich Albion FC,3,1,Premier League,2013-14
Sat Feb 8 2014,Chelsea FC,Newcastle United FC,3,0,Premier League,2013-14
Sun Feb 9 2014,Manchester United FC,Fulham FC,2,2,Premier League,2013-14
Sun Feb 9 2014,Tottenham Hotspur FC,Everton FC,1,0,Premier League,2013-14
Tue Feb 11 2014,West Ham United FC,Norwich City FC,2,0,Premier League,2013-14
Tue Feb 11 2014,West Bromwich Albion FC,Chelsea FC,1,1,Premier League,2013-14
Tue Feb 11 2014,Cardiff City FC,Aston Villa FC,0,0,Premier League,2013-14
Tue Feb 11 2014,Hull City AFC,Southampton FC,0,1,Premier League,2013-14
Wed Feb 12 2014,Stoke City FC,Swansea City FC,1,1,Premier League,2013-14
Wed Feb 12 2014,Fulham FC,Liverpool FC,2,3,Premier League,2013-14
Wed Feb 12 2014,Newcastle United FC,Tottenham Hotspur FC,0,4,Premier League,2013-14
Wed Feb 12 2014,Arsenal FC,Manchester United FC,0,0,Premier League,2013-14
Sat Feb 22 2014,Chelsea FC,Everton FC,1,0,Premier League,2013-14
Sat Feb 22 2014,Cardiff City FC,Hull City AFC,0,4,Premier League,2013-14
Sat Feb 22 2014,Manchester City FC,Stoke City FC,1,0,Premier League,2013-14
Sat Feb 22 2014,West Ham United FC,Southampton FC,3,1,Premier League,2013-14
Sat Feb 22 2014,Crystal Palace FC,Manchester United FC,0,2,Premier League,2013-14
Sat Feb 22 2014,Arsenal FC,Sunderland AFC,4,1,Premier League,2013-14
Sat Feb 22 2014,West Bromwich Albion FC,Fulham FC,1,1,Premier League,2013-14
Sun Feb 23 2014,Newcastle United FC,Aston Villa FC,1,0,Premier League,2013-14
Sun Feb 23 2014,Liverpool FC,Swansea City FC,4,3,Premier League,2013-14
Sun Feb 23 2014,Norwich City FC,Tottenham Hotspur FC,1,0,Premier League,2013-14
Sat Mar 1 2014,Hull City AFC,Newcastle United FC,1,4,Premier League,2013-14
Sat Mar 1 2014,Everton FC,West Ham United FC,1,0,Premier League,2013-14
Sat Mar 1 2014,Stoke City FC,Arsenal FC,1,0,Premier League,2013-14
Sat Mar 1 2014,Fulham FC,Chelsea FC,1,3,Premier League,2013-14
Sat Mar 1 2014,Southampton FC,Liverpool FC,0,3,Premier League,2013-14
Sun Mar 2 2014,Tottenham Hotspur FC,Cardiff City FC,1,0,Premier League,2013-14
Sun Mar 2 2014,Aston Villa FC,Norwich City FC,4,1,Premier League,2013-14
Sun Mar 2 2014,Swansea City FC,Crystal Palace FC,1,1,Premier League,2013-14
Sat Mar 8 2014,Cardiff City FC,Fulham FC,3,1,Premier League,2013-14
Sat Mar 8 2014,West Bromwich Albion FC,Manchester United FC,0,3,Premier League,2013-14
Sat Mar 8 2014,Crystal Palace FC,Southampton FC,0,1,Premier League,2013-14
Sat Mar 8 2014,Chelsea FC,Tottenham Hotspur FC,4,0,Premier League,2013-14
Sat Mar 8 2014,Norwich City FC,Stoke City FC,1,1,Premier League,2013-14
Sat Mar 15 2014,Fulham FC,Newcastle United FC,1,0,Premier League,2013-14
Sat Mar 15 2014,Hull City AFC,Manchester City FC,0,2,Premier League,2013-14
Sat Mar 15 2014,Southampton FC,Norwich City FC,4,2,Premier League,2013-14
Sat Mar 15 2014,Everton FC,Cardiff City FC,2,1,Premier League,2013-14
Sat Mar 15 2014,Sunderland AFC,Crystal Palace FC,0,0,Premier League,2013-14
Sat Mar 15 2014,Aston Villa FC,Chelsea FC,1,0,Premier League,2013-14
Sat Mar 15 2014,Swansea City FC,West Bromwich Albion FC,1,2,Premier League,2013-14
Sat Mar 15 2014,Stoke City FC,West Ham United FC,3,1,Premier League,2013-14
Sun Mar 16 2014,Tottenham Hotspur FC,Arsenal FC,0,1,Premier League,2013-14
Sun Mar 16 2014,Manchester United FC,Liverpool FC,0,3,Premier League,2013-14
Sat Mar 22 2014,Cardiff City FC,Liverpool FC,3,6,Premier League,2013-14
Sat Mar 22 2014,Norwich City FC,Sunderland AFC,2,0,Premier League,2013-14
Sat Mar 22 2014,Chelsea FC,Arsenal FC,6,0,Premier League,2013-14
Sat Mar 22 2014,Newcastle United FC,Crystal Palace FC,1,0,Premier League,2013-14
Sat Mar 22 2014,West Ham United FC,Manchester United FC,0,2,Premier League,2013-14
Sat Mar 22 2014,Manchester City FC,Fulham FC,5,0,Premier League,2013-14
Sat Mar 22 2014,Hull City AFC,West Bromwich Albion FC,2,0,Premier League,2013-14
Sat Mar 22 2014,Everton FC,Swansea City FC,3,2,Premier League,2013-14
Sun Mar 23 2014,Aston Villa FC,Stoke City FC,1,4,Premier League,2013-14
Sun Mar 23 2014,Tottenham Hotspur FC,Southampton FC,3,2,Premier League,2013-14
Tue Mar 25 2014,Manchester United FC,Manchester City FC,0,3,Premier League,2013-14
Tue Mar 25 2014,Newcastle United FC,Everton FC,0,3,Premier League,2013-14
Tue Mar 25 2014,Arsenal FC,Swansea City FC,2,2,Premier League,2013-14
Wed Mar 26 2014,Liverpool FC,Sunderland AFC,2,1,Premier League,2013-14
Wed Mar 26 2014,West Ham United FC,Hull City AFC,2,1,Premier League,2013-14
Sat Mar 29 2014,Arsenal FC,Manchester City FC,1,1,Premier League,2013-14
Sat Mar 29 2014,Manchester United FC,Aston Villa FC,4,1,Premier League,2013-14
Sat Mar 29 2014,Swansea City FC,Norwich City FC,3,0,Premier League,2013-14
Sat Mar 29 2014,Stoke City FC,Hull City AFC,1,0,Premier League,2013-14
Sat Mar 29 2014,West Bromwich Albion FC,Cardiff City FC,3,3,Premier League,2013-14
Sat Mar 29 2014,Southampton FC,Newcastle United FC,4,0,Premier League,2013-14
Sat Mar 29 2014,Crystal Palace FC,Chelsea FC,1,0,Premier League,2013-14
Sun Mar 30 2014,Liverpool FC,Tottenham Hotspur FC,4,0,Premier League,2013-14
Sun Mar 30 2014,Fulham FC,Everton FC,1,3,Premier League,2013-14
Mon Mar 31 2014,Sunderland AFC,West Ham United FC,1,2,Premier League,2013-14
Sat Apr 5 2014,Cardiff City FC,Crystal Palace FC,0,3,Premier League,2013-14
Sat Apr 5 2014,Norwich City FC,West Bromwich Albion FC,0,1,Premier League,2013-14
Sat Apr 5 2014,Manchester City FC,Southampton FC,4,1,Premier League,2013-14
Sat Apr 5 2014,Aston Villa FC,Fulham FC,1,2,Premier League,2013-14
Sat Apr 5 2014,Newcastle United FC,Manchester United FC,0,4,Premier League,2013-14
Sat Apr 5 2014,Chelsea FC,Stoke City FC,3,0,Premier League,2013-14
Sat Apr 5 2014,Hull City AFC,Swansea City FC,1,0,Premier League,2013-14
Sun Apr 6 2014,Everton FC,Arsenal FC,3,0,Premier League,2013-14
Sun Apr 6 2014,West Ham United FC,Liverpool FC,1,2,Premier League,2013-14
Mon Apr 7 2014,Tottenham Hotspur FC,Sunderland AFC,5,1,Premier League,2013-14
Sat Apr 12 2014,Fulham FC,Norwich City FC,1,0,Premier League,2013-14
Sat Apr 12 2014,Crystal Palace FC,Aston Villa FC,1,0,Premier League,2013-14
Sat Apr 12 2014,Southampton FC,Cardiff City FC,0,1,Premier League,2013-14
Sat Apr 12 2014,Stoke City FC,Newcastle United FC,1,0,Premier League,2013-14
Sat Apr 12 2014,West Bromwich Albion FC,Tottenham Hotspur FC,3,3,Premier League,2013-14
Sat Apr 12 2014,Sunderland AFC,Everton FC,0,1,Premier League,2013-14
Sun Apr 13 2014,Liverpool FC,Manchester City FC,3,2,Premier League,2013-14
Sun Apr 13 2014,Swansea City FC,Chelsea FC,0,1,Premier League,2013-14
Tue Apr 15 2014,Arsenal FC,West Ham United FC,3,1,Premier League,2013-14
Wed Apr 16 2014,Manchester City FC,Sunderland AFC,2,2,Premier League,2013-14
Wed Apr 16 2014,Everton FC,Crystal Palace FC,2,3,Premier League,2013-14
Sat Apr 19 2014,Tottenham Hotspur FC,Fulham FC,3,1,Premier League,2013-14
Sat Apr 19 2014,Chelsea FC,Sunderland AFC,1,2,Premier League,2013-14
Sat Apr 19 2014,Newcastle United FC,Swansea City FC,1,2,Premier League,2013-14
Sat Apr 19 2014,West Ham United FC,Crystal Palace FC,0,1,Premier League,2013-14
Sat Apr 19 2014,Aston Villa FC,Southampton FC,0,0,Premier League,2013-14
Sat Apr 19 2014,Cardiff City FC,Stoke City FC,1,1,Premier League,2013-14
Sun Apr 20 2014,Everton FC,Manchester United FC,2,0,Premier League,2013-14
Sun Apr 20 2014,Norwich City FC,Liverpool FC,2,3,Premier League,2013-14
Sun Apr 20 2014,Hull City AFC,Arsenal FC,0,3,Premier League,2013-14
Mon Apr 21 2014,Manchester City FC,West Bromwich Albion FC,3,1,Premier League,2013-14
Sat Apr 26 2014,West Bromwich Albion FC,West Ham United FC,1,0,Premier League,2013-14
Sat Apr 26 2014,Stoke City FC,Tottenham Hotspur FC,0,1,Premier League,2013-14
Sat Apr 26 2014,Swansea City FC,Aston Villa FC,4,1,Premier League,2013-14
Sat Apr 26 2014,Southampton FC,Everton FC,2,0,Premier League,2013-14
Sat Apr 26 2014,Manchester United FC,Norwich City FC,4,0,Premier League,2013-14
Sat Apr 26 2014,Fulham FC,Hull City AFC,2,2,Premier League,2013-14
Sun Apr 27 2014,Sunderland AFC,Cardiff City FC,4,0,Premier League,2013-14
Sun Apr 27 2014,Crystal Palace FC,Manchester City FC,0,2,Premier League,2013-14
Sun Apr 27 2014,Liverpool FC,Chelsea FC,0,2,Premier League,2013-14
Mon Apr 28 2014,Arsenal FC,Newcastle United FC,3,0,Premier League,2013-14
Sat May 3 2014,Stoke City FC,Fulham FC,4,1,Premier League,2013-14
Sat May 3 2014,Newcastle United FC,Cardiff City FC,3,0,Premier League,2013-14
Sat May 3 2014,Swansea City FC,Southampton FC,0,1,Premier League,2013-14
Sat May 3 2014,Everton FC,Manchester City FC,2,3,Premier League,2013-14
Sat May 3 2014,West Ham United FC,Tottenham Hotspur FC,2,0,Premier League,2013-14
Sat May 3 2014,Manchester United FC,Sunderland AFC,0,1,Premier League,2013-14
Sat May 3 2014,Aston Villa FC,Hull City AFC,3,1,Premier League,2013-14
Sun May 4 2014,Arsenal FC,West Bromwich Albion FC,1,0,Premier League,2013-14
Sun May 4 2014,Chelsea FC,Norwich City FC,0,0,Premier League,2013-14
Mon May 5 2014,Crystal Palace FC,Liverpool FC,3,3,Premier League,2013-14
Tue May 6 2014,Manchester United FC,Hull City AFC,3,1,Premier League,2013-14
Wed May 7 2014,Sunderland AFC,West Bromwich Albion FC,2,0,Premier League,2013-14
Wed May 7 2014,Manchester City FC,Aston Villa FC,4,0,Premier League,2013-14
Sun May 11 2014,Hull City AFC,Everton FC,0,2,Premier League,2013-14
Sun May 11 2014,Tottenham Hotspur FC,Aston Villa FC,3,0,Premier League,2013-14
Sun May 11 2014,Manchester City FC,West Ham United FC,2,0,Premier League,2013-14
Sun May 11 2014,Norwich City FC,Arsenal FC,0,2,Premier League,2013-14
Sun May 11 2014,Cardiff City FC,Chelsea FC,1,2,Premier League,2013-14
Sun May 11 2014,Liverpool FC,Newcastle United FC,2,1,Premier League,2013-14
Sun May 11 2014,West Bromwich Albion FC,Stoke City FC,1,2,Premier League,2013-14
Sun May 11 2014,Sunderland AFC,Swansea City FC,1,3,Premier League,2013-14
Sun May 11 2014,Southampton FC,Manchester United FC,1,1,Premier League,2013-14
Sun May 11 2014,Fulham FC,Crystal Palace FC,2,2,Premier League,2013-14
Sat Aug 16 2014,Manchester United FC,Swansea City FC,1,2,Premier League,2014-15
Sat Aug 16 2014,West Bromwich Albion FC,Sunderland AFC,2,2,Premier League,2014-15
Sat Aug 16 2014,Leicester City FC,Everton FC,2,2,Premier League,2014-15
Sat Aug 16 2014,Stoke City FC,Aston Villa FC,0,1,Premier League,2014-15
Sat Aug 16 2014,Queens Park Rangers FC,Hull City AFC,0,1,Premier League,2014-15
Sat Aug 16 2014,West Ham United FC,Tottenham Hotspur FC,0,1,Premier League,2014-15
Sat Aug 16 2014,Arsenal FC,Crystal Palace FC,2,1,Premier League,2014-15
Sun Aug 17 2014,Liverpool FC,Southampton FC,2,1,Premier League,2014-15
Sun Aug 17 2014,Newcastle United FC,Manchester City FC,0,2,Premier League,2014-15
Mon Aug 18 2014,Burnley FC,Chelsea FC,1,3,Premier League,2014-15
Sat Aug 23 2014,Aston Villa FC,Newcastle United FC,0,0,Premier League,2014-15
Sat Aug 23 2014,Crystal Palace FC,West Ham United FC,1,3,Premier League,2014-15
Sat Aug 23 2014,Swansea City FC,Burnley FC,1,0,Premier League,2014-15
Sat Aug 23 2014,Chelsea FC,Leicester City FC,2,0,Premier League,2014-15
Sat Aug 23 2014,Southampton FC,West Bromwich Albion FC,0,0,Premier League,2014-15
Sat Aug 23 2014,Everton FC,Arsenal FC,2,2,Premier League,2014-15
Sun Aug 24 2014,Tottenham Hotspur FC,Queens Park Rangers FC,4,0,Premier League,2014-15
Sun Aug 24 2014,Hull City AFC,Stoke City FC,1,1,Premier League,2014-15
Sun Aug 24 2014,Sunderland AFC,Manchester United FC,1,1,Premier League,2014-15
Mon Aug 25 2014,Manchester City FC,Liverpool FC,3,1,Premier League,2014-15
Sat Aug 30 2014,Burnley FC,Manchester United FC,0,0,Premier League,2014-15
Sat Aug 30 2014,Queens Park Rangers FC,Sunderland AFC,1,0,Premier League,2014-15
Sat Aug 30 2014,Swansea City FC,West Bromwich Albion FC,3,0,Premier League,2014-15
Sat Aug 30 2014,Manchester City FC,Stoke City FC,0,1,Premier League,2014-15
Sat Aug 30 2014,Newcastle United FC,Crystal Palace FC,3,3,Premier League,2014-15
Sat Aug 30 2014,West Ham United FC,Southampton FC,1,3,Premier League,2014-15
Sat Aug 30 2014,Everton FC,Chelsea FC,3,6,Premier League,2014-15
Sun Aug 31 2014,Tottenham Hotspur FC,Liverpool FC,0,3,Premier League,2014-15
Sun Aug 31 2014,Aston Villa FC,Hull City AFC,2,1,Premier League,2014-15
Sun Aug 31 2014,Leicester City FC,Arsenal FC,1,1,Premier League,2014-15
Sat Sep 13 2014,Arsenal FC,Manchester City FC,2,2,Premier League,2014-15
Sat Sep 13 2014,Sunderland AFC,Tottenham Hotspur FC,2,2,Premier League,2014-15
Sat Sep 13 2014,Southampton FC,Newcastle United FC,4,0,Premier League,2014-15
Sat Sep 13 2014,Stoke City FC,Leicester City FC,0,1,Premier League,2014-15
Sat Sep 13 2014,Chelsea FC,Swansea City FC,4,2,Premier League,2014-15
Sat Sep 13 2014,West Bromwich Albion FC,Everton FC,0,2,Premier League,2014-15
Sat Sep 13 2014,Crystal Palace FC,Burnley FC,0,0,Premier League,2014-15
Sat Sep 13 2014,Liverpool FC,Aston Villa FC,0,1,Premier League,2014-15
Sun Sep 14 2014,Manchester United FC,Queens Park Rangers FC,4,0,Premier League,2014-15
Mon Sep 15 2014,Hull City AFC,West Ham United FC,2,2,Premier League,2014-15
Sat Sep 20 2014,Queens Park Rangers FC,Stoke City FC,2,2,Premier League,2014-15
Sat Sep 20 2014,Swansea City FC,Southampton FC,0,1,Premier League,2014-15
Sat Sep 20 2014,Burnley FC,Sunderland AFC,0,0,Premier League,2014-15
Sat Sep 20 2014,Aston Villa FC,Arsenal FC,0,3,Premier League,2014-15
Sat Sep 20 2014,Newcastle United FC,Hull City AFC,2,2,Premier League,2014-15
Sat Sep 20 2014,West Ham United FC,Liverpool FC,3,1,Premier League,2014-15
Sun Sep 21 2014,Leicester City FC,Manchester United FC,5,3,Premier League,2014-15
Sun Sep 21 2014,Tottenham Hotspur FC,West Bromwich Albion FC,0,1,Premier League,2014-15
Sun Sep 21 2014,Manchester City FC,Chelsea FC,1,1,Premier League,2014-15
Sun Sep 21 2014,Everton FC,Crystal Palace FC,2,3,Premier League,2014-15
Sat Sep 27 2014,Liverpool FC,Everton FC,1,1,Premier League,2014-15
Sat Sep 27 2014,Hull City AFC,Manchester City FC,2,4,Premier League,2014-15
Sat Sep 27 2014,Southampton FC,Queens Park Rangers FC,2,1,Premier League,2014-15
Sat Sep 27 2014,Chelsea FC,Aston Villa FC,3,0,Premier League,2014-15
Sat Sep 27 2014,Crystal Palace FC,Leicester City FC,2,0,Premier League,2014-15
Sat Sep 27 2014,Sunderland AFC,Swansea City FC,0,0,Premier League,2014-15
Sat Sep 27 2014,Manchester United FC,West Ham United FC,2,1,Premier League,2014-15
Sat Sep 27 2014,Arsenal FC,Tottenham Hotspur FC,1,1,Premier League,2014-15
Sun Sep 28 2014,West Bromwich Albion FC,Burnley FC,4,0,Premier League,2014-15
Mon Sep 29 2014,Stoke City FC,Newcastle United FC,1,0,Premier League,2014-15
Sat Oct 4 2014,Hull City AFC,Crystal Palace FC,2,0,Premier League,2014-15
Sat Oct 4 2014,Swansea City FC,Newcastle United FC,2,2,Premier League,2014-15
Sat Oct 4 2014,Liverpool FC,West Bromwich Albion FC,2,1,Premier League,2014-15
Sat Oct 4 2014,Sunderland AFC,Stoke City FC,3,1,Premier League,2014-15
Sat Oct 4 2014,Leicester City FC,Burnley FC,2,2,Premier League,2014-15
Sat Oct 4 2014,Aston Villa FC,Manchester City FC,0,2,Premier League,2014-15
Sun Oct 5 2014,Manchester United FC,Everton FC,2,1,Premier League,2014-15
Sun Oct 5 2014,Tottenham Hotspur FC,Southampton FC,1,0,Premier League,2014-15
Sun Oct 5 2014,Chelsea FC,Arsenal FC,2,0,Premier League,2014-15
Sun Oct 5 2014,West Ham United FC,Queens Park Rangers FC,2,0,Premier League,2014-15
Sat Oct 18 2014,Manchester City FC,Tottenham Hotspur FC,4,1,Premier League,2014-15
Sat Oct 18 2014,Arsenal FC,Hull City AFC,2,2,Premier League,2014-15
Sat Oct 18 2014,Burnley FC,West Ham United FC,1,3,Premier League,2014-15
Sat Oct 18 2014,Everton FC,Aston Villa FC,3,0,Premier League,2014-15
Sat Oct 18 2014,Crystal Palace FC,Chelsea FC,1,2,Premier League,2014-15
Sat Oct 18 2014,Southampton FC,Sunderland AFC,8,0,Premier League,2014-15
Sat Oct 18 2014,Newcastle United FC,Leicester City FC,1,0,Premier League,2014-15
Sun Oct 19 2014,Queens Park Rangers FC,Liverpool FC,2,3,Premier League,2014-15
Sun Oct 19 2014,Stoke City FC,Swansea City FC,2,1,Premier League,2014-15
Mon Oct 20 2014,West Bromwich Albion FC,Manchester United FC,2,2,Premier League,2014-15
Sat Oct 25 2014,West Ham United FC,Manchester City FC,2,1,Premier League,2014-15
Sat Oct 25 2014,Southampton FC,Stoke City FC,1,0,Premier League,2014-15
Sat Oct 25 2014,Liverpool FC,Hull City AFC,0,0,Premier League,2014-15
Sat Oct 25 2014,Sunderland AFC,Arsenal FC,0,2,Premier League,2014-15
Sat Oct 25 2014,West Bromwich Albion FC,Crystal Palace FC,2,2,Premier League,2014-15
Sat Oct 25 2014,Swansea City FC,Leicester City FC,2,0,Premier League,2014-15
Sun Oct 26 2014,Burnley FC,Everton FC,1,3,Premier League,2014-15
Sun Oct 26 2014,Tottenham Hotspur FC,Newcastle United FC,1,2,Premier League,2014-15
Sun Oct 26 2014,Manchester United FC,Chelsea FC,1,1,Premier League,2014-15
Mon Oct 27 2014,Queens Park Rangers FC,Aston Villa FC,2,0,Premier League,2014-15
Sat Nov 1 2014,Newcastle United FC,Liverpool FC,1,0,Premier League,2014-15
Sat Nov 1 2014,Leicester City FC,West Bromwich Albion FC,0,1,Premier League,2014-15
Sat Nov 1 2014,Everton FC,Swansea City FC,0,0,Premier League,2014-15
Sat Nov 1 2014,Chelsea FC,Queens Park Rangers FC,2,1,Premier League,2014-15
Sat Nov 1 2014,Arsenal FC,Burnley FC,3,0,Premier League,2014-15
Sat Nov 1 2014,Hull City AFC,Southampton FC,0,1,Premier League,2014-15
Sat Nov 1 2014,Stoke City FC,West Ham United FC,2,2,Premier League,2014-15
Sun Nov 2 2014,Manchester City FC,Manchester United FC,1,0,Premier League,2014-15
Sun Nov 2 2014,Aston Villa FC,Tottenham Hotspur FC,1,2,Premier League,2014-15
Mon Nov 3 2014,Crystal Palace FC,Sunderland AFC,1,3,Premier League,2014-15
Sat Nov 8 2014,Liverpool FC,Chelsea FC,1,2,Premier League,2014-15
Sat Nov 8 2014,Southampton FC,Leicester City FC,2,0,Premier League,2014-15
Sat Nov 8 2014,Manchester United FC,Crystal Palace FC,1,0,Premier League,2014-15
Sat Nov 8 2014,West Ham United FC,Aston Villa FC,0,0,Premier League,2014-15
Sat Nov 8 2014,Burnley FC,Hull City AFC,1,0,Premier League,2014-15
Sat Nov 8 2014,Queens Park Rangers FC,Manchester City FC,2,2,Premier League,2014-15
Sun Nov 9 2014,Sunderland AFC,Everton FC,1,1,Premier League,2014-15
Sun Nov 9 2014,Tottenham Hotspur FC,Stoke City FC,1,2,Premier League,2014-15
Sun Nov 9 2014,West Bromwich Albion FC,Newcastle United FC,0,2,Premier League,2014-15
Sun Nov 9 2014,Swansea City FC,Arsenal FC,2,1,Premier League,2014-15
Sat Nov 22 2014,Manchester City FC,Swansea City FC,2,1,Premier League,2014-15
Sat Nov 22 2014,Everton FC,West Ham United FC,2,1,Premier League,2014-15
Sat Nov 22 2014,Stoke City FC,Burnley FC,1,2,Premier League,2014-15
Sat Nov 22 2014,Leicester City FC,Sunderland AFC,0,0,Premier League,2014-15
Sat Nov 22 2014,Newcastle United FC,Queens Park Rangers FC,1,0,Premier League,2014-15
Sat Nov 22 2014,Chelsea FC,West Bromwich Albion FC,2,0,Premier League,2014-15
Sat Nov 22 2014,Arsenal FC,Manchester United FC,1,2,Premier League,2014-15
Sun Nov 23 2014,Crystal Palace FC,Liverpool FC,3,1,Premier League,2014-15
Sun Nov 23 2014,Hull City AFC,Tottenham Hotspur FC,1,2,Premier League,2014-15
Mon Nov 24 2014,Aston Villa FC,Southampton FC,1,1,Premier League,2014-15
Sat Nov 29 2014,West Bromwich Albion FC,Arsenal FC,0,1,Premier League,2014-15
Sat Nov 29 2014,Liverpool FC,Stoke City FC,1,0,Premier League,2014-15
Sat Nov 29 2014,Burnley FC,Aston Villa FC,1,1,Premier League,2014-15
Sat Nov 29 2014,Swansea City FC,Crystal Palace FC,1,1,Premier League,2014-15
Sat Nov 29 2014,Manchester United FC,Hull City AFC,3,0,Premier League,2014-15
Sat Nov 29 2014,Queens Park Rangers FC,Leicester City FC,3,2,Premier League,2014-15
Sat Nov 29 2014,West Ham United FC,Newcastle United FC,1,0,Premier League,2014-15
Sat Nov 29 2014,Sunderland AFC,Chelsea FC,0,0,Premier League,2014-15
Sun Nov 30 2014,Southampton FC,Manchester City FC,0,3,Premier League,2014-15
Sun Nov 30 2014,Tottenham Hotspur FC,Everton FC,2,1,Premier League,2014-15
Tue Dec 2 2014,Leicester City FC,Liverpool FC,1,3,Premier League,2014-15
Tue Dec 2 2014,Burnley FC,Newcastle United FC,1,1,Premier League,2014-15
Tue Dec 2 2014,Manchester United FC,Stoke City FC,2,1,Premier League,2014-15
Tue Dec 2 2014,Swansea City FC,Queens Park Rangers FC,2,0,Premier League,2014-15
Tue Dec 2 2014,West Bromwich Albion FC,West Ham United FC,1,2,Premier League,2014-15
Tue Dec 2 2014,Crystal Palace FC,Aston Villa FC,0,1,Premier League,2014-15
Wed Dec 3 2014,Everton FC,Hull City AFC,1,1,Premier League,2014-15
Wed Dec 3 2014,Sunderland AFC,Manchester City FC,1,4,Premier League,2014-15
Wed Dec 3 2014,Chelsea FC,Tottenham Hotspur FC,3,0,Premier League,2014-15
Wed Dec 3 2014,Arsenal FC,Southampton FC,1,0,Premier League,2014-15
Sat Dec 6 2014,Newcastle United FC,Chelsea FC,2,1,Premier League,2014-15
Sat Dec 6 2014,Hull City AFC,West Bromwich Albion FC,0,0,Premier League,2014-15
Sat Dec 6 2014,Tottenham Hotspur FC,Crystal Palace FC,0,0,Premier League,2014-15
Sat Dec 6 2014,Liverpool FC,Sunderland AFC,0,0,Premier League,2014-15
Sat Dec 6 2014,Stoke City FC,Arsenal FC,3,2,Premier League,2014-15
Sat Dec 6 2014,Queens Park Rangers FC,Burnley FC,2,0,Premier League,2014-15
Sat Dec 6 2014,Manchester City FC,Everton FC,1,0,Premier League,2014-15
Sun Dec 7 2014,West Ham United FC,Swansea City FC,3,1,Premier League,2014-15
Sun Dec 7 2014,Aston Villa FC,Leicester City FC,2,1,Premier League,2014-15
Mon Dec 8 2014,Southampton FC,Manchester United FC,1,2,Premier League,2014-15
Sat Dec 13 2014,Burnley FC,Southampton FC,1,0,Premier League,2014-15
Sat Dec 13 2014,West Bromwich Albion FC,Aston Villa FC,1,0,Premier League,2014-15
Sat Dec 13 2014,Chelsea FC,Hull City AFC,2,0,Premier League,2014-15
Sat Dec 13 2014,Leicester City FC,Manchester City FC,0,1,Premier League,2014-15
Sat Dec 13 2014,Crystal Palace FC,Stoke City FC,1,1,Premier League,2014-15
Sat Dec 13 2014,Sunderland AFC,West Ham United FC,1,1,Premier League,2014-15
Sat Dec 13 2014,Arsenal FC,Newcastle United FC,4,1,Premier League,2014-15
Sun Dec 14 2014,Manchester United FC,Liverpool FC,3,0,Premier League,2014-15
Sun Dec 14 2014,Swansea City FC,Tottenham Hotspur FC,1,2,Premier League,2014-15
Mon Dec 15 2014,Everton FC,Queens Park Rangers FC,3,1,Premier League,2014-15
Sat Dec 20 2014,Manchester City FC,Crystal Palace FC,3,0,Premier League,2014-15
Sat Dec 20 2014,Aston Villa FC,Manchester United FC,1,1,Premier League,2014-15
Sat Dec 20 2014,Southampton FC,Everton FC,3,0,Premier League,2014-15
Sat Dec 20 2014,Hull City AFC,Swansea City FC,0,1,Premier League,2014-15
Sat Dec 20 2014,West Ham United FC,Leicester City FC,2,0,Premier League,2014-15
Sat Dec 20 2014,Queens Park Rangers FC,West Bromwich Albion FC,3,2,Premier League,2014-15
Sat Dec 20 2014,Tottenham Hotspur FC,Burnley FC,2,1,Premier League,2014-15
Sun Dec 21 2014,Newcastle United FC,Sunderland AFC,0,1,Premier League,2014-15
Sun Dec 21 2014,Liverpool FC,Arsenal FC,2,2,Premier League,2014-15
Mon Dec 22 2014,Stoke City FC,Chelsea FC,0,2,Premier League,2014-15
Fri Dec 26 2014,Chelsea FC,West Ham United FC,2,0,Premier League,2014-15
Fri Dec 26 2014,Burnley FC,Liverpool FC,0,1,Premier League,2014-15
Fri Dec 26 2014,Leicester City FC,Tottenham Hotspur FC,1,2,Premier League,2014-15
Fri Dec 26 2014,Manchester United FC,Newcastle United FC,3,1,Premier League,2014-15
Fri Dec 26 2014,Swansea City FC,Aston Villa FC,1,0,Premier League,2014-15
Fri Dec 26 2014,West Bromwich Albion FC,Manchester City FC,1,3,Premier League,2014-15
Fri Dec 26 2014,Crystal Palace FC,Southampton FC,1,3,Premier League,2014-15
Fri Dec 26 2014,Everton FC,Stoke City FC,0,1,Premier League,2014-15
Fri Dec 26 2014,Sunderland AFC,Hull City AFC,1,3,Premier League,2014-15
Fri Dec 26 2014,Arsenal FC,Queens Park Rangers FC,2,1,Premier League,2014-15
Sun Dec 28 2014,Tottenham Hotspur FC,Manchester United FC,0,0,Premier League,2014-15
Sun Dec 28 2014,Southampton FC,Chelsea FC,1,1,Premier League,2014-15
Sun Dec 28 2014,West Ham United FC,Arsenal FC,1,2,Premier League,2014-15
Sun Dec 28 2014,Manchester City FC,Burnley FC,2,2,Premier League,2014-15
Sun Dec 28 2014,Hull City AFC,Leicester City FC,0,1,Premier League,2014-15
Sun Dec 28 2014,Aston Villa FC,Sunderland AFC,0,0,Premier League,2014-15
Sun Dec 28 2014,Queens Park Rangers FC,Crystal Palace FC,0,0,Premier League,2014-15
Sun Dec 28 2014,Stoke City FC,West Bromwich Albion FC,2,0,Premier League,2014-15
Sun Dec 28 2014,Newcastle United FC,Everton FC,3,2,Premier League,2014-15
Mon Dec 29 2014,Liverpool FC,Swansea City FC,4,1,Premier League,2014-15
Thu Jan 1 2015,Stoke City FC,Manchester United FC,1,1,Premier League,2014-15
Thu Jan 1 2015,West Ham United FC,West Bromwich Albion FC,1,1,Premier League,2014-15
Thu Jan 1 2015,Newcastle United FC,Burnley FC,3,3,Premier League,2014-15
Thu Jan 1 2015,Aston Villa FC,Crystal Palace FC,0,0,Premier League,2014-15
Thu Jan 1 2015,Liverpool FC,Leicester City FC,2,2,Premier League,2014-15
Thu Jan 1 2015,Queens Park Rangers FC,Swansea City FC,1,1,Premier League,2014-15
Thu Jan 1 2015,Southampton FC,Arsenal FC,2,0,Premier League,2014-15
Thu Jan 1 2015,Hull City AFC,Everton FC,2,0,Premier League,2014-15
Thu Jan 1 2015,Manchester City FC,Sunderland AFC,3,2,Premier League,2014-15
Thu Jan 1 2015,Tottenham Hotspur FC,Chelsea FC,5,3,Premier League,2014-15
Sat Jan 10 2015,Sunderland AFC,Liverpool FC,0,1,Premier League,2014-15
Sat Jan 10 2015,Chelsea FC,Newcastle United FC,2,0,Premier League,2014-15
Sat Jan 10 2015,Everton FC,Manchester City FC,1,1,Premier League,2014-15
Sat Jan 10 2015,Swansea City FC,West Ham United FC,1,1,Premier League,2014-15
Sat Jan 10 2015,West Bromwich Albion FC,Hull City AFC,1,0,Premier League,2014-15
Sat Jan 10 2015,Burnley FC,Queens Park Rangers FC,2,1,Premier League,2014-15
Sat Jan 10 2015,Leicester City FC,Aston Villa FC,1,0,Premier League,2014-15
Sat Jan 10 2015,Crystal Palace FC,Tottenham Hotspur FC,2,1,Premier League,2014-15
Sun Jan 11 2015,Arsenal FC,Stoke City FC,3,0,Premier League,2014-15
Sun Jan 11 2015,Manchester United FC,Southampton FC,0,1,Premier League,2014-15
Sat Jan 17 2015,Leicester City FC,Stoke City FC,0,1,Premier League,2014-15
Sat Jan 17 2015,Queens Park Rangers FC,Manchester United FC,0,2,Premier League,2014-15
Sat Jan 17 2015,Tottenham Hotspur FC,Sunderland AFC,2,1,Premier League,2014-15
Sat Jan 17 2015,Burnley FC,Crystal Palace FC,2,3,Premier League,2014-15
Sat Jan 17 2015,Swansea City FC,Chelsea FC,0,5,Premier League,2014-15
Sat Jan 17 2015,Aston Villa FC,Liverpool FC,0,2,Premier League,2014-15
Sat Jan 17 2015,Newcastle United FC,Southampton FC,1,2,Premier League,2014-15
Sun Jan 18 2015,West Ham United FC,Hull City AFC,3,0,Premier League,2014-15
Sun Jan 18 2015,Manchester City FC,Arsenal FC,0,2,Premier League,2014-15
Mon Jan 19 2015,Everton FC,West Bromwich Albion FC,0,0,Premier League,2014-15
Sat Jan 31 2015,Hull City AFC,Newcastle United FC,0,3,Premier League,2014-15
Sat Jan 31 2015,West Bromwich Albion FC,Tottenham Hotspur FC,0,3,Premier League,2014-15
Sat Jan 31 2015,Stoke City FC,Queens Park Rangers FC,3,1,Premier League,2014-15
Sat Jan 31 2015,Sunderland AFC,Burnley FC,2,0,Premier League,2014-15
Sat Jan 31 2015,Crystal Palace FC,Everton FC,0,1,Premier League,2014-15
Sat Jan 31 2015,Manchester United FC,Leicester City FC,3,1,Premier League,2014-15
Sat Jan 31 2015,Liverpool FC,West Ham United FC,2,0,Premier League,2014-15
Sat Jan 31 2015,Chelsea FC,Manchester City FC,1,1,Premier League,2014-15
Sun Feb 1 2015,Arsenal FC,Aston Villa FC,5,0,Premier League,2014-15
Sun Feb 1 2015,Southampton FC,Swansea City FC,0,1,Premier League,2014-15
Sat Feb 7 2015,Tottenham Hotspur FC,Arsenal FC,2,1,Premier League,2014-15
Sat Feb 7 2015,Aston Villa FC,Chelsea FC,1,2,Premier League,2014-15
Sat Feb 7 2015,Queens Park Rangers FC,Southampton FC,0,1,Premier League,2014-15
Sat Feb 7 2015,Leicester City FC,Crystal Palace FC,0,1,Premier League,2014-15
Sat Feb 7 2015,Swansea City FC,Sunderland AFC,1,1,Premier League,2014-15
Sat Feb 7 2015,Manchester City FC,Hull City AFC,1,1,Premier League,2014-15
Sat Feb 7 2015,Everton FC,Liverpool FC,0,0,Premier League,2014-15
Sun Feb 8 2015,Burnley FC,West Bromwich Albion FC,2,2,Premier League,2014-15
Sun Feb 8 2015,Newcastle United FC,Stoke City FC,1,1,Premier League,2014-15
Sun Feb 8 2015,West Ham United FC,Manchester United FC,1,1,Premier League,2014-15
Tue Feb 10 2015,Arsenal FC,Leicester City FC,2,1,Premier League,2014-15
Tue Feb 10 2015,Sunderland AFC,Queens Park Rangers FC,0,2,Premier League,2014-15
Tue Feb 10 2015,Hull City AFC,Aston Villa FC,2,0,Premier League,2014-15
Tue Feb 10 2015,Liverpool FC,Tottenham Hotspur FC,3,2,Premier League,2014-15
Wed Feb 11 2015,Stoke City FC,Manchester City FC,1,4,Premier League,2014-15
Wed Feb 11 2015,Chelsea FC,Everton FC,1,0,Premier League,2014-15
Wed Feb 11 2015,Southampton FC,West Ham United FC,0,0,Premier League,2014-15
Wed Feb 11 2015,Manchester United FC,Burnley FC,3,1,Premier League,2014-15
Wed Feb 11 2015,West Bromwich Albion FC,Swansea City FC,2,0,Premier League,2014-15
Wed Feb 11 2015,Crystal Palace FC,Newcastle United FC,1,1,Premier League,2014-15
Sat Feb 21 2015,Aston Villa FC,Stoke City FC,1,2,Premier League,2014-15
Sat Feb 21 2015,Hull City AFC,Queens Park Rangers FC,2,1,Premier League,2014-15
Sat Feb 21 2015,Chelsea FC,Burnley FC,1,1,Premier League,2014-15
Sat Feb 21 2015,Crystal Palace FC,Arsenal FC,1,2,Premier League,2014-15
Sat Feb 21 2015,Sunderland AFC,West Bromwich Albion FC,0,0,Premier League,2014-15
Sat Feb 21 2015,Swansea City FC,Manchester United FC,2,1,Premier League,2014-15
Sat Feb 21 2015,Manchester City FC,Newcastle United FC,5,0,Premier League,2014-15
Sun Feb 22 2015,Tottenham Hotspur FC,West Ham United FC,2,2,Premier League,2014-15
Sun Feb 22 2015,Everton FC,Leicester City FC,2,2,Premier League,2014-15
Sun Feb 22 2015,Southampton FC,Liverpool FC,0,2,Premier League,2014-15
Sat Feb 28 2015,West Ham United FC,Crystal Palace FC,1,3,Premier League,2014-15
Sat Feb 28 2015,Newcastle United FC,Aston Villa FC,1,0,Premier League,2014-15
Sat Feb 28 2015,West Bromwich Albion FC,Southampton FC,1,0,Premier League,2014-15
Sat Feb 28 2015,Stoke City FC,Hull City AFC,1,0,Premier League,2014-15
Sat Feb 28 2015,Manchester United FC,Sunderland AFC,2,0,Premier League,2014-15
Sat Feb 28 2015,Burnley FC,Swansea City FC,0,1,Premier League,2014-15
Sun Mar 1 2015,Liverpool FC,Manchester City FC,2,1,Premier League,2014-15
Sun Mar 1 2015,Arsenal FC,Everton FC,2,0,Premier League,2014-15
Tue Mar 3 2015,Southampton FC,Crystal Palace FC,1,0,Premier League,2014-15
Tue Mar 3 2015,Aston Villa FC,West Bromwich Albion FC,2,1,Premier League,2014-15
Tue Mar 3 2015,Hull City AFC,Sunderland AFC,1,1,Premier League,2014-15
Wed Mar 4 2015,Stoke City FC,Everton FC,2,0,Premier League,2014-15
Wed Mar 4 2015,West Ham United FC,Chelsea FC,0,1,Premier League,2014-15
Wed Mar 4 2015,Tottenham Hotspur FC,Swansea City FC,3,2,Premier League,2014-15
Wed Mar 4 2015,Newcastle United FC,Manchester United FC,0,1,Premier League,2014-15
Wed Mar 4 2015,Manchester City FC,Leicester City FC,2,0,Premier League,2014-15
Wed Mar 4 2015,Queens Park Rangers FC,Arsenal FC,1,2,Premier League,2014-15
Wed Mar 4 2015,Liverpool FC,Burnley FC,2,0,Premier League,2014-15
Sat Mar 7 2015,Queens Park Rangers FC,Tottenham Hotspur FC,1,2,Premier League,2014-15
Sat Mar 14 2015,Crystal Palace FC,Queens Park Rangers FC,3,1,Premier League,2014-15
Sat Mar 14 2015,Leicester City FC,Hull City AFC,0,0,Premier League,2014-15
Sat Mar 14 2015,Arsenal FC,West Ham United FC,3,0,Premier League,2014-15
Sat Mar 14 2015,West Bromwich Albion FC,Stoke City FC,1,0,Premier League,2014-15
Sat Mar 14 2015,Sunderland AFC,Aston Villa FC,0,4,Premier League,2014-15
Sat Mar 14 2015,Burnley FC,Manchester City FC,1,0,Premier League,2014-15
Sun Mar 15 2015,Chelsea FC,Southampton FC,1,1,Premier League,2014-15
Sun Mar 15 2015,Manchester United FC,Tottenham Hotspur FC,3,0,Premier League,2014-15
Sun Mar 15 2015,Everton FC,Newcastle United FC,3,0,Premier League,2014-15
Mon Mar 16 2015,Swansea City FC,Liverpool FC,0,1,Premier League,2014-15
Sat Mar 21 2015,Manchester City FC,West Bromwich Albion FC,3,0,Premier League,2014-15
Sat Mar 21 2015,Newcastle United FC,Arsenal FC,1,2,Premier League,2014-15
Sat Mar 21 2015,Southampton FC,Burnley FC,2,0,Premier League,2014-15
Sat Mar 21 2015,Tottenham Hotspur FC,Leicester City FC,4,3,Premier League,2014-15
Sat Mar 21 2015,Stoke City FC,Crystal Palace FC,1,2,Premier League,2014-15
Sat Mar 21 2015,Aston Villa FC,Swansea City FC,0,1,Premier League,2014-15
Sat Mar 21 2015,West Ham United FC,Sunderland AFC,1,0,Premier League,2014-15
Sun Mar 22 2015,Liverpool FC,Manchester United FC,1,2,Premier League,2014-15
Sun Mar 22 2015,Queens Park Rangers FC,Everton FC,1,2,Premier League,2014-15
Sun Mar 22 2015,Hull City AFC,Chelsea FC,2,3,Premier League,2014-15
Sat Apr 4 2015,Arsenal FC,Liverpool FC,4,1,Premier League,2014-15
Sat Apr 4 2015,West Bromwich Albion FC,Queens Park Rangers FC,1,4,Premier League,2014-15
Sat Apr 4 2015,Everton FC,Southampton FC,1,0,Premier League,2014-15
Sat Apr 4 2015,Swansea City FC,Hull City AFC,3,1,Premier League,2014-15
Sat Apr 4 2015,Manchester United FC,Aston Villa FC,3,1,Premier League,2014-15
Sat Apr 4 2015,Leicester City FC,West Ham United FC,2,1,Premier League,2014-15
Sat Apr 4 2015,Chelsea FC,Stoke City FC,2,1,Premier League,2014-15
Sun Apr 5 2015,Burnley FC,Tottenham Hotspur FC,0,0,Premier League,2014-15
Sun Apr 5 2015,Sunderland AFC,Newcastle United FC,1,0,Premier League,2014-15
Mon Apr 6 2015,Crystal Palace FC,Manchester City FC,2,1,Premier League,2014-15
Tue Apr 7 2015,Aston Villa FC,Queens Park Rangers FC,3,3,Premier League,2014-15
Sat Apr 11 2015,Swansea City FC,Everton FC,1,1,Premier League,2014-15
Sat Apr 11 2015,West Ham United FC,Stoke City FC,1,1,Premier League,2014-15
Sat Apr 11 2015,Sunderland AFC,Crystal Palace FC,1,4,Premier League,2014-15
Sat Apr 11 2015,West Bromwich Albion FC,Leicester City FC,2,3,Premier League,2014-15
Sat Apr 11 2015,Tottenham Hotspur FC,Aston Villa FC,0,1,Premier League,2014-15
Sat Apr 11 2015,Southampton FC,Hull City AFC,2,0,Premier League,2014-15
Sat Apr 11 2015,Burnley FC,Arsenal FC,0,1,Premier League,2014-15
Sun Apr 12 2015,Queens Park Rangers FC,Chelsea FC,0,1,Premier League,2014-15
Sun Apr 12 2015,Manchester United FC,Manchester City FC,4,2,Premier League,2014-15
Mon Apr 13 2015,Liverpool FC,Newcastle United FC,2,0,Premier League,2014-15
Sat Apr 18 2015,Crystal Palace FC,West Bromwich Albion FC,0,2,Premier League,2014-15
Sat Apr 18 2015,Stoke City FC,Southampton FC,2,1,Premier League,2014-15
Sat Apr 18 2015,Everton FC,Burnley FC,1,0,Premier League,2014-15
Sat Apr 18 2015,Leicester City FC,Swansea City FC,2,0,Premier League,2014-15
Sat Apr 18 2015,Chelsea FC,Manchester United FC,1,0,Premier League,2014-15
Sun Apr 19 2015,Manchester City FC,West Ham United FC,2,0,Premier League,2014-15
Sun Apr 19 2015,Newcastle United FC,Tottenham Hotspur FC,1,3,Premier League,2014-15
Sat Apr 25 2015,Southampton FC,Tottenham Hotspur FC,2,2,Premier League,2014-15
Sat Apr 25 2015,Stoke City FC,Sunderland AFC,1,1,Premier League,2014-15
Sat Apr 25 2015,Burnley FC,Leicester City FC,0,1,Premier League,2014-15
Sat Apr 25 2015,Crystal Palace FC,Hull City AFC,0,2,Premier League,2014-15
Sat Apr 25 2015,Queens Park Rangers FC,West Ham United FC,0,0,Premier League,2014-15
Sat Apr 25 2015,Newcastle United FC,Swansea City FC,2,3,Premier League,2014-15
Sat Apr 25 2015,West Bromwich Albion FC,Liverpool FC,0,0,Premier League,2014-15
Sat Apr 25 2015,Manchester City FC,Aston Villa FC,3,2,Premier League,2014-15
Sun Apr 26 2015,Everton FC,Manchester United FC,3,0,Premier League,2014-15
Sun Apr 26 2015,Arsenal FC,Chelsea FC,0,0,Premier League,2014-15
Tue Apr 28 2015,Hull City AFC,Liverpool FC,1,0,Premier League,2014-15
Wed Apr 29 2015,Leicester City FC,Chelsea FC,1,3,Premier League,2014-15
Sat May 2 2015,Leicester City FC,Newcastle United FC,3,0,Premier League,2014-15
Sat May 2 2015,West Ham United FC,Burnley FC,1,0,Premier League,2014-15
Sat May 2 2015,Aston Villa FC,Everton FC,3,2,Premier League,2014-15
Sat May 2 2015,Swansea City FC,Stoke City FC,2,0,Premier League,2014-15
Sat May 2 2015,Liverpool FC,Queens Park Rangers FC,2,1,Premier League,2014-15
Sat May 2 2015,Sunderland AFC,Southampton FC,2,1,Premier League,2014-15
Sat May 2 2015,Manchester United FC,West Bromwich Albion FC,0,1,Premier League,2014-15
Sun May 3 2015,Chelsea FC,Crystal Palace FC,1,0,Premier League,2014-15
Sun May 3 2015,Tottenham Hotspur FC,Manchester City FC,0,1,Premier League,2014-15
Mon May 4 2015,Hull City AFC,Arsenal FC,1,3,Premier League,2014-15
Sat May 9 2015,Everton FC,Sunderland AFC,0,2,Premier League,2014-15
Sat May 9 2015,Leicester City FC,Southampton FC,2,0,Premier League,2014-15
Sat May 9 2015,Stoke City FC,Tottenham Hotspur FC,3,0,Premier League,2014-15
Sat May 9 2015,Newcastle United FC,West Bromwich Albion FC,1,1,Premier League,2014-15
Sat May 9 2015,Hull City AFC,Burnley FC,0,1,Premier League,2014-15
Sat May 9 2015,Aston Villa FC,West Ham United FC,1,0,Premier League,2014-15
Sat May 9 2015,Crystal Palace FC,Manchester United FC,1,2,Premier League,2014-15
Sun May 10 2015,Manchester City FC,Queens Park Rangers FC,6,0,Premier League,2014-15
Sun May 10 2015,Chelsea FC,Liverpool FC,1,1,Premier League,2014-15
Mon May 11 2015,Arsenal FC,Swansea City FC,0,1,Premier League,2014-15
Sat May 16 2015,Southampton FC,Aston Villa FC,6,1,Premier League,2014-15
Sat May 16 2015,Sunderland AFC,Leicester City FC,0,0,Premier League,2014-15
Sat May 16 2015,Tottenham Hotspur FC,Hull City AFC,2,0,Premier League,2014-15
Sat May 16 2015,Burnley FC,Stoke City FC,0,0,Premier League,2014-15
Sat May 16 2015,Queens Park Rangers FC,Newcastle United FC,2,1,Premier League,2014-15
Sat May 16 2015,West Ham United FC,Everton FC,1,2,Premier League,2014-15
Sat May 16 2015,Liverpool FC,Crystal Palace FC,1,3,Premier League,2014-15
Sun May 17 2015,Swansea City FC,Manchester City FC,2,4,Premier League,2014-15
Sun May 17 2015,Manchester United FC,Arsenal FC,1,1,Premier League,2014-15
Mon May 18 2015,West Bromwich Albion FC,Chelsea FC,3,0,Premier League,2014-15
Wed May 20 2015,Arsenal FC,Sunderland AFC,0,0,Premier League,2014-15
Sun May 24 2015,Arsenal FC,West Bromwich Albion FC,4,1,Premier League,2014-15
Sun May 24 2015,Everton FC,Tottenham Hotspur FC,0,1,Premier League,2014-15
Sun May 24 2015,Manchester City FC,Southampton FC,2,0,Premier League,2014-15
Sun May 24 2015,Stoke City FC,Liverpool FC,6,1,Premier League,2014-15
Sun May 24 2015,Hull City AFC,Manchester United FC,0,0,Premier League,2014-15
Sun May 24 2015,Chelsea FC,Sunderland AFC,3,1,Premier League,2014-15
Sun May 24 2015,Leicester City FC,Queens Park Rangers FC,5,1,Premier League,2014-15
Sun May 24 2015,Newcastle United FC,West Ham United FC,2,0,Premier League,2014-15
Sun May 24 2015,Aston Villa FC,Burnley FC,0,1,Premier League,2014-15
Sun May 24 2015,Crystal Palace FC,Swansea City FC,1,0,Premier League,2014-15
Sat Aug 8 2015,Manchester United FC,Tottenham Hotspur FC,1,0,Premier League,2015-16
Sat Aug 8 2015,AFC Bournemouth,Aston Villa FC,0,1,Premier League,2015-16
Sat Aug 8 2015,Leicester City FC,Sunderland AFC,4,2,Premier League,2015-16
Sat Aug 8 2015,Norwich City FC,Crystal Palace FC,1,3,Premier League,2015-16
Sat Aug 8 2015,Chelsea FC,Swansea City FC,2,2,Premier League,2015-16
Sat Aug 8 2015,Everton FC,Watford FC,2,2,Premier League,2015-16
Sun Aug 9 2015,Arsenal FC,West Ham United FC,0,2,Premier League,2015-16
Sun Aug 9 2015,Newcastle United FC,Southampton FC,2,2,Premier League,2015-16
Sun Aug 9 2015,Stoke City FC,Liverpool FC,0,1,Premier League,2015-16
Mon Aug 10 2015,West Bromwich Albion FC,Manchester City FC,0,3,Premier League,2015-16
Fri Aug 14 2015,Aston Villa FC,Manchester United FC,0,1,Premier League,2015-16
Sat Aug 15 2015,West Ham United FC,Leicester City FC,1,2,Premier League,2015-16
Sat Aug 15 2015,Southampton FC,Everton FC,0,3,Premier League,2015-16
Sat Aug 15 2015,Sunderland AFC,Norwich City FC,1,3,Premier League,2015-16
Sat Aug 15 2015,Swansea City FC,Newcastle United FC,2,0,Premier League,2015-16
Sat Aug 15 2015,Watford FC,West Bromwich Albion FC,0,0,Premier League,2015-16
Sat Aug 15 2015,Tottenham Hotspur FC,Stoke City FC,2,2,Premier League,2015-16
Sun Aug 16 2015,Crystal Palace FC,Arsenal FC,1,2,Premier League,2015-16
Sun Aug 16 2015,Manchester City FC,Chelsea FC,3,0,Premier League,2015-16
Mon Aug 17 2015,Liverpool FC,AFC Bournemouth,1,0,Premier League,2015-16
Sat Aug 22 2015,West Ham United FC,AFC Bournemouth,3,4,Premier League,2015-16
Sat Aug 22 2015,Manchester United FC,Newcastle United FC,0,0,Premier League,2015-16
Sat Aug 22 2015,Sunderland AFC,Swansea City FC,1,1,Premier League,2015-16
Sat Aug 22 2015,Leicester City FC,Tottenham Hotspur FC,1,1,Premier League,2015-16
Sat Aug 22 2015,Crystal Palace FC,Aston Villa FC,2,1,Premier League,2015-16
Sat Aug 22 2015,Norwich City FC,Stoke City FC,1,1,Premier League,2015-16
Sun Aug 23 2015,West Bromwich Albion FC,Chelsea FC,2,3,Premier League,2015-16
Sun Aug 23 2015,Everton FC,Manchester City FC,0,2,Premier League,2015-16
Sun Aug 23 2015,Watford FC,Southampton FC,0,0,Premier League,2015-16
Mon Aug 24 2015,Arsenal FC,Liverpool FC,0,0,Premier League,2015-16
Sat Aug 29 2015,Aston Villa FC,Sunderland AFC,2,2,Premier League,2015-16
Sat Aug 29 2015,Newcastle United FC,Arsenal FC,0,1,Premier League,2015-16
Sat Aug 29 2015,Stoke City FC,West Bromwich Albion FC,0,1,Premier League,2015-16
Sat Aug 29 2015,AFC Bournemouth,Leicester City FC,1,1,Premier League,2015-16
Sat Aug 29 2015,Liverpool FC,West Ham United FC,0,3,Premier League,2015-16
Sat Aug 29 2015,Manchester City FC,Watford FC,2,0,Premier League,2015-16
Sat Aug 29 2015,Chelsea FC,Crystal Palace FC,1,2,Premier League,2015-16
Sat Aug 29 2015,Tottenham Hotspur FC,Everton FC,0,0,Premier League,2015-16
Sun Aug 30 2015,Southampton FC,Norwich City FC,3,0,Premier League,2015-16
Sun Aug 30 2015,Swansea City FC,Manchester United FC,2,1,Premier League,2015-16
Sat Sep 12 2015,West Bromwich Albion FC,Southampton FC,0,0,Premier League,2015-16
Sat Sep 12 2015,Arsenal FC,Stoke City FC,2,0,Premier League,2015-16
Sat Sep 12 2015,Everton FC,Chelsea FC,3,1,Premier League,2015-16
Sat Sep 12 2015,Manchester United FC,Liverpool FC,3,1,Premier League,2015-16
Sat Sep 12 2015,Norwich City FC,AFC Bournemouth,3,1,Premier League,2015-16
Sat Sep 12 2015,Crystal Palace FC,Manchester City FC,0,1,Premier League,2015-16
Sat Sep 12 2015,Watford FC,Swansea City FC,1,0,Premier League,2015-16
Sun Sep 13 2015,Sunderland AFC,Tottenham Hotspur FC,0,1,Premier League,2015-16
Sun Sep 13 2015,Leicester City FC,Aston Villa FC,3,2,Premier League,2015-16
Mon Sep 14 2015,West Ham United FC,Newcastle United FC,2,0,Premier League,2015-16
Sat Sep 19 2015,Chelsea FC,Arsenal FC,2,0,Premier League,2015-16
Sat Sep 19 2015,Swansea City FC,Everton FC,0,0,Premier League,2015-16
Sat Sep 19 2015,Newcastle United FC,Watford FC,1,2,Premier League,2015-16
Sat Sep 19 2015,Aston Villa FC,West Bromwich Albion FC,0,1,Premier League,2015-16
Sat Sep 19 2015,Manchester City FC,West Ham United FC,1,2,Premier League,2015-16
Sat Sep 19 2015,AFC Bournemouth,Sunderland AFC,2,0,Premier League,2015-16
Sat Sep 19 2015,Stoke City FC,Leicester City FC,2,2,Premier League,2015-16
Sun Sep 20 2015,Tottenham Hotspur FC,Crystal Palace FC,1,0,Premier League,2015-16
Sun Sep 20 2015,Southampton FC,Manchester United FC,2,3,Premier League,2015-16
Sun Sep 20 2015,Liverpool FC,Norwich City FC,1,1,Premier League,2015-16
Sat Sep 26 2015,Tottenham Hotspur FC,Manchester City FC,4,1,Premier League,2015-16
Sat Sep 26 2015,Liverpool FC,Aston Villa FC,3,2,Premier League,2015-16
Sat Sep 26 2015,West Ham United FC,Norwich City FC,2,2,Premier League,2015-16
Sat Sep 26 2015,Newcastle United FC,Chelsea FC,2,2,Premier League,2015-16
Sat Sep 26 2015,Manchester United FC,Sunderland AFC,3,0,Premier League,2015-16
Sat Sep 26 2015,Leicester City FC,Arsenal FC,2,5,Premier League,2015-16
Sat Sep 26 2015,Stoke City FC,AFC Bournemouth,2,1,Premier League,2015-16
Sat Sep 26 2015,Southampton FC,Swansea City FC,3,1,Premier League,2015-16
Sun Sep 27 2015,Watford FC,Crystal Palace FC,0,1,Premier League,2015-16
Mon Sep 28 2015,West Bromwich Albion FC,Everton FC,2,3,Premier League,2015-16
Sat Oct 3 2015,Aston Villa FC,Stoke City FC,0,1,Premier League,2015-16
Sat Oct 3 2015,AFC Bournemouth,Watford FC,1,1,Premier League,2015-16
Sat Oct 3 2015,Crystal Palace FC,West Bromwich Albion FC,2,0,Premier League,2015-16
Sat Oct 3 2015,Norwich City FC,Leicester City FC,1,2,Premier League,2015-16
Sat Oct 3 2015,Chelsea FC,Southampton FC,1,3,Premier League,2015-16
Sat Oct 3 2015,Sunderland AFC,West Ham United FC,2,2,Premier League,2015-16
Sat Oct 3 2015,Manchester City FC,Newcastle United FC,6,1,Premier League,2015-16
Sun Oct 4 2015,Everton FC,Liverpool FC,1,1,Premier League,2015-16
Sun Oct 4 2015,Arsenal FC,Manchester United FC,3,0,Premier League,2015-16
Sun Oct 4 2015,Swansea City FC,Tottenham Hotspur FC,2,2,Premier League,2015-16
Sat Oct 17 2015,Crystal Palace FC,West Ham United FC,1,3,Premier League,2015-16
Sat Oct 17 2015,Manchester City FC,AFC Bournemouth,5,1,Premier League,2015-16
Sat Oct 17 2015,Tottenham Hotspur FC,Liverpool FC,0,0,Premier League,2015-16
Sat Oct 17 2015,Everton FC,Manchester United FC,0,3,Premier League,2015-16
Sat Oct 17 2015,Southampton FC,Leicester City FC,2,2,Premier League,2015-16
Sat Oct 17 2015,Chelsea FC,Aston Villa FC,2,0,Premier League,2015-16
Sat Oct 17 2015,West Bromwich Albion FC,Sunderland AFC,1,0,Premier League,2015-16
Sat Oct 17 2015,Watford FC,Arsenal FC,0,3,Premier League,2015-16
Sun Oct 18 2015,Newcastle United FC,Norwich City FC,6,2,Premier League,2015-16
Mon Oct 19 2015,Swansea City FC,Stoke City FC,0,1,Premier League,2015-16
Sat Oct 24 2015,Aston Villa FC,Swansea City FC,1,2,Premier League,2015-16
Sat Oct 24 2015,Leicester City FC,Crystal Palace FC,1,0,Premier League,2015-16
Sat Oct 24 2015,Stoke City FC,Watford FC,0,2,Premier League,2015-16
Sat Oct 24 2015,Norwich City FC,West Bromwich Albion FC,0,1,Premier League,2015-16
Sat Oct 24 2015,Arsenal FC,Everton FC,2,1,Premier League,2015-16
Sat Oct 24 2015,West Ham United FC,Chelsea FC,2,1,Premier League,2015-16
Sun Oct 25 2015,Sunderland AFC,Newcastle United FC,3,0,Premier League,2015-16
Sun Oct 25 2015,AFC Bournemouth,Tottenham Hotspur FC,1,5,Premier League,2015-16
Sun Oct 25 2015,Liverpool FC,Southampton FC,1,1,Premier League,2015-16
Sun Oct 25 2015,Manchester United FC,Manchester City FC,0,0,Premier League,2015-16
Sat Oct 31 2015,Chelsea FC,Liverpool FC,1,3,Premier League,2015-16
Sat Oct 31 2015,Newcastle United FC,Stoke City FC,0,0,Premier League,2015-16
Sat Oct 31 2015,Crystal Palace FC,Manchester United FC,0,0,Premier League,2015-16
Sat Oct 31 2015,Manchester City FC,Norwich City FC,2,1,Premier League,2015-16
Sat Oct 31 2015,Swansea City FC,Arsenal FC,0,3,Premier League,2015-16
Sat Oct 31 2015,West Bromwich Albion FC,Leicester City FC,2,3,Premier League,2015-16
Sat Oct 31 2015,Watford FC,West Ham United FC,2,0,Premier League,2015-16
Sun Nov 1 2015,Everton FC,Sunderland AFC,6,2,Premier League,2015-16
Sun Nov 1 2015,Southampton FC,AFC Bournemouth,2,0,Premier League,2015-16
Mon Nov 2 2015,Tottenham Hotspur FC,Aston Villa FC,3,1,Premier League,2015-16
Sat Nov 7 2015,West Ham United FC,Everton FC,1,1,Premier League,2015-16
Sat Nov 7 2015,Leicester City FC,Watford FC,2,1,Premier League,2015-16
Sat Nov 7 2015,AFC Bournemouth,Newcastle United FC,0,1,Premier League,2015-16
Sat Nov 7 2015,Stoke City FC,Chelsea FC,1,0,Premier League,2015-16
Sat Nov 7 2015,Norwich City FC,Swansea City FC,1,0,Premier League,2015-16
Sat Nov 7 2015,Sunderland AFC,Southampton FC,0,1,Premier League,2015-16
Sat Nov 7 2015,Manchester United FC,West Bromwich Albion FC,2,0,Premier League,2015-16
Sun Nov 8 2015,Aston Villa FC,Manchester City FC,0,0,Premier League,2015-16
Sun Nov 8 2015,Arsenal FC,Tottenham Hotspur FC,1,1,Premier League,2015-16
Sun Nov 8 2015,Liverpool FC,Crystal Palace FC,1,2,Premier League,2015-16
Sat Nov 21 2015,West Bromwich Albion FC,Arsenal FC,2,1,Premier League,2015-16
Sat Nov 21 2015,Everton FC,Aston Villa FC,4,0,Premier League,2015-16
Sat Nov 21 2015,Watford FC,Manchester United FC,1,2,Premier League,2015-16
Sat Nov 21 2015,Chelsea FC,Norwich City FC,1,0,Premier League,2015-16
Sat Nov 21 2015,Manchester City FC,Liverpool FC,1,4,Premier League,2015-16
Sat Nov 21 2015,Southampton FC,Stoke City FC,0,1,Premier League,2015-16
Sat Nov 21 2015,Swansea City FC,AFC Bournemouth,2,2,Premier League,2015-16
Sat Nov 21 2015,Newcastle United FC,Leicester City FC,0,3,Premier League,2015-16
Sun Nov 22 2015,Tottenham Hotspur FC,West Ham United FC,4,1,Premier League,2015-16
Mon Nov 23 2015,Crystal Palace FC,Sunderland AFC,0,1,Premier League,2015-16
Sat Nov 28 2015,Manchester City FC,Southampton FC,3,1,Premier League,2015-16
Sat Nov 28 2015,Crystal Palace FC,Newcastle United FC,5,1,Premier League,2015-16
Sat Nov 28 2015,Aston Villa FC,Watford FC,2,3,Premier League,2015-16
Sat Nov 28 2015,Leicester City FC,Manchester United FC,1,1,Premier League,2015-16
Sat Nov 28 2015,AFC Bournemouth,Everton FC,3,3,Premier League,2015-16
Sat Nov 28 2015,Sunderland AFC,Stoke City FC,2,0,Premier League,2015-16
Sun Nov 29 2015,Tottenham Hotspur FC,Chelsea FC,0,0,Premier League,2015-16
Sun Nov 29 2015,West Ham United FC,West Bromwich Albion FC,1,1,Premier League,2015-16
Sun Nov 29 2015,Norwich City FC,Arsenal FC,1,1,Premier League,2015-16
Sun Nov 29 2015,Liverpool FC,Swansea City FC,1,0,Premier League,2015-16
Sat Dec 5 2015,Stoke City FC,Manchester City FC,2,0,Premier League,2015-16
Sat Dec 5 2015,Arsenal FC,Sunderland AFC,3,1,Premier League,2015-16
Sat Dec 5 2015,Watford FC,Norwich City FC,2,0,Premier League,2015-16
Sat Dec 5 2015,Manchester United FC,West Ham United FC,0,0,Premier League,2015-16
Sat Dec 5 2015,Swansea City FC,Leicester City FC,0,3,Premier League,2015-16
Sat Dec 5 2015,West Bromwich Albion FC,Tottenham Hotspur FC,1,1,Premier League,2015-16
Sat Dec 5 2015,Southampton FC,Aston Villa FC,1,1,Premier League,2015-16
Sat Dec 5 2015,Chelsea FC,AFC Bournemouth,0,1,Premier League,2015-16
Sun Dec 6 2015,Newcastle United FC,Liverpool FC,2,0,Premier League,2015-16
Mon Dec 7 2015,Everton FC,Crystal Palace FC,1,1,Premier League,2015-16
Sat Dec 12 2015,Norwich City FC,Everton FC,1,1,Premier League,2015-16
Sat Dec 12 2015,Crystal Palace FC,Southampton FC,1,0,Premier League,2015-16
Sat Dec 12 2015,Manchester City FC,Swansea City FC,2,1,Premier League,2015-16
Sat Dec 12 2015,AFC Bournemouth,Manchester United FC,2,1,Premier League,2015-16
Sat Dec 12 2015,West Ham United FC,Stoke City FC,0,0,Premier League,2015-16
Sat Dec 12 2015,Sunderland AFC,Watford FC,0,1,Premier League,2015-16
Sun Dec 13 2015,Aston Villa FC,Arsenal FC,0,2,Premier League,2015-16
Sun Dec 13 2015,Tottenham Hotspur FC,Newcastle United FC,1,2,Premier League,2015-16
Sun Dec 13 2015,Liverpool FC,West Bromwich Albion FC,2,2,Premier League,2015-16
Mon Dec 14 2015,Leicester City FC,Chelsea FC,2,1,Premier League,2015-16
Sat Dec 19 2015,Southampton FC,Tottenham Hotspur FC,0,2,Premier League,2015-16
Sat Dec 19 2015,Everton FC,Leicester City FC,2,3,Premier League,2015-16
Sat Dec 19 2015,Stoke City FC,Crystal Palace FC,1,2,Premier League,2015-16
Sat Dec 19 2015,West Bromwich Albion FC,AFC Bournemouth,1,2,Premier League,2015-16
Sat Dec 19 2015,Newcastle United FC,Aston Villa FC,1,1,Premier League,2015-16
Sat Dec 19 2015,Manchester United FC,Norwich City FC,1,2,Premier League,2015-16
Sat Dec 19 2015,Chelsea FC,Sunderland AFC,3,1,Premier League,2015-16
Sun Dec 20 2015,Watford FC,Liverpool FC,3,0,Premier League,2015-16
Sun Dec 20 2015,Swansea City FC,West Ham United FC,0,0,Premier League,2015-16
Mon Dec 21 2015,Arsenal FC,Manchester City FC,2,1,Premier League,2015-16
Sat Dec 26 2015,Southampton FC,Arsenal FC,4,0,Premier League,2015-16
Sat Dec 26 2015,Swansea City FC,West Bromwich Albion FC,1,0,Premier League,2015-16
Sat Dec 26 2015,AFC Bournemouth,Crystal Palace FC,0,0,Premier League,2015-16
Sat Dec 26 2015,Stoke City FC,Manchester United FC,2,0,Premier League,2015-16
Sat Dec 26 2015,Aston Villa FC,West Ham United FC,1,1,Premier League,2015-16
Sat Dec 26 2015,Chelsea FC,Watford FC,2,2,Premier League,2015-16
Sat Dec 26 2015,Tottenham Hotspur FC,Norwich City FC,3,0,Premier League,2015-16
Sat Dec 26 2015,Liverpool FC,Leicester City FC,1,0,Premier League,2015-16
Sat Dec 26 2015,Newcastle United FC,Everton FC,0,1,Premier League,2015-16
Sat Dec 26 2015,Manchester City FC,Sunderland AFC,4,1,Premier League,2015-16
Mon Dec 28 2015,Crystal Palace FC,Swansea City FC,0,0,Premier League,2015-16
Mon Dec 28 2015,Norwich City FC,Aston Villa FC,2,0,Premier League,2015-16
Mon Dec 28 2015,West Bromwich Albion FC,Newcastle United FC,1,0,Premier League,2015-16
Mon Dec 28 2015,Everton FC,Stoke City FC,3,4,Premier League,2015-16
Mon Dec 28 2015,Watford FC,Tottenham Hotspur FC,1,2,Premier League,2015-16
Mon Dec 28 2015,West Ham United FC,Southampton FC,2,1,Premier League,2015-16
Mon Dec 28 2015,Manchester United FC,Chelsea FC,0,0,Premier League,2015-16
Mon Dec 28 2015,Arsenal FC,AFC Bournemouth,2,0,Premier League,2015-16
Tue Dec 29 2015,Leicester City FC,Manchester City FC,0,0,Premier League,2015-16
Wed Dec 30 2015,Sunderland AFC,Liverpool FC,0,1,Premier League,2015-16
Sat Jan 2 2016,Sunderland AFC,Aston Villa FC,3,1,Premier League,2015-16
Sat Jan 2 2016,West Bromwich Albion FC,Stoke City FC,2,1,Premier League,2015-16
Sat Jan 2 2016,Manchester United FC,Swansea City FC,2,1,Premier League,2015-16
Sat Jan 2 2016,Watford FC,Manchester City FC,1,2,Premier League,2015-16
Sat Jan 2 2016,Leicester City FC,AFC Bournemouth,0,0,Premier League,2015-16
Sat Jan 2 2016,Norwich City FC,Southampton FC,1,0,Premier League,2015-16
Sat Jan 2 2016,Arsenal FC,Newcastle United FC,1,0,Premier League,2015-16
Sat Jan 2 2016,West Ham United FC,Liverpool FC,2,0,Premier League,2015-16
Sun Jan 3 2016,Crystal Palace FC,Chelsea FC,0,3,Premier League,2015-16
Sun Jan 3 2016,Everton FC,Tottenham Hotspur FC,1,1,Premier League,2015-16
Tue Jan 12 2016,Newcastle United FC,Manchester United FC,3,3,Premier League,2015-16
Tue Jan 12 2016,Aston Villa FC,Crystal Palace FC,1,0,Premier League,2015-16
Tue Jan 12 2016,AFC Bournemouth,West Ham United FC,1,3,Premier League,2015-16
Wed Jan 13 2016,Stoke City FC,Norwich City FC,3,1,Premier League,2015-16
Wed Jan 13 2016,Southampton FC,Watford FC,2,0,Premier League,2015-16
Wed Jan 13 2016,Chelsea FC,West Bromwich Albion FC,2,2,Premier League,2015-16
Wed Jan 13 2016,Swansea City FC,Sunderland AFC,2,4,Premier League,2015-16
Wed Jan 13 2016,Liverpool FC,Arsenal FC,3,3,Premier League,2015-16
Wed Jan 13 2016,Tottenham Hotspur FC,Leicester City FC,0,1,Premier League,2015-16
Wed Jan 13 2016,Manchester City FC,Everton FC,0,0,Premier League,2015-16
Sat Jan 16 2016,Tottenham Hotspur FC,Sunderland AFC,4,1,Premier League,2015-16
Sat Jan 16 2016,Southampton FC,West Bromwich Albion FC,3,0,Premier League,2015-16
Sat Jan 16 2016,Aston Villa FC,Leicester City FC,1,1,Premier League,2015-16
Sat Jan 16 2016,AFC Bournemouth,Norwich City FC,3,0,Premier League,2015-16
Sat Jan 16 2016,Chelsea FC,Everton FC,3,3,Premier League,2015-16
Sat Jan 16 2016,Newcastle United FC,West Ham United FC,2,1,Premier League,2015-16
Sat Jan 16 2016,Manchester City FC,Crystal Palace FC,4,0,Premier League,2015-16
Sun Jan 17 2016,Liverpool FC,Manchester United FC,0,1,Premier League,2015-16
Sun Jan 17 2016,Stoke City FC,Arsenal FC,0,0,Premier League,2015-16
Mon Jan 18 2016,Swansea City FC,Watford FC,1,0,Premier League,2015-16
Sat Jan 23 2016,West Ham United FC,Manchester City FC,2,2,Premier League,2015-16
Sat Jan 23 2016,Manchester United FC,Southampton FC,0,1,Premier League,2015-16
Sat Jan 23 2016,Norwich City FC,Liverpool FC,4,5,Premier League,2015-16
Sat Jan 23 2016,Watford FC,Newcastle United FC,2,1,Premier League,2015-16
Sat Jan 23 2016,Leicester City FC,Stoke City FC,3,0,Premier League,2015-16
Sat Jan 23 2016,Sunderland AFC,AFC Bournemouth,1,1,Premier League,2015-16
Sat Jan 23 2016,Crystal Palace FC,Tottenham Hotspur FC,1,3,Premier League,2015-16
Sat Jan 23 2016,West Bromwich Albion FC,Aston Villa FC,0,0,Premier League,2015-16
Sun Jan 24 2016,Everton FC,Swansea City FC,1,2,Premier League,2015-16
Sun Jan 24 2016,Arsenal FC,Chelsea FC,0,1,Premier League,2015-16
Tue Feb 2 2016,Arsenal FC,Southampton FC,0,0,Premier League,2015-16
Tue Feb 2 2016,West Ham United FC,Aston Villa FC,2,0,Premier League,2015-16
Tue Feb 2 2016,Norwich City FC,Tottenham Hotspur FC,0,3,Premier League,2015-16
Tue Feb 2 2016,Sunderland AFC,Manchester City FC,0,1,Premier League,2015-16
Tue Feb 2 2016,Leicester City FC,Liverpool FC,2,0,Premier League,2015-16
Tue Feb 2 2016,Crystal Palace FC,AFC Bournemouth,1,2,Premier League,2015-16
Tue Feb 2 2016,West Bromwich Albion FC,Swansea City FC,1,1,Premier League,2015-16
Tue Feb 2 2016,Manchester United FC,Stoke City FC,3,0,Premier League,2015-16
Wed Feb 3 2016,Everton FC,Newcastle United FC,3,0,Premier League,2015-16
Wed Feb 3 2016,Watford FC,Chelsea FC,0,0,Premier League,2015-16
Sat Feb 6 2016,Swansea City FC,Crystal Palace FC,1,1,Premier League,2015-16
Sat Feb 6 2016,Newcastle United FC,West Bromwich Albion FC,1,0,Premier League,2015-16
Sat Feb 6 2016,Manchester City FC,Leicester City FC,1,3,Premier League,2015-16
Sat Feb 6 2016,Liverpool FC,Sunderland AFC,2,2,Premier League,2015-16
Sat Feb 6 2016,Southampton FC,West Ham United FC,1,0,Premier League,2015-16
Sat Feb 6 2016,Tottenham Hotspur FC,Watford FC,1,0,Premier League,2015-16
Sat Feb 6 2016,Stoke City FC,Everton FC,0,3,Premier League,2015-16
Sat Feb 6 2016,Aston Villa FC,Norwich City FC,2,0,Premier League,2015-16
Sun Feb 7 2016,AFC Bournemouth,Arsenal FC,0,2,Premier League,2015-16
Sun Feb 7 2016,Chelsea FC,Manchester United FC,1,1,Premier League,2015-16
Sat Feb 13 2016,Norwich City FC,West Ham United FC,2,2,Premier League,2015-16
Sat Feb 13 2016,Crystal Palace FC,Watford FC,1,2,Premier League,2015-16
Sat Feb 13 2016,Sunderland AFC,Manchester United FC,2,1,Premier League,2015-16
Sat Feb 13 2016,Everton FC,West Bromwich Albion FC,0,1,Premier League,2015-16
Sat Feb 13 2016,AFC Bournemouth,Stoke City FC,1,3,Premier League,2015-16
Sat Feb 13 2016,Swansea City FC,Southampton FC,0,1,Premier League,2015-16
Sat Feb 13 2016,Chelsea FC,Newcastle United FC,5,1,Premier League,2015-16
Sun Feb 14 2016,Arsenal FC,Leicester City FC,2,1,Premier League,2015-16
Sun Feb 14 2016,Aston Villa FC,Liverpool FC,0,6,Premier League,2015-16
Sun Feb 14 2016,Manchester City FC,Tottenham Hotspur FC,1,2,Premier League,2015-16
Sat Feb 27 2016,Stoke City FC,Aston Villa FC,2,1,Premier League,2015-16
Sat Feb 27 2016,West Bromwich Albion FC,Crystal Palace FC,3,2,Premier League,2015-16
Sat Feb 27 2016,Watford FC,AFC Bournemouth,0,0,Premier League,2015-16
Sat Feb 27 2016,Southampton FC,Chelsea FC,1,2,Premier League,2015-16
Sat Feb 27 2016,Leicester City FC,Norwich City FC,1,0,Premier League,2015-16
Sat Feb 27 2016,West Ham United FC,Sunderland AFC,1,0,Premier League,2015-16
Sun Feb 28 2016,Manchester United FC,Arsenal FC,3,2,Premier League,2015-16
Sun Feb 28 2016,Tottenham Hotspur FC,Swansea City FC,2,1,Premier League,2015-16
Tue Mar 1 2016,Leicester City FC,West Bromwich Albion FC,2,2,Premier League,2015-16
Tue Mar 1 2016,Aston Villa FC,Everton FC,1,3,Premier League,2015-16
Tue Mar 1 2016,Sunderland AFC,Crystal Palace FC,2,2,Premier League,2015-16
Tue Mar 1 2016,AFC Bournemouth,Southampton FC,2,0,Premier League,2015-16
Tue Mar 1 2016,Norwich City FC,Chelsea FC,1,2,Premier League,2015-16
Wed Mar 2 2016,Stoke City FC,Newcastle United FC,1,0,Premier League,2015-16
Wed Mar 2 2016,Arsenal FC,Swansea City FC,1,2,Premier League,2015-16
Wed Mar 2 2016,West Ham United FC,Tottenham Hotspur FC,1,0,Premier League,2015-16
Wed Mar 2 2016,Manchester United FC,Watford FC,1,0,Premier League,2015-16
Wed Mar 2 2016,Liverpool FC,Manchester City FC,3,0,Premier League,2015-16
Sat Mar 5 2016,Newcastle United FC,AFC Bournemouth,1,3,Premier League,2015-16
Sat Mar 5 2016,Tottenham Hotspur FC,Arsenal FC,2,2,Premier League,2015-16
Sat Mar 5 2016,Swansea City FC,Norwich City FC,1,0,Premier League,2015-16
Sat Mar 5 2016,Watford FC,Leicester City FC,0,1,Premier League,2015-16
Sat Mar 5 2016,Everton FC,West Ham United FC,2,3,Premier League,2015-16
Sat Mar 5 2016,Manchester City FC,Aston Villa FC,4,0,Premier League,2015-16
Sat Mar 5 2016,Chelsea FC,Stoke City FC,1,1,Premier League,2015-16
Sat Mar 5 2016,Southampton FC,Sunderland AFC,1,1,Premier League,2015-16
Sun Mar 6 2016,Crystal Palace FC,Liverpool FC,1,2,Premier League,2015-16
Sun Mar 6 2016,West Bromwich Albion FC,Manchester United FC,1,0,Premier League,2015-16
Sat Mar 12 2016,Norwich City FC,Manchester City FC,0,0,Premier League,2015-16
Sat Mar 12 2016,Stoke City FC,Southampton FC,1,2,Premier League,2015-16
Sat Mar 12 2016,AFC Bournemouth,Swansea City FC,3,2,Premier League,2015-16
Sun Mar 13 2016,Aston Villa FC,Tottenham Hotspur FC,0,2,Premier League,2015-16
Mon Mar 14 2016,Leicester City FC,Newcastle United FC,1,0,Premier League,2015-16
Sat Mar 19 2016,Watford FC,Stoke City FC,1,2,Premier League,2015-16
Sat Mar 19 2016,Everton FC,Arsenal FC,0,2,Premier League,2015-16
Sat Mar 19 2016,Crystal Palace FC,Leicester City FC,0,1,Premier League,2015-16
Sat Mar 19 2016,Swansea City FC,Aston Villa FC,1,0,Premier League,2015-16
Sat Mar 19 2016,Chelsea FC,West Ham United FC,2,2,Premier League,2015-16
Sat Mar 19 2016,West Bromwich Albion FC,Norwich City FC,0,1,Premier League,2015-16
Sun Mar 20 2016,Newcastle United FC,Sunderland AFC,1,1,Premier League,2015-16
Sun Mar 20 2016,Manchester City FC,Manchester United FC,0,1,Premier League,2015-16
Sun Mar 20 2016,Tottenham Hotspur FC,AFC Bournemouth,3,0,Premier League,2015-16
Sun Mar 20 2016,Southampton FC,Liverpool FC,3,2,Premier League,2015-16
Sat Apr 2 2016,Aston Villa FC,Chelsea FC,0,4,Premier League,2015-16
Sat Apr 2 2016,AFC Bournemouth,Manchester City FC,0,4,Premier League,2015-16
Sat Apr 2 2016,Liverpool FC,Tottenham Hotspur FC,1,1,Premier League,2015-16
Sat Apr 2 2016,Stoke City FC,Swansea City FC,2,2,Premier League,2015-16
Sat Apr 2 2016,Norwich City FC,Newcastle United FC,3,2,Premier League,2015-16
Sat Apr 2 2016,West Ham United FC,Crystal Palace FC,2,2,Premier League,2015-16
Sat Apr 2 2016,Sunderland AFC,West Bromwich Albion FC,0,0,Premier League,2015-16
Sat Apr 2 2016,Arsenal FC,Watford FC,4,0,Premier League,2015-16
Sun Apr 3 2016,Leicester City FC,Southampton FC,1,0,Premier League,2015-16
Sun Apr 3 2016,Manchester United FC,Everton FC,1,0,Premier League,2015-16
Sat Apr 9 2016,Southampton FC,Newcastle United FC,3,1,Premier League,2015-16
Sat Apr 9 2016,Manchester City FC,West Bromwich Albion FC,2,1,Premier League,2015-16
Sat Apr 9 2016,West Ham United FC,Arsenal FC,3,3,Premier League,2015-16
Sat Apr 9 2016,Aston Villa FC,AFC Bournemouth,1,2,Premier League,2015-16
Sat Apr 9 2016,Swansea City FC,Chelsea FC,1,0,Premier League,2015-16
Sat Apr 9 2016,Crystal Palace FC,Norwich City FC,1,0,Premier League,2015-16
Sat Apr 9 2016,Watford FC,Everton FC,1,1,Premier League,2015-16
Sun Apr 10 2016,Sunderland AFC,Leicester City FC,0,2,Premier League,2015-16
Sun Apr 10 2016,Tottenham Hotspur FC,Manchester United FC,3,0,Premier League,2015-16
Sun Apr 10 2016,Liverpool FC,Stoke City FC,4,1,Premier League,2015-16
Wed Apr 13 2016,Crystal Palace FC,Everton FC,0,0,Premier League,2015-16
Sat Apr 16 2016,Norwich City FC,Sunderland AFC,0,3,Premier League,2015-16
Sat Apr 16 2016,Manchester United FC,Aston Villa FC,1,0,Premier League,2015-16
Sat Apr 16 2016,Newcastle United FC,Swansea City FC,3,0,Premier League,2015-16
Sat Apr 16 2016,Everton FC,Southampton FC,1,1,Premier League,2015-16
Sat Apr 16 2016,Chelsea FC,Manchester City FC,0,3,Premier League,2015-16
Sat Apr 16 2016,West Bromwich Albion FC,Watford FC,0,1,Premier League,2015-16
Sun Apr 17 2016,Leicester City FC,West Ham United FC,2,2,Premier League,2015-16
Sun Apr 17 2016,AFC Bournemouth,Liverpool FC,1,2,Premier League,2015-16
Sun Apr 17 2016,Arsenal FC,Crystal Palace FC,1,1,Premier League,2015-16
Mon Apr 18 2016,Stoke City FC,Tottenham Hotspur FC,0,4,Premier League,2015-16
Tue Apr 19 2016,Newcastle United FC,Manchester City FC,1,1,Premier League,2015-16
Wed Apr 20 2016,Liverpool FC,Everton FC,4,0,Premier League,2015-16
Wed Apr 20 2016,Manchester United FC,Crystal Palace FC,2,0,Premier League,2015-16
Wed Apr 20 2016,West Ham United FC,Watford FC,3,1,Premier League,2015-16
Thu Apr 21 2016,Arsenal FC,West Bromwich Albion FC,2,0,Premier League,2015-16
Sat Apr 23 2016,Manchester City FC,Stoke City FC,4,0,Premier League,2015-16
Sat Apr 23 2016,AFC Bournemouth,Chelsea FC,1,4,Premier League,2015-16
Sat Apr 23 2016,Aston Villa FC,Southampton FC,2,4,Premier League,2015-16
Sat Apr 23 2016,Liverpool FC,Newcastle United FC,2,2,Premier League,2015-16
Sun Apr 24 2016,Sunderland AFC,Arsenal FC,0,0,Premier League,2015-16
Sun Apr 24 2016,Leicester City FC,Swansea City FC,4,0,Premier League,2015-16
Mon Apr 25 2016,Tottenham Hotspur FC,West Bromwich Albion FC,1,1,Premier League,2015-16
Sat Apr 30 2016,Stoke City FC,Sunderland AFC,1,1,Premier League,2015-16
Sat Apr 30 2016,Newcastle United FC,Crystal Palace FC,1,0,Premier League,2015-16
Sat Apr 30 2016,Watford FC,Aston Villa FC,3,2,Premier League,2015-16
Sat Apr 30 2016,Everton FC,AFC Bournemouth,2,1,Premier League,2015-16
Sat Apr 30 2016,Arsenal FC,Norwich City FC,1,0,Premier League,2015-16
Sat Apr 30 2016,West Bromwich Albion FC,West Ham United FC,0,3,Premier League,2015-16
Sun May 1 2016,Swansea City FC,Liverpool FC,3,1,Premier League,2015-16
Sun May 1 2016,Manchester United FC,Leicester City FC,1,1,Premier League,2015-16
Sun May 1 2016,Southampton FC,Manchester City FC,4,2,Premier League,2015-16
Mon May 2 2016,Chelsea FC,Tottenham Hotspur FC,2,2,Premier League,2015-16
Sat May 7 2016,Crystal Palace FC,Stoke City FC,2,1,Premier League,2015-16
Sat May 7 2016,Norwich City FC,Manchester United FC,0,1,Premier League,2015-16
Sat May 7 2016,Aston Villa FC,Newcastle United FC,0,0,Premier League,2015-16
Sat May 7 2016,Leicester City FC,Everton FC,3,1,Premier League,2015-16
Sat May 7 2016,Sunderland AFC,Chelsea FC,3,2,Premier League,2015-16
Sat May 7 2016,West Ham United FC,Swansea City FC,1,4,Premier League,2015-16
Sat May 7 2016,AFC Bournemouth,West Bromwich Albion FC,1,1,Premier League,2015-16
Sun May 8 2016,Tottenham Hotspur FC,Southampton FC,1,2,Premier League,2015-16
Sun May 8 2016,Liverpool FC,Watford FC,2,0,Premier League,2015-16
Sun May 8 2016,Manchester City FC,Arsenal FC,2,2,Premier League,2015-16
Tue May 10 2016,West Ham United FC,Manchester United FC,3,2,Premier League,2015-16
Wed May 11 2016,Sunderland AFC,Everton FC,3,0,Premier League,2015-16
Wed May 11 2016,Liverpool FC,Chelsea FC,1,1,Premier League,2015-16
Wed May 11 2016,Norwich City FC,Watford FC,4,2,Premier League,2015-16
Sun May 15 2016,Arsenal FC,Aston Villa FC,4,0,Premier League,2015-16
Sun May 15 2016,Stoke City FC,West Ham United FC,2,1,Premier League,2015-16
Sun May 15 2016,Swansea City FC,Manchester City FC,1,1,Premier League,2015-16
Sun May 15 2016,Southampton FC,Crystal Palace FC,4,1,Premier League,2015-16
Sun May 15 2016,Newcastle United FC,Tottenham Hotspur FC,5,1,Premier League,2015-16
Sun May 15 2016,West Bromwich Albion FC,Liverpool FC,1,1,Premier League,2015-16
Sun May 15 2016,Watford FC,Sunderland AFC,2,2,Premier League,2015-16
Sun May 15 2016,Everton FC,Norwich City FC,3,0,Premier League,2015-16
Sun May 15 2016,Chelsea FC,Leicester City FC,1,1,Premier League,2015-16
Tue May 17 2016,Manchester United FC,AFC Bournemouth,3,1,Premier League,2015-16
Sat Aug 13 2016,Hull City AFC,Leicester City FC,2,1,Premier League,2016-17
Sat Aug 13 2016,Everton FC,Tottenham Hotspur FC,1,1,Premier League,2016-17
Sat Aug 13 2016,Crystal Palace FC,West Bromwich Albion FC,0,1,Premier League,2016-17
Sat Aug 13 2016,Burnley FC,Swansea City FC,0,1,Premier League,2016-17
Sat Aug 13 2016,Middlesbrough FC,Stoke City FC,1,1,Premier League,2016-17
Sat Aug 13 2016,Southampton FC,Watford FC,1,1,Premier League,2016-17
Sat Aug 13 2016,Manchester City FC,Sunderland AFC,2,1,Premier League,2016-17
Sun Aug 14 2016,AFC Bournemouth,Manchester United FC,1,3,Premier League,2016-17
Sun Aug 14 2016,Arsenal FC,Liverpool FC,3,4,Premier League,2016-17
Mon Aug 15 2016,Chelsea FC,West Ham United FC,2,1,Premier League,2016-17
Fri Aug 19 2016,Manchester United FC,Southampton FC,2,0,Premier League,2016-17
Sat Aug 20 2016,Stoke City FC,Manchester City FC,1,4,Premier League,2016-17
Sat Aug 20 2016,Watford FC,Chelsea FC,1,2,Premier League,2016-17
Sat Aug 20 2016,Swansea City FC,Hull City AFC,0,2,Premier League,2016-17
Sat Aug 20 2016,West Bromwich Albion FC,Everton FC,1,2,Premier League,2016-17
Sat Aug 20 2016,Burnley FC,Liverpool FC,2,0,Premier League,2016-17
Sat Aug 20 2016,Tottenham Hotspur FC,Crystal Palace FC,1,0,Premier League,2016-17
Sat Aug 20 2016,Leicester City FC,Arsenal FC,0,0,Premier League,2016-17
Sun Aug 21 2016,Sunderland AFC,Middlesbrough FC,1,2,Premier League,2016-17
Sun Aug 21 2016,West Ham United FC,AFC Bournemouth,1,0,Premier League,2016-17
Sat Aug 27 2016,Tottenham Hotspur FC,Liverpool FC,1,1,Premier League,2016-17
Sat Aug 27 2016,Everton FC,Stoke City FC,1,0,Premier League,2016-17
Sat Aug 27 2016,Leicester City FC,Swansea City FC,2,1,Premier League,2016-17
Sat Aug 27 2016,Crystal Palace FC,AFC Bournemouth,1,1,Premier League,2016-17
Sat Aug 27 2016,Watford FC,Arsenal FC,1,3,Premier League,2016-17
Sat Aug 27 2016,Southampton FC,Sunderland AFC,1,1,Premier League,2016-17
Sat Aug 27 2016,Chelsea FC,Burnley FC,3,0,Premier League,2016-17
Sat Aug 27 2016,Hull City AFC,Manchester United FC,0,1,Premier League,2016-17
Sun Aug 28 2016,West Bromwich Albion FC,Middlesbrough FC,0,0,Premier League,2016-17
Sun Aug 28 2016,Manchester City FC,West Ham United FC,3,1,Premier League,2016-17
Sat Sep 10 2016,Manchester United FC,Manchester City FC,1,2,Premier League,2016-17
Sat Sep 10 2016,AFC Bournemouth,West Bromwich Albion FC,1,0,Premier League,2016-17
Sat Sep 10 2016,Stoke City FC,Tottenham Hotspur FC,0,4,Premier League,2016-17
Sat Sep 10 2016,Middlesbrough FC,Crystal Palace FC,1,2,Premier League,2016-17
Sat Sep 10 2016,West Ham United FC,Watford FC,2,4,Premier League,2016-17
Sat Sep 10 2016,Burnley FC,Hull City AFC,1,1,Premier League,2016-17
Sat Sep 10 2016,Arsenal FC,Southampton FC,2,1,Premier League,2016-17
Sat Sep 10 2016,Liverpool FC,Leicester City FC,4,1,Premier League,2016-17
Sun Sep 11 2016,Swansea City FC,Chelsea FC,2,2,Premier League,2016-17
Mon Sep 12 2016,Sunderland AFC,Everton FC,0,3,Premier League,2016-17
Fri Sep 16 2016,Chelsea FC,Liverpool FC,1,2,Premier League,2016-17
Sat Sep 17 2016,West Bromwich Albion FC,West Ham United FC,4,2,Premier League,2016-17
Sat Sep 17 2016,Hull City AFC,Arsenal FC,1,4,Premier League,2016-17
Sat Sep 17 2016,Manchester City FC,AFC Bournemouth,4,0,Premier League,2016-17
Sat Sep 17 2016,Leicester City FC,Burnley FC,3,0,Premier League,2016-17
Sat Sep 17 2016,Everton FC,Middlesbrough FC,3,1,Premier League,2016-17
Sun Sep 18 2016,Watford FC,Manchester United FC,3,1,Premier League,2016-17
Sun Sep 18 2016,Crystal Palace FC,Stoke City FC,4,1,Premier League,2016-17
Sun Sep 18 2016,Southampton FC,Swansea City FC,1,0,Premier League,2016-17
Sun Sep 18 2016,Tottenham Hotspur FC,Sunderland AFC,1,0,Premier League,2016-17
Sat Sep 24 2016,Manchester United FC,Leicester City FC,4,1,Premier League,2016-17
Sat Sep 24 2016,Sunderland AFC,Crystal Palace FC,2,3,Premier League,2016-17
Sat Sep 24 2016,AFC Bournemouth,Everton FC,1,0,Premier League,2016-17
Sat Sep 24 2016,Middlesbrough FC,Tottenham Hotspur FC,1,2,Premier League,2016-17
Sat Sep 24 2016,Liverpool FC,Hull City AFC,5,1,Premier League,2016-17
Sat Sep 24 2016,Stoke City FC,West Bromwich Albion FC,1,1,Premier League,2016-17
Sat Sep 24 2016,Swansea City FC,Manchester City FC,1,3,Premier League,2016-17
Sat Sep 24 2016,Arsenal FC,Chelsea FC,3,0,Premier League,2016-17
Sun Sep 25 2016,West Ham United FC,Southampton FC,0,3,Premier League,2016-17
Mon Sep 26 2016,Burnley FC,Watford FC,2,0,Premier League,2016-17
Fri Sep 30 2016,Everton FC,Crystal Palace FC,1,1,Premier League,2016-17
Sat Oct 1 2016,Swansea City FC,Liverpool FC,1,2,Premier League,2016-17
Sat Oct 1 2016,Watford FC,AFC Bournemouth,2,2,Premier League,2016-17
Sat Oct 1 2016,West Ham United FC,Middlesbrough FC,1,1,Premier League,2016-17
Sat Oct 1 2016,Sunderland AFC,West Bromwich Albion FC,1,1,Premier League,2016-17
Sat Oct 1 2016,Hull City AFC,Chelsea FC,0,2,Premier League,2016-17
Sun Oct 2 2016,Manchester United FC,Stoke City FC,1,1,Premier League,2016-17
Sun Oct 2 2016,Tottenham Hotspur FC,Manchester City FC,2,0,Premier League,2016-17
Sun Oct 2 2016,Leicester City FC,Southampton FC,0,0,Premier League,2016-17
Sun Oct 2 2016,Burnley FC,Arsenal FC,0,1,Premier League,2016-17
Sat Oct 15 2016,Chelsea FC,Leicester City FC,3,0,Premier League,2016-17
Sat Oct 15 2016,Stoke City FC,Sunderland AFC,2,0,Premier League,2016-17
Sat Oct 15 2016,Manchester City FC,Everton FC,1,1,Premier League,2016-17
Sat Oct 15 2016,Arsenal FC,Swansea City FC,3,2,Premier League,2016-17
Sat Oct 15 2016,West Bromwich Albion FC,Tottenham Hotspur FC,1,1,Premier League,2016-17
Sat Oct 15 2016,AFC Bournemouth,Hull City AFC,6,1,Premier League,2016-17
Sat Oct 15 2016,Crystal Palace FC,West Ham United FC,0,1,Premier League,2016-17
Sun Oct 16 2016,Middlesbrough FC,Watford FC,0,1,Premier League,2016-17
Sun Oct 16 2016,Southampton FC,Burnley FC,3,1,Premier League,2016-17
Mon Oct 17 2016,Liverpool FC,Manchester United FC,0,0,Premier League,2016-17
Sat Oct 22 2016,AFC Bournemouth,Tottenham Hotspur FC,0,0,Premier League,2016-17
Sat Oct 22 2016,Burnley FC,Everton FC,2,1,Premier League,2016-17
Sat Oct 22 2016,Hull City AFC,Stoke City FC,0,2,Premier League,2016-17
Sat Oct 22 2016,Swansea City FC,Watford FC,0,0,Premier League,2016-17
Sat Oct 22 2016,West Ham United FC,Sunderland AFC,1,0,Premier League,2016-17
Sat Oct 22 2016,Arsenal FC,Middlesbrough FC,0,0,Premier League,2016-17
Sat Oct 22 2016,Leicester City FC,Crystal Palace FC,3,1,Premier League,2016-17
Sat Oct 22 2016,Liverpool FC,West Bromwich Albion FC,2,1,Premier League,2016-17
Sun Oct 23 2016,Manchester City FC,Southampton FC,1,1,Premier League,2016-17
Sun Oct 23 2016,Chelsea FC,Manchester United FC,4,0,Premier League,2016-17
Sat Oct 29 2016,Sunderland AFC,Arsenal FC,1,4,Premier League,2016-17
Sat Oct 29 2016,Manchester United FC,Burnley FC,0,0,Premier League,2016-17
Sat Oct 29 2016,Watford FC,Hull City AFC,1,0,Premier League,2016-17
Sat Oct 29 2016,Middlesbrough FC,AFC Bournemouth,2,0,Premier League,2016-17
Sat Oct 29 2016,Tottenham Hotspur FC,Leicester City FC,1,1,Premier League,2016-17
Sat Oct 29 2016,West Bromwich Albion FC,Manchester City FC,0,4,Premier League,2016-17
Sat Oct 29 2016,Crystal Palace FC,Liverpool FC,2,4,Premier League,2016-17
Sun Oct 30 2016,Everton FC,West Ham United FC,2,0,Premier League,2016-17
Sun Oct 30 2016,Southampton FC,Chelsea FC,0,2,Premier League,2016-17
Mon Oct 31 2016,Stoke City FC,Swansea City FC,3,1,Premier League,2016-17
Sat Nov 5 2016,West Ham United FC,Stoke City FC,1,1,Premier League,2016-17
Sat Nov 5 2016,AFC Bournemouth,Sunderland AFC,1,2,Premier League,2016-17
Sat Nov 5 2016,Manchester City FC,Middlesbrough FC,1,1,Premier League,2016-17
Sat Nov 5 2016,Burnley FC,Crystal Palace FC,3,2,Premier League,2016-17
Sat Nov 5 2016,Chelsea FC,Everton FC,5,0,Premier League,2016-17
Sun Nov 6 2016,Arsenal FC,Tottenham Hotspur FC,1,1,Premier League,2016-17
Sun Nov 6 2016,Hull City AFC,Southampton FC,2,1,Premier League,2016-17
Sun Nov 6 2016,Liverpool FC,Watford FC,6,1,Premier League,2016-17
Sun Nov 6 2016,Swansea City FC,Manchester United FC,1,3,Premier League,2016-17
Sun Nov 6 2016,Leicester City FC,West Bromwich Albion FC,1,2,Premier League,2016-17
Sat Nov 19 2016,Manchester United FC,Arsenal FC,1,1,Premier League,2016-17
Sat Nov 19 2016,Southampton FC,Liverpool FC,0,0,Premier League,2016-17
Sat Nov 19 2016,Stoke City FC,AFC Bournemouth,0,1,Premier League,2016-17
Sat Nov 19 2016,Watford FC,Leicester City FC,2,1,Premier League,2016-17
Sat Nov 19 2016,Everton FC,Swansea City FC,1,1,Premier League,2016-17
Sat Nov 19 2016,Sunderland AFC,Hull City AFC,3,0,Premier League,2016-17
Sat Nov 19 2016,Crystal Palace FC,Manchester City FC,1,2,Premier League,2016-17
Sat Nov 19 2016,Tottenham Hotspur FC,West Ham United FC,3,2,Premier League,2016-17
Sun Nov 20 2016,Middlesbrough FC,Chelsea FC,0,1,Premier League,2016-17
Mon Nov 21 2016,West Bromwich Albion FC,Burnley FC,4,0,Premier League,2016-17
Sat Nov 26 2016,Burnley FC,Manchester City FC,1,2,Premier League,2016-17
Sat Nov 26 2016,Hull City AFC,West Bromwich Albion FC,1,1,Premier League,2016-17
Sat Nov 26 2016,Swansea City FC,Crystal Palace FC,5,4,Premier League,2016-17
Sat Nov 26 2016,Leicester City FC,Middlesbrough FC,2,2,Premier League,2016-17
Sat Nov 26 2016,Liverpool FC,Sunderland AFC,2,0,Premier League,2016-17
Sat Nov 26 2016,Chelsea FC,Tottenham Hotspur FC,2,1,Premier League,2016-17
Sun Nov 27 2016,Watford FC,Stoke City FC,0,1,Premier League,2016-17
Sun Nov 27 2016,Arsenal FC,AFC Bournemouth,3,1,Premier League,2016-17
Sun Nov 27 2016,Southampton FC,Everton FC,1,0,Premier League,2016-17
Sun Nov 27 2016,Manchester United FC,West Ham United FC,1,1,Premier League,2016-17
Sat Dec 3 2016,Manchester City FC,Chelsea FC,1,3,Premier League,2016-17
Sat Dec 3 2016,West Bromwich Albion FC,Watford FC,3,1,Premier League,2016-17
Sat Dec 3 2016,Crystal Palace FC,Southampton FC,3,0,Premier League,2016-17
Sat Dec 3 2016,Stoke City FC,Burnley FC,2,0,Premier League,2016-17
Sat Dec 3 2016,Tottenham Hotspur FC,Swansea City FC,5,0,Premier League,2016-17
Sat Dec 3 2016,Sunderland AFC,Leicester City FC,2,1,Premier League,2016-17
Sat Dec 3 2016,West Ham United FC,Arsenal FC,1,5,Premier League,2016-17
Sun Dec 4 2016,AFC Bournemouth,Liverpool FC,4,3,Premier League,2016-17
Sun Dec 4 2016,Everton FC,Manchester United FC,1,1,Premier League,2016-17
Mon Dec 5 2016,Middlesbrough FC,Hull City AFC,1,0,Premier League,2016-17
Sat Dec 10 2016,Watford FC,Everton FC,3,2,Premier League,2016-17
Sat Dec 10 2016,Burnley FC,AFC Bournemouth,3,2,Premier League,2016-17
Sat Dec 10 2016,Hull City AFC,Crystal Palace FC,3,3,Premier League,2016-17
Sat Dec 10 2016,Arsenal FC,Stoke City FC,3,1,Premier League,2016-17
Sat Dec 10 2016,Swansea City FC,Sunderland AFC,3,0,Premier League,2016-17
Sat Dec 10 2016,Leicester City FC,Manchester City FC,4,2,Premier League,2016-17
Sun Dec 11 2016,Chelsea FC,West Bromwich Albion FC,1,0,Premier League,2016-17
Sun Dec 11 2016,Southampton FC,Middlesbrough FC,1,0,Premier League,2016-17
Sun Dec 11 2016,Manchester United FC,Tottenham Hotspur FC,1,0,Premier League,2016-17
Sun Dec 11 2016,Liverpool FC,West Ham United FC,2,2,Premier League,2016-17
Tue Dec 13 2016,AFC Bournemouth,Leicester City FC,1,0,Premier League,2016-17
Tue Dec 13 2016,Everton FC,Arsenal FC,2,1,Premier League,2016-17
Wed Dec 14 2016,Middlesbrough FC,Liverpool FC,0,3,Premier League,2016-17
Wed Dec 14 2016,Sunderland AFC,Chelsea FC,0,1,Premier League,2016-17
Wed Dec 14 2016,West Ham United FC,Burnley FC,1,0,Premier League,2016-17
Wed Dec 14 2016,Manchester City FC,Watford FC,2,0,Premier League,2016-17
Wed Dec 14 2016,Tottenham Hotspur FC,Hull City AFC,3,0,Premier League,2016-17
Wed Dec 14 2016,West Bromwich Albion FC,Swansea City FC,3,1,Premier League,2016-17
Wed Dec 14 2016,Crystal Palace FC,Manchester United FC,1,2,Premier League,2016-17
Wed Dec 14 2016,Stoke City FC,Southampton FC,0,0,Premier League,2016-17
Sat Dec 17 2016,Crystal Palace FC,Chelsea FC,0,1,Premier League,2016-17
Sat Dec 17 2016,West Ham United FC,Hull City AFC,1,0,Premier League,2016-17
Sat Dec 17 2016,Middlesbrough FC,Swansea City FC,3,0,Premier League,2016-17
Sat Dec 17 2016,Sunderland AFC,Watford FC,1,0,Premier League,2016-17
Sat Dec 17 2016,Stoke City FC,Leicester City FC,2,2,Premier League,2016-17
Sat Dec 17 2016,West Bromwich Albion FC,Manchester United FC,0,2,Premier League,2016-17
Sun Dec 18 2016,AFC Bournemouth,Southampton FC,1,3,Premier League,2016-17
Sun Dec 18 2016,Manchester City FC,Arsenal FC,2,1,Premier League,2016-17
Sun Dec 18 2016,Tottenham Hotspur FC,Burnley FC,2,1,Premier League,2016-17
Mon Dec 19 2016,Everton FC,Liverpool FC,0,1,Premier League,2016-17
Mon Dec 26 2016,Watford FC,Crystal Palace FC,1,1,Premier League,2016-17
Mon Dec 26 2016,Burnley FC,Middlesbrough FC,1,0,Premier League,2016-17
Mon Dec 26 2016,Chelsea FC,AFC Bournemouth,3,0,Premier League,2016-17
Mon Dec 26 2016,Leicester City FC,Everton FC,0,2,Premier League,2016-17
Mon Dec 26 2016,Manchester United FC,Sunderland AFC,3,1,Premier League,2016-17
Mon Dec 26 2016,Arsenal FC,West Bromwich Albion FC,1,0,Premier League,2016-17
Mon Dec 26 2016,Swansea City FC,West Ham United FC,1,4,Premier League,2016-17
Mon Dec 26 2016,Hull City AFC,Manchester City FC,0,3,Premier League,2016-17
Tue Dec 27 2016,Liverpool FC,Stoke City FC,4,1,Premier League,2016-17
Wed Dec 28 2016,Southampton FC,Tottenham Hotspur FC,1,4,Premier League,2016-17
Fri Dec 30 2016,Hull City AFC,Everton FC,2,2,Premier League,2016-17
Sat Dec 31 2016,Swansea City FC,AFC Bournemouth,0,3,Premier League,2016-17
Sat Dec 31 2016,Manchester United FC,Middlesbrough FC,2,1,Premier League,2016-17
Sat Dec 31 2016,Leicester City FC,West Ham United FC,1,0,Premier League,2016-17
Sat Dec 31 2016,Southampton FC,West Bromwich Albion FC,1,2,Premier League,2016-17
Sat Dec 31 2016,Burnley FC,Sunderland AFC,4,1,Premier League,2016-17
Sat Dec 31 2016,Chelsea FC,Stoke City FC,4,2,Premier League,2016-17
Sat Dec 31 2016,Liverpool FC,Manchester City FC,1,0,Premier League,2016-17
Sun Jan 1 2017,Watford FC,Tottenham Hotspur FC,1,4,Premier League,2016-17
Sun Jan 1 2017,Arsenal FC,Crystal Palace FC,2,0,Premier League,2016-17
Mon Jan 2 2017,Middlesbrough FC,Leicester City FC,0,0,Premier League,2016-17
Mon Jan 2 2017,Everton FC,Southampton FC,3,0,Premier League,2016-17
Mon Jan 2 2017,West Bromwich Albion FC,Hull City AFC,3,1,Premier League,2016-17
Mon Jan 2 2017,Manchester City FC,Burnley FC,2,1,Premier League,2016-17
Mon Jan 2 2017,Sunderland AFC,Liverpool FC,2,2,Premier League,2016-17
Mon Jan 2 2017,West Ham United FC,Manchester United FC,0,2,Premier League,2016-17
Tue Jan 3 2017,AFC Bournemouth,Arsenal FC,3,3,Premier League,2016-17
Tue Jan 3 2017,Crystal Palace FC,Swansea City FC,1,2,Premier League,2016-17
Tue Jan 3 2017,Stoke City FC,Watford FC,2,0,Premier League,2016-17
Wed Jan 4 2017,Tottenham Hotspur FC,Chelsea FC,2,0,Premier League,2016-17
Sat Jan 14 2017,Tottenham Hotspur FC,West Bromwich Albion FC,4,0,Premier League,2016-17
Sat Jan 14 2017,Hull City AFC,AFC Bournemouth,3,1,Premier League,2016-17
Sat Jan 14 2017,Burnley FC,Southampton FC,1,0,Premier League,2016-17
Sat Jan 14 2017,West Ham United FC,Crystal Palace FC,3,0,Premier League,2016-17
Sat Jan 14 2017,Sunderland AFC,Stoke City FC,1,3,Premier League,2016-17
Sat Jan 14 2017,Watford FC,Middlesbrough FC,0,0,Premier League,2016-17
Sat Jan 14 2017,Swansea City FC,Arsenal FC,0,4,Premier League,2016-17
Sat Jan 14 2017,Leicester City FC,Chelsea FC,0,3,Premier League,2016-17
Sun Jan 15 2017,Everton FC,Manchester City FC,4,0,Premier League,2016-17
Sun Jan 15 2017,Manchester United FC,Liverpool FC,1,1,Premier League,2016-17
Sat Jan 21 2017,Liverpool FC,Swansea City FC,2,3,Premier League,2016-17
Sat Jan 21 2017,Stoke City FC,Manchester United FC,1,1,Premier League,2016-17
Sat Jan 21 2017,Middlesbrough FC,West Ham United FC,1,3,Premier League,2016-17
Sat Jan 21 2017,AFC Bournemouth,Watford FC,2,2,Premier League,2016-17
Sat Jan 21 2017,Crystal Palace FC,Everton FC,0,1,Premier League,2016-17
Sat Jan 21 2017,West Bromwich Albion FC,Sunderland AFC,2,0,Premier League,2016-17
Sat Jan 21 2017,Manchester City FC,Tottenham Hotspur FC,2,2,Premier League,2016-17
Sun Jan 22 2017,Southampton FC,Leicester City FC,3,0,Premier League,2016-17
Sun Jan 22 2017,Arsenal FC,Burnley FC,2,1,Premier League,2016-17
Sun Jan 22 2017,Chelsea FC,Hull City AFC,2,0,Premier League,2016-17
Tue Jan 31 2017,Arsenal FC,Watford FC,1,2,Premier League,2016-17
Tue Jan 31 2017,Sunderland AFC,Tottenham Hotspur FC,0,0,Premier League,2016-17
Tue Jan 31 2017,Swansea City FC,Southampton FC,2,1,Premier League,2016-17
Tue Jan 31 2017,AFC Bournemouth,Crystal Palace FC,0,2,Premier League,2016-17
Tue Jan 31 2017,Middlesbrough FC,West Bromwich Albion FC,1,1,Premier League,2016-17
Tue Jan 31 2017,Burnley FC,Leicester City FC,1,0,Premier League,2016-17
Tue Jan 31 2017,Liverpool FC,Chelsea FC,1,1,Premier League,2016-17
Wed Feb 1 2017,West Ham United FC,Manchester City FC,0,4,Premier League,2016-17
Wed Feb 1 2017,Manchester United FC,Hull City AFC,0,0,Premier League,2016-17
Wed Feb 1 2017,Stoke City FC,Everton FC,1,1,Premier League,2016-17
Sat Feb 4 2017,Chelsea FC,Arsenal FC,3,1,Premier League,2016-17
Sat Feb 4 2017,Watford FC,Burnley FC,2,1,Premier League,2016-17
Sat Feb 4 2017,Everton FC,AFC Bournemouth,6,3,Premier League,2016-17
Sat Feb 4 2017,Hull City AFC,Liverpool FC,2,0,Premier League,2016-17
Sat Feb 4 2017,Southampton FC,West Ham United FC,1,3,Premier League,2016-17
Sat Feb 4 2017,Crystal Palace FC,Sunderland AFC,0,4,Premier League,2016-17
Sat Feb 4 2017,West Bromwich Albion FC,Stoke City FC,1,0,Premier League,2016-17
Sat Feb 4 2017,Tottenham Hotspur FC,Middlesbrough FC,1,0,Premier League,2016-17
Sun Feb 5 2017,Manchester City FC,Swansea City FC,2,1,Premier League,2016-17
Sun Feb 5 2017,Leicester City FC,Manchester United FC,0,3,Premier League,2016-17
Sat Feb 11 2017,Arsenal FC,Hull City AFC,2,0,Premier League,2016-17
Sat Feb 11 2017,Manchester United FC,Watford FC,2,0,Premier League,2016-17
Sat Feb 11 2017,Stoke City FC,Crystal Palace FC,1,0,Premier League,2016-17
Sat Feb 11 2017,Sunderland AFC,Southampton FC,0,4,Premier League,2016-17
Sat Feb 11 2017,Middlesbrough FC,Everton FC,0,0,Premier League,2016-17
Sat Feb 11 2017,West Ham United FC,West Bromwich Albion FC,2,2,Premier League,2016-17
Sat Feb 11 2017,Liverpool FC,Tottenham Hotspur FC,2,0,Premier League,2016-17
Sun Feb 12 2017,Burnley FC,Chelsea FC,1,1,Premier League,2016-17
Sun Feb 12 2017,Swansea City FC,Leicester City FC,2,0,Premier League,2016-17
Mon Feb 13 2017,AFC Bournemouth,Manchester City FC,0,2,Premier League,2016-17
Sat Feb 25 2017,Crystal Palace FC,Middlesbrough FC,1,0,Premier League,2016-17
Sat Feb 25 2017,Everton FC,Sunderland AFC,2,0,Premier League,2016-17
Sat Feb 25 2017,Hull City AFC,Burnley FC,1,1,Premier League,2016-17
Sat Feb 25 2017,Chelsea FC,Swansea City FC,3,1,Premier League,2016-17
Sat Feb 25 2017,West Bromwich Albion FC,AFC Bournemouth,2,1,Premier League,2016-17
Sat Feb 25 2017,Watford FC,West Ham United FC,1,1,Premier League,2016-17
Sun Feb 26 2017,Tottenham Hotspur FC,Stoke City FC,4,0,Premier League,2016-17
Mon Feb 27 2017,Leicester City FC,Liverpool FC,3,1,Premier League,2016-17
Sat Mar 4 2017,Manchester United FC,AFC Bournemouth,1,1,Premier League,2016-17
Sat Mar 4 2017,West Bromwich Albion FC,Crystal Palace FC,0,2,Premier League,2016-17
Sat Mar 4 2017,Swansea City FC,Burnley FC,3,2,Premier League,2016-17
Sat Mar 4 2017,Stoke City FC,Middlesbrough FC,2,0,Premier League,2016-17
Sat Mar 4 2017,Watford FC,Southampton FC,3,4,Premier League,2016-17
Sat Mar 4 2017,Leicester City FC,Hull City AFC,3,1,Premier League,2016-17
Sat Mar 4 2017,Liverpool FC,Arsenal FC,3,1,Premier League,2016-17
Sun Mar 5 2017,Tottenham Hotspur FC,Everton FC,3,2,Premier League,2016-17
Sun Mar 5 2017,Sunderland AFC,Manchester City FC,0,2,Premier League,2016-17
Mon Mar 6 2017,West Ham United FC,Chelsea FC,1,2,Premier League,2016-17
Wed Mar 8 2017,Manchester City FC,Stoke City FC,0,0,Premier League,2016-17
Sat Mar 11 2017,Everton FC,West Bromwich Albion FC,3,0,Premier League,2016-17
Sat Mar 11 2017,Hull City AFC,Swansea City FC,2,1,Premier League,2016-17
Sat Mar 11 2017,AFC Bournemouth,West Ham United FC,3,2,Premier League,2016-17
Sun Mar 12 2017,Liverpool FC,Burnley FC,2,1,Premier League,2016-17
Sat Mar 18 2017,West Bromwich Albion FC,Arsenal FC,3,1,Premier League,2016-17
Sat Mar 18 2017,West Ham United FC,Leicester City FC,2,3,Premier League,2016-17
Sat Mar 18 2017,Everton FC,Hull City AFC,4,0,Premier League,2016-17
Sat Mar 18 2017,Stoke City FC,Chelsea FC,1,2,Premier League,2016-17
Sat Mar 18 2017,Sunderland AFC,Burnley FC,0,0,Premier League,2016-17
Sat Mar 18 2017,Crystal Palace FC,Watford FC,1,0,Premier League,2016-17
Sat Mar 18 2017,AFC Bournemouth,Swansea City FC,2,0,Premier League,2016-17
Sun Mar 19 2017,Middlesbrough FC,Manchester United FC,1,3,Premier League,2016-17
Sun Mar 19 2017,Tottenham Hotspur FC,Southampton FC,2,1,Premier League,2016-17
Sun Mar 19 2017,Manchester City FC,Liverpool FC,1,1,Premier League,2016-17
Sat Apr 1 2017,Liverpool FC,Everton FC,3,1,Premier League,2016-17
Sat Apr 1 2017,Leicester City FC,Stoke City FC,2,0,Premier League,2016-17
Sat Apr 1 2017,Burnley FC,Tottenham Hotspur FC,0,2,Premier League,2016-17
Sat Apr 1 2017,Chelsea FC,Crystal Palace FC,1,2,Premier League,2016-17
Sat Apr 1 2017,Hull City AFC,West Ham United FC,2,1,Premier League,2016-17
Sat Apr 1 2017,Watford FC,Sunderland AFC,1,0,Premier League,2016-17
Sat Apr 1 2017,Manchester United FC,West Bromwich Albion FC,0,0,Premier League,2016-17
Sat Apr 1 2017,Southampton FC,AFC Bournemouth,0,0,Premier League,2016-17
Sun Apr 2 2017,Swansea City FC,Middlesbrough FC,0,0,Premier League,2016-17
Sun Apr 2 2017,Arsenal FC,Manchester City FC,2,2,Premier League,2016-17
Tue Apr 4 2017,Burnley FC,Stoke City FC,1,0,Premier League,2016-17
Tue Apr 4 2017,Watford FC,West Bromwich Albion FC,2,0,Premier League,2016-17
Tue Apr 4 2017,Leicester City FC,Sunderland AFC,2,0,Premier League,2016-17
Tue Apr 4 2017,Manchester United FC,Everton FC,1,1,Premier League,2016-17
Wed Apr 5 2017,Arsenal FC,West Ham United FC,3,0,Premier League,2016-17
Wed Apr 5 2017,Swansea City FC,Tottenham Hotspur FC,1,3,Premier League,2016-17
Wed Apr 5 2017,Hull City AFC,Middlesbrough FC,4,2,Premier League,2016-17
Wed Apr 5 2017,Southampton FC,Crystal Palace FC,3,1,Premier League,2016-17
Wed Apr 5 2017,Liverpool FC,AFC Bournemouth,2,2,Premier League,2016-17
Wed Apr 5 2017,Chelsea FC,Manchester City FC,2,1,Premier League,2016-17
Sat Apr 8 2017,Tottenham Hotspur FC,Watford FC,4,0,Premier League,2016-17
Sat Apr 8 2017,West Bromwich Albion FC,Southampton FC,0,1,Premier League,2016-17
Sat Apr 8 2017,West Ham United FC,Swansea City FC,1,0,Premier League,2016-17
Sat Apr 8 2017,Middlesbrough FC,Burnley FC,0,0,Premier League,2016-17
Sat Apr 8 2017,Manchester City FC,Hull City AFC,3,1,Premier League,2016-17
Sat Apr 8 2017,Stoke City FC,Liverpool FC,1,2,Premier League,2016-17
Sat Apr 8 2017,AFC Bournemouth,Chelsea FC,1,3,Premier League,2016-17
Sun Apr 9 2017,Sunderland AFC,Manchester United FC,0,3,Premier League,2016-17
Sun Apr 9 2017,Everton FC,Leicester City FC,4,2,Premier League,2016-17
Mon Apr 10 2017,Crystal Palace FC,Arsenal FC,3,0,Premier League,2016-17
Sat Apr 15 2017,Tottenham Hotspur FC,AFC Bournemouth,4,0,Premier League,2016-17
Sat Apr 15 2017,Crystal Palace FC,Leicester City FC,2,2,Premier League,2016-17
Sat Apr 15 2017,Stoke City FC,Hull City AFC,3,1,Premier League,2016-17
Sat Apr 15 2017,Everton FC,Burnley FC,3,1,Premier League,2016-17
Sat Apr 15 2017,Sunderland AFC,West Ham United FC,2,2,Premier League,2016-17
Sat Apr 15 2017,Watford FC,Swansea City FC,1,0,Premier League,2016-17
Sat Apr 15 2017,Southampton FC,Manchester City FC,0,3,Premier League,2016-17
Sun Apr 16 2017,West Bromwich Albion FC,Liverpool FC,0,1,Premier League,2016-17
Sun Apr 16 2017,Manchester United FC,Chelsea FC,2,0,Premier League,2016-17
Mon Apr 17 2017,Middlesbrough FC,Arsenal FC,1,2,Premier League,2016-17
Sat Apr 22 2017,AFC Bournemouth,Middlesbrough FC,4,0,Premier League,2016-17
Sat Apr 22 2017,Hull City AFC,Watford FC,2,0,Premier League,2016-17
Sat Apr 22 2017,West Ham United FC,Everton FC,0,0,Premier League,2016-17
Sat Apr 22 2017,Swansea City FC,Stoke City FC,2,0,Premier League,2016-17
Sun Apr 23 2017,Burnley FC,Manchester United FC,0,2,Premier League,2016-17
Sun Apr 23 2017,Liverpool FC,Crystal Palace FC,1,2,Premier League,2016-17
Tue Apr 25 2017,Chelsea FC,Southampton FC,4,2,Premier League,2016-17
Wed Apr 26 2017,Arsenal FC,Leicester City FC,1,0,Premier League,2016-17
Wed Apr 26 2017,Middlesbrough FC,Sunderland AFC,1,0,Premier League,2016-17
Wed Apr 26 2017,Crystal Palace FC,Tottenham Hotspur FC,0,1,Premier League,2016-17
Thu Apr 27 2017,Manchester City FC,Manchester United FC,0,0,Premier League,2016-17
Sat Apr 29 2017,Southampton FC,Hull City AFC,0,0,Premier League,2016-17
Sat Apr 29 2017,Stoke City FC,West Ham United FC,0,0,Premier League,2016-17
Sat Apr 29 2017,West Bromwich Albion FC,Leicester City FC,0,1,Premier League,2016-17
Sat Apr 29 2017,Sunderland AFC,AFC Bournemouth,0,1,Premier League,2016-17
Sat Apr 29 2017,Crystal Palace FC,Burnley FC,0,2,Premier League,2016-17
Sun Apr 30 2017,Manchester United FC,Swansea City FC,1,1,Premier League,2016-17
Sun Apr 30 2017,Everton FC,Chelsea FC,0,3,Premier League,2016-17
Sun Apr 30 2017,Middlesbrough FC,Manchester City FC,2,2,Premier League,2016-17
Sun Apr 30 2017,Tottenham Hotspur FC,Arsenal FC,2,0,Premier League,2016-17
Mon May 1 2017,Watford FC,Liverpool FC,0,1,Premier League,2016-17
Fri May 5 2017,West Ham United FC,Tottenham Hotspur FC,1,0,Premier League,2016-17
Sat May 6 2017,Manchester City FC,Crystal Palace FC,5,0,Premier League,2016-17
Sat May 6 2017,AFC Bournemouth,Stoke City FC,2,2,Premier League,2016-17
Sat May 6 2017,Burnley FC,West Bromwich Albion FC,2,2,Premier League,2016-17
Sat May 6 2017,Leicester City FC,Watford FC,3,0,Premier League,2016-17
Sat May 6 2017,Hull City AFC,Sunderland AFC,0,2,Premier League,2016-17
Sat May 6 2017,Swansea City FC,Everton FC,1,0,Premier League,2016-17
Sun May 7 2017,Liverpool FC,Southampton FC,0,0,Premier League,2016-17
Sun May 7 2017,Arsenal FC,Manchester United FC,2,0,Premier League,2016-17
Mon May 8 2017,Chelsea FC,Middlesbrough FC,3,0,Premier League,2016-17
Wed May 10 2017,Southampton FC,Arsenal FC,0,2,Premier League,2016-17
Fri May 12 2017,Everton FC,Watford FC,1,0,Premier League,2016-17
Fri May 12 2017,West Bromwich Albion FC,Chelsea FC,0,1,Premier League,2016-17
Sat May 13 2017,Manchester City FC,Leicester City FC,2,1,Premier League,2016-17
Sat May 13 2017,Sunderland AFC,Swansea City FC,0,2,Premier League,2016-17
Sat May 13 2017,Middlesbrough FC,Southampton FC,1,2,Premier League,2016-17
Sat May 13 2017,AFC Bournemouth,Burnley FC,2,1,Premier League,2016-17
Sat May 13 2017,Stoke City FC,Arsenal FC,1,4,Premier League,2016-17
Sun May 14 2017,Crystal Palace FC,Hull City AFC,4,0,Premier League,2016-17
Sun May 14 2017,West Ham United FC,Liverpool FC,0,4,Premier League,2016-17
Sun May 14 2017,Tottenham Hotspur FC,Manchester United FC,2,1,Premier League,2016-17
Mon May 15 2017,Chelsea FC,Watford FC,4,3,Premier League,2016-17
Tue May 16 2017,Arsenal FC,Sunderland AFC,2,0,Premier League,2016-17
Tue May 16 2017,Manchester City FC,West Bromwich Albion FC,3,1,Premier League,2016-17
Wed May 17 2017,Southampton FC,Manchester United FC,0,0,Premier League,2016-17
Thu May 18 2017,Leicester City FC,Tottenham Hotspur FC,1,6,Premier League,2016-17
Sun May 21 2017,Hull City AFC,Tottenham Hotspur FC,1,7,Premier League,2016-17
Sun May 21 2017,Arsenal FC,Everton FC,3,1,Premier League,2016-17
Sun May 21 2017,Burnley FC,West Ham United FC,1,2,Premier League,2016-17
Sun May 21 2017,Manchester United FC,Crystal Palace FC,2,0,Premier League,2016-17
Sun May 21 2017,Liverpool FC,Middlesbrough FC,3,0,Premier League,2016-17
Sun May 21 2017,Leicester City FC,AFC Bournemouth,1,1,Premier League,2016-17
Sun May 21 2017,Chelsea FC,Sunderland AFC,5,1,Premier League,2016-17
Sun May 21 2017,Southampton FC,Stoke City FC,0,1,Premier League,2016-17
Sun May 21 2017,Swansea City FC,West Bromwich Albion FC,2,1,Premier League,2016-17
Sun May 21 2017,Watford FC,Manchester City FC,0,5,Premier League,2016-17
Fri Aug 11 2017,Arsenal FC,Leicester City FC,4,3,Premier League,2017-18
Sat Aug 12 2017,Watford FC,Liverpool FC,3,3,Premier League,2017-18
Sat Aug 12 2017,West Bromwich Albion FC,AFC Bournemouth,1,0,Premier League,2017-18
Sat Aug 12 2017,Chelsea FC,Burnley FC,2,3,Premier League,2017-18
Sat Aug 12 2017,Brighton & Hove Albion FC,Manchester City FC,0,2,Premier League,2017-18
Sat Aug 12 2017,Southampton FC,Swansea City FC,0,0,Premier League,2017-18
Sat Aug 12 2017,Everton FC,Stoke City FC,1,0,Premier League,2017-18
Sat Aug 12 2017,Crystal Palace FC,Huddersfield Town AFC,0,3,Premier League,2017-18
Sun Aug 13 2017,Manchester United FC,West Ham United FC,4,0,Premier League,2017-18
Sun Aug 13 2017,Newcastle United FC,Tottenham Hotspur FC,0,2,Premier League,2017-18
Sat Aug 19 2017,Swansea City FC,Manchester United FC,0,4,Premier League,2017-18
Sat Aug 19 2017,Southampton FC,West Ham United FC,3,2,Premier League,2017-18
Sat Aug 19 2017,Stoke City FC,Arsenal FC,1,0,Premier League,2017-18
Sat Aug 19 2017,Burnley FC,West Bromwich Albion FC,0,1,Premier League,2017-18
Sat Aug 19 2017,AFC Bournemouth,Watford FC,0,2,Premier League,2017-18
Sat Aug 19 2017,Liverpool FC,Crystal Palace FC,1,0,Premier League,2017-18
Sat Aug 19 2017,Leicester City FC,Brighton & Hove Albion FC,2,0,Premier League,2017-18
Sun Aug 20 2017,Huddersfield Town AFC,Newcastle United FC,1,0,Premier League,2017-18
Sun Aug 20 2017,Tottenham Hotspur FC,Chelsea FC,1,2,Premier League,2017-18
Mon Aug 21 2017,Manchester City FC,Everton FC,1,1,Premier League,2017-18
Sat Aug 26 2017,Huddersfield Town AFC,Southampton FC,0,0,Premier League,2017-18
Sat Aug 26 2017,AFC Bournemouth,Manchester City FC,1,2,Premier League,2017-18
Sat Aug 26 2017,Crystal Palace FC,Swansea City FC,0,2,Premier League,2017-18
Sat Aug 26 2017,Watford FC,Brighton & Hove Albion FC,0,0,Premier League,2017-18
Sat Aug 26 2017,Manchester United FC,Leicester City FC,2,0,Premier League,2017-18
Sat Aug 26 2017,Newcastle United FC,West Ham United FC,3,0,Premier League,2017-18
Sun Aug 27 2017,West Bromwich Albion FC,Stoke City FC,1,1,Premier League,2017-18
Sun Aug 27 2017,Chelsea FC,Everton FC,2,0,Premier League,2017-18
Sun Aug 27 2017,Liverpool FC,Arsenal FC,4,0,Premier League,2017-18
Sun Aug 27 2017,Tottenham Hotspur FC,Burnley FC,1,1,Premier League,2017-18
Sat Sep 9 2017,Brighton & Hove Albion FC,West Bromwich Albion FC,3,1,Premier League,2017-18
Sat Sep 9 2017,Manchester City FC,Liverpool FC,5,0,Premier League,2017-18
Sat Sep 9 2017,Stoke City FC,Manchester United FC,2,2,Premier League,2017-18
Sat Sep 9 2017,Arsenal FC,AFC Bournemouth,3,0,Premier League,2017-18
Sat Sep 9 2017,Everton FC,Tottenham Hotspur FC,0,3,Premier League,2017-18
Sat Sep 9 2017,Southampton FC,Watford FC,0,2,Premier League,2017-18
Sat Sep 9 2017,Leicester City FC,Chelsea FC,1,2,Premier League,2017-18
Sun Sep 10 2017,Swansea City FC,Newcastle United FC,0,1,Premier League,2017-18
Sun Sep 10 2017,Burnley FC,Crystal Palace FC,1,0,Premier League,2017-18
Mon Sep 11 2017,West Ham United FC,Huddersfield Town AFC,2,0,Premier League,2017-18
Fri Sep 15 2017,AFC Bournemouth,Brighton & Hove Albion FC,2,1,Premier League,2017-18
Sat Sep 16 2017,Liverpool FC,Burnley FC,1,1,Premier League,2017-18
Sat Sep 16 2017,Newcastle United FC,Stoke City FC,2,1,Premier League,2017-18
Sat Sep 16 2017,Crystal Palace FC,Southampton FC,0,1,Premier League,2017-18
Sat Sep 16 2017,Tottenham Hotspur FC,Swansea City FC,0,0,Premier League,2017-18
Sat Sep 16 2017,Watford FC,Manchester City FC,0,6,Premier League,2017-18
Sat Sep 16 2017,West Bromwich Albion FC,West Ham United FC,0,0,Premier League,2017-18
Sat Sep 16 2017,Huddersfield Town AFC,Leicester City FC,1,1,Premier League,2017-18
Sun Sep 17 2017,Chelsea FC,Arsenal FC,0,0,Premier League,2017-18
Sun Sep 17 2017,Manchester United FC,Everton FC,4,0,Premier League,2017-18
Sat Sep 23 2017,West Ham United FC,Tottenham Hotspur FC,2,3,Premier League,2017-18
Sat Sep 23 2017,Southampton FC,Manchester United FC,0,1,Premier League,2017-18
Sat Sep 23 2017,Swansea City FC,Watford FC,1,2,Premier League,2017-18
Sat Sep 23 2017,Everton FC,AFC Bournemouth,2,1,Premier League,2017-18
Sat Sep 23 2017,Manchester City FC,Crystal Palace FC,5,0,Premier League,2017-18
Sat Sep 23 2017,Stoke City FC,Chelsea FC,0,4,Premier League,2017-18
Sat Sep 23 2017,Burnley FC,Huddersfield Town AFC,0,0,Premier League,2017-18
Sat Sep 23 2017,Leicester City FC,Liverpool FC,2,3,Premier League,2017-18
Sun Sep 24 2017,Brighton & Hove Albion FC,Newcastle United FC,1,0,Premier League,2017-18
Mon Sep 25 2017,Arsenal FC,West Bromwich Albion FC,2,0,Premier League,2017-18
Sat Sep 30 2017,West Bromwich Albion FC,Watford FC,2,2,Premier League,2017-18
Sat Sep 30 2017,Manchester United FC,Crystal Palace FC,4,0,Premier League,2017-18
Sat Sep 30 2017,Huddersfield Town AFC,Tottenham Hotspur FC,0,4,Premier League,2017-18
Sat Sep 30 2017,Chelsea FC,Manchester City FC,0,1,Premier League,2017-18
Sat Sep 30 2017,AFC Bournemouth,Leicester City FC,0,0,Premier League,2017-18
Sat Sep 30 2017,West Ham United FC,Swansea City FC,1,0,Premier League,2017-18
Sat Sep 30 2017,Stoke City FC,Southampton FC,2,1,Premier League,2017-18
Sun Oct 1 2017,Arsenal FC,Brighton & Hove Albion FC,2,0,Premier League,2017-18
Sun Oct 1 2017,Everton FC,Burnley FC,0,1,Premier League,2017-18
Sun Oct 1 2017,Newcastle United FC,Liverpool FC,1,1,Premier League,2017-18
Sat Oct 14 2017,Crystal Palace FC,Chelsea FC,2,1,Premier League,2017-18
Sat Oct 14 2017,Liverpool FC,Manchester United FC,0,0,Premier League,2017-18
Sat Oct 14 2017,Manchester City FC,Stoke City FC,7,2,Premier League,2017-18
Sat Oct 14 2017,Tottenham Hotspur FC,AFC Bournemouth,1,0,Premier League,2017-18
Sat Oct 14 2017,Watford FC,Arsenal FC,2,1,Premier League,2017-18
Sat Oct 14 2017,Swansea City FC,Huddersfield Town AFC,2,0,Premier League,2017-18
Sat Oct 14 2017,Burnley FC,West Ham United FC,1,1,Premier League,2017-18
Sun Oct 15 2017,Brighton & Hove Albion FC,Everton FC,1,1,Premier League,2017-18
Sun Oct 15 2017,Southampton FC,Newcastle United FC,2,2,Premier League,2017-18
Mon Oct 16 2017,Leicester City FC,West Bromwich Albion FC,1,1,Premier League,2017-18
Fri Oct 20 2017,West Ham United FC,Brighton & Hove Albion FC,0,3,Premier League,2017-18
Sat Oct 21 2017,Manchester City FC,Burnley FC,3,0,Premier League,2017-18
Sat Oct 21 2017,Chelsea FC,Watford FC,4,2,Premier League,2017-18
Sat Oct 21 2017,Huddersfield Town AFC,Manchester United FC,2,1,Premier League,2017-18
Sat Oct 21 2017,Newcastle United FC,Crystal Palace FC,1,0,Premier League,2017-18
Sat Oct 21 2017,Swansea City FC,Leicester City FC,1,2,Premier League,2017-18
Sat Oct 21 2017,Stoke City FC,AFC Bournemouth,1,2,Premier League,2017-18
Sat Oct 21 2017,Southampton FC,West Bromwich Albion FC,1,0,Premier League,2017-18
Sun Oct 22 2017,Everton FC,Arsenal FC,2,5,Premier League,2017-18
Sun Oct 22 2017,Tottenham Hotspur FC,Liverpool FC,4,1,Premier League,2017-18
Sat Oct 28 2017,Arsenal FC,Swansea City FC,2,1,Premier League,2017-18
Sat Oct 28 2017,Liverpool FC,Huddersfield Town AFC,3,0,Premier League,2017-18
Sat Oct 28 2017,Manchester United FC,Tottenham Hotspur FC,1,0,Premier League,2017-18
Sat Oct 28 2017,AFC Bournemouth,Chelsea FC,0,1,Premier League,2017-18
Sat Oct 28 2017,Crystal Palace FC,West Ham United FC,2,2,Premier League,2017-18
Sat Oct 28 2017,West Bromwich Albion FC,Manchester City FC,2,3,Premier League,2017-18
Sat Oct 28 2017,Watford FC,Stoke City FC,0,1,Premier League,2017-18
Sun Oct 29 2017,Brighton & Hove Albion FC,Southampton FC,1,1,Premier League,2017-18
Sun Oct 29 2017,Leicester City FC,Everton FC,2,0,Premier League,2017-18
Mon Oct 30 2017,Burnley FC,Newcastle United FC,1,0,Premier League,2017-18
Sat Nov 4 2017,Stoke City FC,Leicester City FC,2,2,Premier League,2017-18
Sat Nov 4 2017,Newcastle United FC,AFC Bournemouth,0,1,Premier League,2017-18
Sat Nov 4 2017,Swansea City FC,Brighton & Hove Albion FC,0,1,Premier League,2017-18
Sat Nov 4 2017,Huddersfield Town AFC,West Bromwich Albion FC,1,0,Premier League,2017-18
Sat Nov 4 2017,West Ham United FC,Liverpool FC,1,4,Premier League,2017-18
Sat Nov 4 2017,Southampton FC,Burnley FC,0,1,Premier League,2017-18
Sun Nov 5 2017,Tottenham Hotspur FC,Crystal Palace FC,1,0,Premier League,2017-18
Sun Nov 5 2017,Manchester City FC,Arsenal FC,3,1,Premier League,2017-18
Sun Nov 5 2017,Chelsea FC,Manchester United FC,1,0,Premier League,2017-18
Sun Nov 5 2017,Everton FC,Watford FC,3,2,Premier League,2017-18
Sat Nov 18 2017,Arsenal FC,Tottenham Hotspur FC,2,0,Premier League,2017-18
Sat Nov 18 2017,Crystal Palace FC,Everton FC,2,2,Premier League,2017-18
Sat Nov 18 2017,Manchester United FC,Newcastle United FC,4,1,Premier League,2017-18
Sat Nov 18 2017,Leicester City FC,Manchester City FC,0,2,Premier League,2017-18
Sat Nov 18 2017,Burnley FC,Swansea City FC,2,0,Premier League,2017-18
Sat Nov 18 2017,AFC Bournemouth,Huddersfield Town AFC,4,0,Premier League,2017-18
Sat Nov 18 2017,West Bromwich Albion FC,Chelsea FC,0,4,Premier League,2017-18
Sat Nov 18 2017,Liverpool FC,Southampton FC,3,0,Premier League,2017-18
Sun Nov 19 2017,Watford FC,West Ham United FC,2,0,Premier League,2017-18
Mon Nov 20 2017,Brighton & Hove Albion FC,Stoke City FC,2,2,Premier League,2017-18
Fri Nov 24 2017,West Ham United FC,Leicester City FC,1,1,Premier League,2017-18
Sat Nov 25 2017,Tottenham Hotspur FC,West Bromwich Albion FC,1,1,Premier League,2017-18
Sat Nov 25 2017,Newcastle United FC,Watford FC,0,3,Premier League,2017-18
Sat Nov 25 2017,Crystal Palace FC,Stoke City FC,2,1,Premier League,2017-18
Sat Nov 25 2017,Liverpool FC,Chelsea FC,1,1,Premier League,2017-18
Sat Nov 25 2017,Manchester United FC,Brighton & Hove Albion FC,1,0,Premier League,2017-18
Sat Nov 25 2017,Swansea City FC,AFC Bournemouth,0,0,Premier League,2017-18
Sun Nov 26 2017,Southampton FC,Everton FC,4,1,Premier League,2017-18
Sun Nov 26 2017,Burnley FC,Arsenal FC,0,1,Premier League,2017-18
Sun Nov 26 2017,Huddersfield Town AFC,Manchester City FC,1,2,Premier League,2017-18
Tue Nov 28 2017,Leicester City FC,Tottenham Hotspur FC,2,1,Premier League,2017-18
Tue Nov 28 2017,Brighton & Hove Albion FC,Crystal Palace FC,0,0,Premier League,2017-18
Tue Nov 28 2017,West Bromwich Albion FC,Newcastle United FC,2,2,Premier League,2017-18
Tue Nov 28 2017,Watford FC,Manchester United FC,2,4,Premier League,2017-18
Wed Nov 29 2017,Chelsea FC,Swansea City FC,1,0,Premier League,2017-18
Wed Nov 29 2017,AFC Bournemouth,Burnley FC,1,2,Premier League,2017-18
Wed Nov 29 2017,Arsenal FC,Huddersfield Town AFC,5,0,Premier League,2017-18
Wed Nov 29 2017,Everton FC,West Ham United FC,4,0,Premier League,2017-18
Wed Nov 29 2017,Manchester City FC,Southampton FC,2,1,Premier League,2017-18
Wed Nov 29 2017,Stoke City FC,Liverpool FC,0,3,Premier League,2017-18
Sat Dec 2 2017,Chelsea FC,Newcastle United FC,3,1,Premier League,2017-18
Sat Dec 2 2017,Stoke City FC,Swansea City FC,2,1,Premier League,2017-18
Sat Dec 2 2017,West Bromwich Albion FC,Crystal Palace FC,0,0,Premier League,2017-18
Sat Dec 2 2017,Brighton & Hove Albion FC,Liverpool FC,1,5,Premier League,2017-18
Sat Dec 2 2017,Arsenal FC,Manchester United FC,1,3,Premier League,2017-18
Sat Dec 2 2017,Watford FC,Tottenham Hotspur FC,1,1,Premier League,2017-18
Sat Dec 2 2017,Leicester City FC,Burnley FC,1,0,Premier League,2017-18
Sat Dec 2 2017,Everton FC,Huddersfield Town AFC,2,0,Premier League,2017-18
Sun Dec 3 2017,Manchester City FC,West Ham United FC,2,1,Premier League,2017-18
Sun Dec 3 2017,AFC Bournemouth,Southampton FC,1,1,Premier League,2017-18
Sat Dec 9 2017,West Ham United FC,Chelsea FC,1,0,Premier League,2017-18
Sat Dec 9 2017,Swansea City FC,West Bromwich Albion FC,1,0,Premier League,2017-18
Sat Dec 9 2017,Crystal Palace FC,AFC Bournemouth,2,2,Premier League,2017-18
Sat Dec 9 2017,Huddersfield Town AFC,Brighton & Hove Albion FC,2,0,Premier League,2017-18
Sat Dec 9 2017,Newcastle United FC,Leicester City FC,2,3,Premier League,2017-18
Sat Dec 9 2017,Tottenham Hotspur FC,Stoke City FC,5,1,Premier League,2017-18
Sat Dec 9 2017,Burnley FC,Watford FC,1,0,Premier League,2017-18
Sun Dec 10 2017,Southampton FC,Arsenal FC,1,1,Premier League,2017-18
Sun Dec 10 2017,Liverpool FC,Everton FC,1,1,Premier League,2017-18
Sun Dec 10 2017,Manchester United FC,Manchester City FC,1,2,Premier League,2017-18
Tue Dec 12 2017,Burnley FC,Stoke City FC,1,0,Premier League,2017-18
Tue Dec 12 2017,Crystal Palace FC,Watford FC,2,1,Premier League,2017-18
Tue Dec 12 2017,Huddersfield Town AFC,Chelsea FC,1,3,Premier League,2017-18
Wed Dec 13 2017,Southampton FC,Leicester City FC,1,4,Premier League,2017-18
Wed Dec 13 2017,Manchester United FC,AFC Bournemouth,1,0,Premier League,2017-18
Wed Dec 13 2017,Swansea City FC,Manchester City FC,0,4,Premier League,2017-18
Wed Dec 13 2017,Liverpool FC,West Bromwich Albion FC,0,0,Premier League,2017-18
Wed Dec 13 2017,West Ham United FC,Arsenal FC,0,0,Premier League,2017-18
Wed Dec 13 2017,Tottenham Hotspur FC,Brighton & Hove Albion FC,2,0,Premier League,2017-18
Wed Dec 13 2017,Newcastle United FC,Everton FC,0,1,Premier League,2017-18
Sat Dec 16 2017,Leicester City FC,Crystal Palace FC,0,3,Premier League,2017-18
Sat Dec 16 2017,Brighton & Hove Albion FC,Burnley FC,0,0,Premier League,2017-18
Sat Dec 16 2017,Watford FC,Huddersfield Town AFC,1,4,Premier League,2017-18
Sat Dec 16 2017,Manchester City FC,Tottenham Hotspur FC,4,1,Premier League,2017-18
Sat Dec 16 2017,Arsenal FC,Newcastle United FC,1,0,Premier League,2017-18
Sat Dec 16 2017,Stoke City FC,West Ham United FC,0,3,Premier League,2017-18
Sat Dec 16 2017,Chelsea FC,Southampton FC,1,0,Premier League,2017-18
Sun Dec 17 2017,West Bromwich Albion FC,Manchester United FC,1,2,Premier League,2017-18
Sun Dec 17 2017,AFC Bournemouth,Liverpool FC,0,4,Premier League,2017-18
Mon Dec 18 2017,Everton FC,Swansea City FC,3,1,Premier League,2017-18
Fri Dec 22 2017,Arsenal FC,Liverpool FC,3,3,Premier League,2017-18
Sat Dec 23 2017,West Ham United FC,Newcastle United FC,2,3,Premier League,2017-18
Sat Dec 23 2017,Stoke City FC,West Bromwich Albion FC,3,1,Premier League,2017-18
Sat Dec 23 2017,Everton FC,Chelsea FC,0,0,Premier League,2017-18
Sat Dec 23 2017,Swansea City FC,Crystal Palace FC,1,1,Premier League,2017-18
Sat Dec 23 2017,Brighton & Hove Albion FC,Watford FC,1,0,Premier League,2017-18
Sat Dec 23 2017,Manchester City FC,AFC Bournemouth,4,0,Premier League,2017-18
Sat Dec 23 2017,Leicester City FC,Manchester United FC,2,2,Premier League,2017-18
Sat Dec 23 2017,Burnley FC,Tottenham Hotspur FC,0,3,Premier League,2017-18
Sat Dec 23 2017,Southampton FC,Huddersfield Town AFC,1,1,Premier League,2017-18
Tue Dec 26 2017,Liverpool FC,Swansea City FC,5,0,Premier League,2017-18
Tue Dec 26 2017,Huddersfield Town AFC,Stoke City FC,1,1,Premier League,2017-18
Tue Dec 26 2017,AFC Bournemouth,West Ham United FC,3,3,Premier League,2017-18
Tue Dec 26 2017,Chelsea FC,Brighton & Hove Albion FC,2,0,Premier League,2017-18
Tue Dec 26 2017,Manchester United FC,Burnley FC,2,2,Premier League,2017-18
Tue Dec 26 2017,Watford FC,Leicester City FC,2,1,Premier League,2017-18
Tue Dec 26 2017,West Bromwich Albion FC,Everton FC,0,0,Premier League,2017-18
Tue Dec 26 2017,Tottenham Hotspur FC,Southampton FC,5,2,Premier League,2017-18
Wed Dec 27 2017,Newcastle United FC,Manchester City FC,0,1,Premier League,2017-18
Thu Dec 28 2017,Crystal Palace FC,Arsenal FC,2,3,Premier League,2017-18
Sat Dec 30 2017,Newcastle United FC,Brighton & Hove Albion FC,0,0,Premier League,2017-18
Sat Dec 30 2017,Chelsea FC,Stoke City FC,5,0,Premier League,2017-18
Sat Dec 30 2017,AFC Bournemouth,Everton FC,2,1,Premier League,2017-18
Sat Dec 30 2017,Watford FC,Swansea City FC,1,2,Premier League,2017-18
Sat Dec 30 2017,Huddersfield Town AFC,Burnley FC,0,0,Premier League,2017-18
Sat Dec 30 2017,Manchester United FC,Southampton FC,0,0,Premier League,2017-18
Sat Dec 30 2017,Liverpool FC,Leicester City FC,2,1,Premier League,2017-18
Sun Dec 31 2017,Crystal Palace FC,Manchester City FC,0,0,Premier League,2017-18
Sun Dec 31 2017,West Bromwich Albion FC,Arsenal FC,1,1,Premier League,2017-18
Mon Jan 1 2018,Burnley FC,Liverpool FC,1,2,Premier League,2017-18
Mon Jan 1 2018,Brighton & Hove Albion FC,AFC Bournemouth,2,2,Premier League,2017-18
Mon Jan 1 2018,Leicester City FC,Huddersfield Town AFC,3,0,Premier League,2017-18
Mon Jan 1 2018,Everton FC,Manchester United FC,0,2,Premier League,2017-18
Mon Jan 1 2018,Stoke City FC,Newcastle United FC,0,1,Premier League,2017-18
Tue Jan 2 2018,Swansea City FC,Tottenham Hotspur FC,0,2,Premier League,2017-18
Tue Jan 2 2018,West Ham United FC,West Bromwich Albion FC,2,1,Premier League,2017-18
Tue Jan 2 2018,Southampton FC,Crystal Palace FC,1,2,Premier League,2017-18
Tue Jan 2 2018,Manchester City FC,Watford FC,3,1,Premier League,2017-18
Wed Jan 3 2018,Arsenal FC,Chelsea FC,2,2,Premier League,2017-18
Thu Jan 4 2018,Tottenham Hotspur FC,West Ham United FC,1,1,Premier League,2017-18
Sat Jan 13 2018,West Bromwich Albion FC,Brighton & Hove Albion FC,2,0,Premier League,2017-18
Sat Jan 13 2018,Crystal Palace FC,Burnley FC,1,0,Premier League,2017-18
Sat Jan 13 2018,Huddersfield Town AFC,West Ham United FC,1,4,Premier League,2017-18
Sat Jan 13 2018,Tottenham Hotspur FC,Everton FC,4,0,Premier League,2017-18
Sat Jan 13 2018,Newcastle United FC,Swansea City FC,1,1,Premier League,2017-18
Sat Jan 13 2018,Watford FC,Southampton FC,2,2,Premier League,2017-18
Sat Jan 13 2018,Chelsea FC,Leicester City FC,0,0,Premier League,2017-18
Sun Jan 14 2018,AFC Bournemouth,Arsenal FC,2,1,Premier League,2017-18
Sun Jan 14 2018,Liverpool FC,Manchester City FC,4,3,Premier League,2017-18
Mon Jan 15 2018,Manchester United FC,Stoke City FC,3,0,Premier League,2017-18
Sat Jan 20 2018,Leicester City FC,Watford FC,2,0,Premier League,2017-18
Sat Jan 20 2018,Stoke City FC,Huddersfield Town AFC,2,0,Premier League,2017-18
Sat Jan 20 2018,Brighton & Hove Albion FC,Chelsea FC,0,4,Premier League,2017-18
Sat Jan 20 2018,Burnley FC,Manchester United FC,0,1,Premier League,2017-18
Sat Jan 20 2018,West Ham United FC,AFC Bournemouth,1,1,Premier League,2017-18
Sat Jan 20 2018,Everton FC,West Bromwich Albion FC,1,1,Premier League,2017-18
Sat Jan 20 2018,Arsenal FC,Crystal Palace FC,4,1,Premier League,2017-18
Sat Jan 20 2018,Manchester City FC,Newcastle United FC,3,1,Premier League,2017-18
Sun Jan 21 2018,Southampton FC,Tottenham Hotspur FC,1,1,Premier League,2017-18
Mon Jan 22 2018,Swansea City FC,Liverpool FC,1,0,Premier League,2017-18
Tue Jan 30 2018,West Ham United FC,Crystal Palace FC,1,1,Premier League,2017-18
Tue Jan 30 2018,Swansea City FC,Arsenal FC,3,1,Premier League,2017-18
Tue Jan 30 2018,Huddersfield Town AFC,Liverpool FC,0,3,Premier League,2017-18
Wed Jan 31 2018,Newcastle United FC,Burnley FC,1,1,Premier League,2017-18
Wed Jan 31 2018,Stoke City FC,Watford FC,0,0,Premier League,2017-18
Wed Jan 31 2018,Everton FC,Leicester City FC,2,1,Premier League,2017-18
Wed Jan 31 2018,Chelsea FC,AFC Bournemouth,0,3,Premier League,2017-18
Wed Jan 31 2018,Tottenham Hotspur FC,Manchester United FC,2,0,Premier League,2017-18
Wed Jan 31 2018,Manchester City FC,West Bromwich Albion FC,3,0,Premier League,2017-18
Wed Jan 31 2018,Southampton FC,Brighton & Hove Albion FC,1,1,Premier League,2017-18
Sat Feb 3 2018,Burnley FC,Manchester City FC,1,1,Premier League,2017-18
Sat Feb 3 2018,Leicester City FC,Swansea City FC,1,1,Premier League,2017-18
Sat Feb 3 2018,Brighton & Hove Albion FC,West Ham United FC,3,1,Premier League,2017-18
Sat Feb 3 2018,West Bromwich Albion FC,Southampton FC,2,3,Premier League,2017-18
Sat Feb 3 2018,Arsenal FC,Everton FC,5,1,Premier League,2017-18
Sat Feb 3 2018,Manchester United FC,Huddersfield Town AFC,2,0,Premier League,2017-18
Sat Feb 3 2018,AFC Bournemouth,Stoke City FC,2,1,Premier League,2017-18
Sun Feb 4 2018,Crystal Palace FC,Newcastle United FC,1,1,Premier League,2017-18
Sun Feb 4 2018,Liverpool FC,Tottenham Hotspur FC,2,2,Premier League,2017-18
Mon Feb 5 2018,Watford FC,Chelsea FC,4,1,Premier League,2017-18
Sat Feb 10 2018,Tottenham Hotspur FC,Arsenal FC,1,0,Premier League,2017-18
Sat Feb 10 2018,Everton FC,Crystal Palace FC,3,1,Premier League,2017-18
Sat Feb 10 2018,Stoke City FC,Brighton & Hove Albion FC,1,1,Premier League,2017-18
Sat Feb 10 2018,Swansea City FC,Burnley FC,1,0,Premier League,2017-18
Sat Feb 10 2018,Manchester City FC,Leicester City FC,5,1,Premier League,2017-18
Sat Feb 10 2018,West Ham United FC,Watford FC,2,0,Premier League,2017-18
Sun Feb 11 2018,Huddersfield Town AFC,AFC Bournemouth,4,1,Premier League,2017-18
Sun Feb 11 2018,Newcastle United FC,Manchester United FC,1,0,Premier League,2017-18
Sun Feb 11 2018,Southampton FC,Liverpool FC,0,2,Premier League,2017-18
Mon Feb 12 2018,Chelsea FC,West Bromwich Albion FC,3,0,Premier League,2017-18
Sat Feb 24 2018,Leicester City FC,Stoke City FC,1,1,Premier League,2017-18
Sat Feb 24 2018,AFC Bournemouth,Newcastle United FC,2,2,Premier League,2017-18
Sat Feb 24 2018,Brighton & Hove Albion FC,Swansea City FC,4,1,Premier League,2017-18
Sat Feb 24 2018,West Bromwich Albion FC,Huddersfield Town AFC,1,2,Premier League,2017-18
Sat Feb 24 2018,Watford FC,Everton FC,1,0,Premier League,2017-18
Sat Feb 24 2018,Burnley FC,Southampton FC,1,1,Premier League,2017-18
Sat Feb 24 2018,Liverpool FC,West Ham United FC,4,1,Premier League,2017-18
Sun Feb 25 2018,Crystal Palace FC,Tottenham Hotspur FC,0,1,Premier League,2017-18
Sun Feb 25 2018,Manchester United FC,Chelsea FC,2,1,Premier League,2017-18
Thu Mar 1 2018,Arsenal FC,Manchester City FC,0,3,Premier League,2017-18
Sat Mar 3 2018,Burnley FC,Everton FC,2,1,Premier League,2017-18
Sat Mar 3 2018,Watford FC,West Bromwich Albion FC,1,0,Premier League,2017-18
Sat Mar 3 2018,Southampton FC,Stoke City FC,0,0,Premier League,2017-18
Sat Mar 3 2018,Leicester City FC,AFC Bournemouth,1,1,Premier League,2017-18
Sat Mar 3 2018,Liverpool FC,Newcastle United FC,2,0,Premier League,2017-18
Sat Mar 3 2018,Swansea City FC,West Ham United FC,4,1,Premier League,2017-18
Sat Mar 3 2018,Tottenham Hotspur FC,Huddersfield Town AFC,2,0,Premier League,2017-18
Sun Mar 4 2018,Brighton & Hove Albion FC,Arsenal FC,2,1,Premier League,2017-18
Sun Mar 4 2018,Manchester City FC,Chelsea FC,1,0,Premier League,2017-18
Mon Mar 5 2018,Crystal Palace FC,Manchester United FC,2,3,Premier League,2017-18
Sat Mar 10 2018,Manchester United FC,Liverpool FC,2,1,Premier League,2017-18
Sat Mar 10 2018,Huddersfield Town AFC,Swansea City FC,0,0,Premier League,2017-18
Sat Mar 10 2018,Newcastle United FC,Southampton FC,3,0,Premier League,2017-18
Sat Mar 10 2018,Everton FC,Brighton & Hove Albion FC,2,0,Premier League,2017-18
Sat Mar 10 2018,West Bromwich Albion FC,Leicester City FC,1,4,Premier League,2017-18
Sat Mar 10 2018,West Ham United FC,Burnley FC,0,3,Premier League,2017-18
Sat Mar 10 2018,Chelsea FC,Crystal Palace FC,2,1,Premier League,2017-18
Sun Mar 11 2018,Arsenal FC,Watford FC,3,0,Premier League,2017-18
Sun Mar 11 2018,AFC Bournemouth,Tottenham Hotspur FC,1,4,Premier League,2017-18
Mon Mar 12 2018,Stoke City FC,Manchester City FC,0,2,Premier League,2017-18
Sat Mar 17 2018,Huddersfield Town AFC,Crystal Palace FC,0,2,Premier League,2017-18
Sat Mar 17 2018,Liverpool FC,Watford FC,5,0,Premier League,2017-18
Sat Mar 17 2018,Stoke City FC,Everton FC,1,2,Premier League,2017-18
Sat Mar 17 2018,AFC Bournemouth,West Bromwich Albion FC,2,1,Premier League,2017-18
Sat Mar 31 2018,Crystal Palace FC,Liverpool FC,1,2,Premier League,2017-18
Sat Mar 31 2018,West Ham United FC,Southampton FC,3,0,Premier League,2017-18
Sat Mar 31 2018,Newcastle United FC,Huddersfield Town AFC,1,0,Premier League,2017-18
Sat Mar 31 2018,Manchester United FC,Swansea City FC,2,0,Premier League,2017-18
Sat Mar 31 2018,Everton FC,Manchester City FC,1,3,Premier League,2017-18
Sat Mar 31 2018,Brighton & Hove Albion FC,Leicester City FC,0,2,Premier League,2017-18
Sat Mar 31 2018,Watford FC,AFC Bournemouth,2,2,Premier League,2017-18
Sat Mar 31 2018,West Bromwich Albion FC,Burnley FC,1,2,Premier League,2017-18
Sun Apr 1 2018,Chelsea FC,Tottenham Hotspur FC,1,3,Premier League,2017-18
Sun Apr 1 2018,Arsenal FC,Stoke City FC,3,0,Premier League,2017-18
Sat Apr 7 2018,Everton FC,Liverpool FC,0,0,Premier League,2017-18
Sat Apr 7 2018,Watford FC,Burnley FC,1,2,Premier League,2017-18
Sat Apr 7 2018,Leicester City FC,Newcastle United FC,1,2,Premier League,2017-18
Sat Apr 7 2018,West Bromwich Albion FC,Swansea City FC,1,1,Premier League,2017-18
Sat Apr 7 2018,Manchester City FC,Manchester United FC,2,3,Premier League,2017-18
Sat Apr 7 2018,Stoke City FC,Tottenham Hotspur FC,1,2,Premier League,2017-18
Sat Apr 7 2018,Brighton & Hove Albion FC,Huddersfield Town AFC,1,1,Premier League,2017-18
Sat Apr 7 2018,AFC Bournemouth,Crystal Palace FC,2,2,Premier League,2017-18
Sun Apr 8 2018,Chelsea FC,West Ham United FC,1,1,Premier League,2017-18
Sun Apr 8 2018,Arsenal FC,Southampton FC,3,2,Premier League,2017-18
Sat Apr 14 2018,Tottenham Hotspur FC,Manchester City FC,1,3,Premier League,2017-18
Sat Apr 14 2018,Crystal Palace FC,Brighton & Hove Albion FC,3,2,Premier League,2017-18
Sat Apr 14 2018,Burnley FC,Leicester City FC,2,1,Premier League,2017-18
Sat Apr 14 2018,Huddersfield Town AFC,Watford FC,1,0,Premier League,2017-18
Sat Apr 14 2018,Swansea City FC,Everton FC,1,1,Premier League,2017-18
Sat Apr 14 2018,Liverpool FC,AFC Bournemouth,3,0,Premier League,2017-18
Sat Apr 14 2018,Southampton FC,Chelsea FC,2,3,Premier League,2017-18
Sun Apr 15 2018,Newcastle United FC,Arsenal FC,2,1,Premier League,2017-18
Sun Apr 15 2018,Manchester United FC,West Bromwich Albion FC,0,1,Premier League,2017-18
Mon Apr 16 2018,West Ham United FC,Stoke City FC,1,1,Premier League,2017-18
Tue Apr 17 2018,Brighton & Hove Albion FC,Tottenham Hotspur FC,1,1,Premier League,2017-18
Wed Apr 18 2018,AFC Bournemouth,Manchester United FC,0,2,Premier League,2017-18
Thu Apr 19 2018,Burnley FC,Chelsea FC,1,2,Premier League,2017-18
Thu Apr 19 2018,Leicester City FC,Southampton FC,0,0,Premier League,2017-18
Sat Apr 21 2018,West Bromwich Albion FC,Liverpool FC,2,2,Premier League,2017-18
Sat Apr 21 2018,Watford FC,Crystal Palace FC,0,0,Premier League,2017-18
Sun Apr 22 2018,Arsenal FC,West Ham United FC,4,1,Premier League,2017-18
Sun Apr 22 2018,Stoke City FC,Burnley FC,1,1,Premier League,2017-18
Sun Apr 22 2018,Manchester City FC,Swansea City FC,5,0,Premier League,2017-18
Mon Apr 23 2018,Everton FC,Newcastle United FC,1,0,Premier League,2017-18
Sat Apr 28 2018,Liverpool FC,Stoke City FC,0,0,Premier League,2017-18
Sat Apr 28 2018,Crystal Palace FC,Leicester City FC,5,0,Premier League,2017-18
Sat Apr 28 2018,Newcastle United FC,West Bromwich Albion FC,0,1,Premier League,2017-18
Sat Apr 28 2018,Southampton FC,AFC Bournemouth,2,1,Premier League,2017-18
Sat Apr 28 2018,Swansea City FC,Chelsea FC,0,1,Premier League,2017-18
Sat Apr 28 2018,Burnley FC,Brighton & Hove Albion FC,0,0,Premier League,2017-18
Sat Apr 28 2018,Huddersfield Town AFC,Everton FC,0,2,Premier League,2017-18
Sun Apr 29 2018,West Ham United FC,Manchester City FC,1,4,Premier League,2017-18
Sun Apr 29 2018,Manchester United FC,Arsenal FC,2,1,Premier League,2017-18
Mon Apr 30 2018,Tottenham Hotspur FC,Watford FC,2,0,Premier League,2017-18
Fri May 4 2018,Brighton & Hove Albion FC,Manchester United FC,1,0,Premier League,2017-18
Sat May 5 2018,Stoke City FC,Crystal Palace FC,1,2,Premier League,2017-18
Sat May 5 2018,Leicester City FC,West Ham United FC,0,2,Premier League,2017-18
Sat May 5 2018,West Bromwich Albion FC,Tottenham Hotspur FC,1,0,Premier League,2017-18
Sat May 5 2018,Everton FC,Southampton FC,1,1,Premier League,2017-18
Sat May 5 2018,AFC Bournemouth,Swansea City FC,1,0,Premier League,2017-18
Sat May 5 2018,Watford FC,Newcastle United FC,2,1,Premier League,2017-18
Sun May 6 2018,Manchester City FC,Huddersfield Town AFC,0,0,Premier League,2017-18
Sun May 6 2018,Arsenal FC,Burnley FC,5,0,Premier League,2017-18
Sun May 6 2018,Chelsea FC,Liverpool FC,1,0,Premier League,2017-18
Tue May 8 2018,Swansea City FC,Southampton FC,0,1,Premier League,2017-18
Wed May 9 2018,Manchester City FC,Brighton & Hove Albion FC,3,1,Premier League,2017-18
Wed May 9 2018,Tottenham Hotspur FC,Newcastle United FC,1,0,Premier League,2017-18
Wed May 9 2018,Leicester City FC,Arsenal FC,3,1,Premier League,2017-18
Wed May 9 2018,Chelsea FC,Huddersfield Town AFC,1,1,Premier League,2017-18
Thu May 10 2018,West Ham United FC,Manchester United FC,0,0,Premier League,2017-18
Sun May 13 2018,Newcastle United FC,Chelsea FC,3,0,Premier League,2017-18
Sun May 13 2018,Manchester United FC,Watford FC,1,0,Premier League,2017-18
Sun May 13 2018,West Ham United FC,Everton FC,3,1,Premier League,2017-18
Sun May 13 2018,Liverpool FC,Brighton & Hove Albion FC,4,0,Premier League,2017-18
Sun May 13 2018,Swansea City FC,Stoke City FC,1,2,Premier League,2017-18
Sun May 13 2018,Burnley FC,AFC Bournemouth,1,2,Premier League,2017-18
Sun May 13 2018,Crystal Palace FC,West Bromwich Albion FC,2,0,Premier League,2017-18
Sun May 13 2018,Tottenham Hotspur FC,Leicester City FC,5,4,Premier League,2017-18
Sun May 13 2018,Huddersfield Town AFC,Arsenal FC,0,1,Premier League,2017-18
Sun May 13 2018,Southampton FC,Manchester City FC,0,1,Premier League,2017-18
Fri Aug 10 2018,Manchester United FC,Leicester City FC,2,1,Premier League,2018-19
Sat Aug 11 2018,Newcastle United FC,Tottenham Hotspur FC,1,2,Premier League,2018-19
Sat Aug 11 2018,Fulham FC,Crystal Palace FC,0,2,Premier League,2018-19
Sat Aug 11 2018,Huddersfield Town AFC,Chelsea FC,0,3,Premier League,2018-19
Sat Aug 11 2018,Watford FC,Brighton & Hove Albion FC,2,0,Premier League,2018-19
Sat Aug 11 2018,AFC Bournemouth,Cardiff City FC,2,0,Premier League,2018-19
Sat Aug 11 2018,Wolverhampton Wanderers FC,Everton FC,2,2,Premier League,2018-19
Sun Aug 12 2018,Liverpool FC,West Ham United FC,4,0,Premier League,2018-19
Sun Aug 12 2018,Southampton FC,Burnley FC,0,0,Premier League,2018-19
Sun Aug 12 2018,Arsenal FC,Manchester City FC,0,2,Premier League,2018-19
Sat Aug 18 2018,Cardiff City FC,Newcastle United FC,0,0,Premier League,2018-19
Sat Aug 18 2018,Tottenham Hotspur FC,Fulham FC,3,1,Premier League,2018-19
Sat Aug 18 2018,Everton FC,Southampton FC,2,1,Premier League,2018-19
Sat Aug 18 2018,Leicester City FC,Wolverhampton Wanderers FC,2,0,Premier League,2018-19
Sat Aug 18 2018,West Ham United FC,AFC Bournemouth,1,2,Premier League,2018-19
Sat Aug 18 2018,Chelsea FC,Arsenal FC,3,2,Premier League,2018-19
Sun Aug 19 2018,Manchester City FC,Huddersfield Town AFC,6,1,Premier League,2018-19
Sun Aug 19 2018,Burnley FC,Watford FC,1,3,Premier League,2018-19
Sun Aug 19 2018,Brighton & Hove Albion FC,Manchester United FC,3,2,Premier League,2018-19
Mon Aug 20 2018,Crystal Palace FC,Liverpool FC,0,2,Premier League,2018-19
Sat Aug 25 2018,Wolverhampton Wanderers FC,Manchester City FC,1,1,Premier League,2018-19
Sat Aug 25 2018,Arsenal FC,West Ham United FC,3,1,Premier League,2018-19
Sat Aug 25 2018,Huddersfield Town AFC,Cardiff City FC,0,0,Premier League,2018-19
Sat Aug 25 2018,Southampton FC,Leicester City FC,1,2,Premier League,2018-19
Sat Aug 25 2018,AFC Bournemouth,Everton FC,2,2,Premier League,2018-19
Sat Aug 25 2018,Liverpool FC,Brighton & Hove Albion FC,1,0,Premier League,2018-19
Sun Aug 26 2018,Watford FC,Crystal Palace FC,2,1,Premier League,2018-19
Sun Aug 26 2018,Fulham FC,Burnley FC,4,2,Premier League,2018-19
Sun Aug 26 2018,Newcastle United FC,Chelsea FC,1,2,Premier League,2018-19
Mon Aug 27 2018,Manchester United FC,Tottenham Hotspur FC,0,3,Premier League,2018-19
Sat Sep 1 2018,Leicester City FC,Liverpool FC,1,2,Premier League,2018-19
Sat Sep 1 2018,Chelsea FC,AFC Bournemouth,2,0,Premier League,2018-19
Sat Sep 1 2018,Everton FC,Huddersfield Town AFC,1,1,Premier League,2018-19
Sat Sep 1 2018,West Ham United FC,Wolverhampton Wanderers FC,0,1,Premier League,2018-19
Sat Sep 1 2018,Crystal Palace FC,Southampton FC,0,2,Premier League,2018-19
Sat Sep 1 2018,Brighton & Hove Albion FC,Fulham FC,2,2,Premier League,2018-19
Sat Sep 1 2018,Manchester City FC,Newcastle United FC,2,1,Premier League,2018-19
Sun Sep 2 2018,Cardiff City FC,Arsenal FC,2,3,Premier League,2018-19
Sun Sep 2 2018,Burnley FC,Manchester United FC,0,2,Premier League,2018-19
Sun Sep 2 2018,Watford FC,Tottenham Hotspur FC,2,1,Premier League,2018-19
Sat Sep 15 2018,Tottenham Hotspur FC,Liverpool FC,1,2,Premier League,2018-19
Sat Sep 15 2018,Manchester City FC,Fulham FC,3,0,Premier League,2018-19
Sat Sep 15 2018,Newcastle United FC,Arsenal FC,1,2,Premier League,2018-19
Sat Sep 15 2018,Chelsea FC,Cardiff City FC,4,1,Premier League,2018-19
Sat Sep 15 2018,Huddersfield Town AFC,Crystal Palace FC,0,1,Premier League,2018-19
Sat Sep 15 2018,AFC Bournemouth,Leicester City FC,4,2,Premier League,2018-19
Sat Sep 15 2018,Watford FC,Manchester United FC,1,2,Premier League,2018-19
Sun Sep 16 2018,Wolverhampton Wanderers FC,Burnley FC,1,0,Premier League,2018-19
Sun Sep 16 2018,Everton FC,West Ham United FC,1,3,Premier League,2018-19
Mon Sep 17 2018,Southampton FC,Brighton & Hove Albion FC,2,2,Premier League,2018-19
Sat Sep 22 2018,Fulham FC,Watford FC,1,1,Premier League,2018-19
Sat Sep 22 2018,Liverpool FC,Southampton FC,3,0,Premier League,2018-19
Sat Sep 22 2018,Manchester United FC,Wolverhampton Wanderers FC,1,1,Premier League,2018-19
Sat Sep 22 2018,Leicester City FC,Huddersfield Town AFC,3,1,Premier League,2018-19
Sat Sep 22 2018,Burnley FC,AFC Bournemouth,4,0,Premier League,2018-19
Sat Sep 22 2018,Cardiff City FC,Manchester City FC,0,5,Premier League,2018-19
Sat Sep 22 2018,Crystal Palace FC,Newcastle United FC,0,0,Premier League,2018-19
Sat Sep 22 2018,Brighton & Hove Albion FC,Tottenham Hotspur FC,1,2,Premier League,2018-19
Sun Sep 23 2018,West Ham United FC,Chelsea FC,0,0,Premier League,2018-19
Sun Sep 23 2018,Arsenal FC,Everton FC,2,0,Premier League,2018-19
Sat Sep 29 2018,West Ham United FC,Manchester United FC,3,1,Premier League,2018-19
Sat Sep 29 2018,Wolverhampton Wanderers FC,Southampton FC,2,0,Premier League,2018-19
Sat Sep 29 2018,Manchester City FC,Brighton & Hove Albion FC,2,0,Premier League,2018-19
Sat Sep 29 2018,Newcastle United FC,Leicester City FC,0,2,Premier League,2018-19
Sat Sep 29 2018,Arsenal FC,Watford FC,2,0,Premier League,2018-19
Sat Sep 29 2018,Everton FC,Fulham FC,3,0,Premier League,2018-19
Sat Sep 29 2018,Huddersfield Town AFC,Tottenham Hotspur FC,0,2,Premier League,2018-19
Sat Sep 29 2018,Chelsea FC,Liverpool FC,1,1,Premier League,2018-19
Sun Sep 30 2018,Cardiff City FC,Burnley FC,1,2,Premier League,2018-19
Mon Oct 1 2018,AFC Bournemouth,Crystal Palace FC,2,1,Premier League,2018-19
Fri Oct 5 2018,Brighton & Hove Albion FC,West Ham United FC,1,0,Premier League,2018-19
Sat Oct 6 2018,Tottenham Hotspur FC,Cardiff City FC,1,0,Premier League,2018-19
Sat Oct 6 2018,Leicester City FC,Everton FC,1,2,Premier League,2018-19
Sat Oct 6 2018,Burnley FC,Huddersfield Town AFC,1,1,Premier League,2018-19
Sat Oct 6 2018,Crystal Palace FC,Wolverhampton Wanderers FC,0,1,Premier League,2018-19
Sat Oct 6 2018,Watford FC,AFC Bournemouth,0,4,Premier League,2018-19
Sat Oct 6 2018,Manchester United FC,Newcastle United FC,3,2,Premier League,2018-19
Sun Oct 7 2018,Fulham FC,Arsenal FC,1,5,Premier League,2018-19
Sun Oct 7 2018,Southampton FC,Chelsea FC,0,3,Premier League,2018-19
Sun Oct 7 2018,Liverpool FC,Manchester City FC,0,0,Premier League,2018-19
Sat Oct 20 2018,Chelsea FC,Manchester United FC,2,2,Premier League,2018-19
Sat Oct 20 2018,Wolverhampton Wanderers FC,Watford FC,0,2,Premier League,2018-19
Sat Oct 20 2018,Manchester City FC,Burnley FC,5,0,Premier League,2018-19
Sat Oct 20 2018,Newcastle United FC,Brighton & Hove Albion FC,0,1,Premier League,2018-19
Sat Oct 20 2018,Cardiff City FC,Fulham FC,4,2,Premier League,2018-19
Sat Oct 20 2018,West Ham United FC,Tottenham Hotspur FC,0,1,Premier League,2018-19
Sat Oct 20 2018,AFC Bournemouth,Southampton FC,0,0,Premier League,2018-19
Sat Oct 20 2018,Huddersfield Town AFC,Liverpool FC,0,1,Premier League,2018-19
Sun Oct 21 2018,Everton FC,Crystal Palace FC,2,0,Premier League,2018-19
Mon Oct 22 2018,Arsenal FC,Leicester City FC,3,1,Premier League,2018-19
Sat Oct 27 2018,Fulham FC,AFC Bournemouth,0,3,Premier League,2018-19
Sat Oct 27 2018,Liverpool FC,Cardiff City FC,4,1,Premier League,2018-19
Sat Oct 27 2018,Southampton FC,Newcastle United FC,0,0,Premier League,2018-19
Sat Oct 27 2018,Brighton & Hove Albion FC,Wolverhampton Wanderers FC,1,0,Premier League,2018-19
Sat Oct 27 2018,Watford FC,Huddersfield Town AFC,3,0,Premier League,2018-19
Sat Oct 27 2018,Leicester City FC,West Ham United FC,1,1,Premier League,2018-19
Sun Oct 28 2018,Burnley FC,Chelsea FC,0,4,Premier League,2018-19
Sun Oct 28 2018,Crystal Palace FC,Arsenal FC,2,2,Premier League,2018-19
Sun Oct 28 2018,Manchester United FC,Everton FC,2,1,Premier League,2018-19
Mon Oct 29 2018,Tottenham Hotspur FC,Manchester City FC,0,1,Premier League,2018-19
Sat Nov 3 2018,AFC Bournemouth,Manchester United FC,1,2,Premier League,2018-19
Sat Nov 3 2018,Newcastle United FC,Watford FC,1,0,Premier League,2018-19
Sat Nov 3 2018,Everton FC,Brighton & Hove Albion FC,3,1,Premier League,2018-19
Sat Nov 3 2018,Cardiff City FC,Leicester City FC,0,1,Premier League,2018-19
Sat Nov 3 2018,West Ham United FC,Burnley FC,4,2,Premier League,2018-19
Sat Nov 3 2018,Arsenal FC,Liverpool FC,1,1,Premier League,2018-19
Sat Nov 3 2018,Wolverhampton Wanderers FC,Tottenham Hotspur FC,2,3,Premier League,2018-19
Sun Nov 4 2018,Manchester City FC,Southampton FC,6,1,Premier League,2018-19
Sun Nov 4 2018,Chelsea FC,Crystal Palace FC,3,1,Premier League,2018-19
Mon Nov 5 2018,Huddersfield Town AFC,Fulham FC,1,0,Premier League,2018-19
Sat Nov 10 2018,Cardiff City FC,Brighton & Hove Albion FC,2,1,Premier League,2018-19
Sat Nov 10 2018,Newcastle United FC,AFC Bournemouth,2,1,Premier League,2018-19
Sat Nov 10 2018,Leicester City FC,Burnley FC,0,0,Premier League,2018-19
Sat Nov 10 2018,Huddersfield Town AFC,West Ham United FC,1,1,Premier League,2018-19
Sat Nov 10 2018,Southampton FC,Watford FC,1,1,Premier League,2018-19
Sat Nov 10 2018,Crystal Palace FC,Tottenham Hotspur FC,0,1,Premier League,2018-19
Sun Nov 11 2018,Liverpool FC,Fulham FC,2,0,Premier League,2018-19
Sun Nov 11 2018,Chelsea FC,Everton FC,0,0,Premier League,2018-19
Sun Nov 11 2018,Manchester City FC,Manchester United FC,3,1,Premier League,2018-19
Sun Nov 11 2018,Arsenal FC,Wolverhampton Wanderers FC,1,1,Premier League,2018-19
Sat Nov 24 2018,Fulham FC,Southampton FC,3,2,Premier League,2018-19
Sat Nov 24 2018,Everton FC,Cardiff City FC,1,0,Premier League,2018-19
Sat Nov 24 2018,Manchester United FC,Crystal Palace FC,0,0,Premier League,2018-19
Sat Nov 24 2018,West Ham United FC,Manchester City FC,0,4,Premier League,2018-19
Sat Nov 24 2018,Brighton & Hove Albion FC,Leicester City FC,1,1,Premier League,2018-19
Sat Nov 24 2018,Watford FC,Liverpool FC,0,3,Premier League,2018-19
Sat Nov 24 2018,Tottenham Hotspur FC,Chelsea FC,3,1,Premier League,2018-19
Sun Nov 25 2018,AFC Bournemouth,Arsenal FC,1,2,Premier League,2018-19
Sun Nov 25 2018,Wolverhampton Wanderers FC,Huddersfield Town AFC,0,2,Premier League,2018-19
Mon Nov 26 2018,Burnley FC,Newcastle United FC,1,2,Premier League,2018-19
Fri Nov 30 2018,Cardiff City FC,Wolverhampton Wanderers FC,2,1,Premier League,2018-19
Sat Dec 1 2018,Manchester City FC,AFC Bournemouth,3,1,Premier League,2018-19
Sat Dec 1 2018,Newcastle United FC,West Ham United FC,0,3,Premier League,2018-19
Sat Dec 1 2018,Leicester City FC,Watford FC,2,0,Premier League,2018-19
Sat Dec 1 2018,Huddersfield Town AFC,Brighton & Hove Albion FC,1,2,Premier League,2018-19
Sat Dec 1 2018,Crystal Palace FC,Burnley FC,2,0,Premier League,2018-19
Sat Dec 1 2018,Southampton FC,Manchester United FC,2,2,Premier League,2018-19
Sun Dec 2 2018,Chelsea FC,Fulham FC,2,0,Premier League,2018-19
Sun Dec 2 2018,Arsenal FC,Tottenham Hotspur FC,4,2,Premier League,2018-19
Sun Dec 2 2018,Liverpool FC,Everton FC,1,0,Premier League,2018-19
Tue Dec 4 2018,West Ham United FC,Cardiff City FC,3,1,Premier League,2018-19
Tue Dec 4 2018,Brighton & Hove Albion FC,Crystal Palace FC,3,1,Premier League,2018-19
Tue Dec 4 2018,AFC Bournemouth,Huddersfield Town AFC,2,1,Premier League,2018-19
Tue Dec 4 2018,Watford FC,Manchester City FC,1,2,Premier League,2018-19
Wed Dec 5 2018,Wolverhampton Wanderers FC,Chelsea FC,2,1,Premier League,2018-19
Wed Dec 5 2018,Fulham FC,Leicester City FC,1,1,Premier League,2018-19
Wed Dec 5 2018,Burnley FC,Liverpool FC,1,3,Premier League,2018-19
Wed Dec 5 2018,Everton FC,Newcastle United FC,1,1,Premier League,2018-19
Wed Dec 5 2018,Manchester United FC,Arsenal FC,2,2,Premier League,2018-19
Wed Dec 5 2018,Tottenham Hotspur FC,Southampton FC,3,1,Premier League,2018-19
Sat Dec 8 2018,AFC Bournemouth,Liverpool FC,0,4,Premier League,2018-19
Sat Dec 8 2018,Arsenal FC,Huddersfield Town AFC,1,0,Premier League,2018-19
Sat Dec 8 2018,Manchester United FC,Fulham FC,4,1,Premier League,2018-19
Sat Dec 8 2018,Burnley FC,Brighton & Hove Albion FC,1,0,Premier League,2018-19
Sat Dec 8 2018,Cardiff City FC,Southampton FC,1,0,Premier League,2018-19
Sat Dec 8 2018,West Ham United FC,Crystal Palace FC,3,2,Premier League,2018-19
Sat Dec 8 2018,Chelsea FC,Manchester City FC,2,0,Premier League,2018-19
Sat Dec 8 2018,Leicester City FC,Tottenham Hotspur FC,0,2,Premier League,2018-19
Sun Dec 9 2018,Newcastle United FC,Wolverhampton Wanderers FC,1,2,Premier League,2018-19
Mon Dec 10 2018,Everton FC,Watford FC,2,2,Premier League,2018-19
Sat Dec 15 2018,Manchester City FC,Everton FC,3,1,Premier League,2018-19
Sat Dec 15 2018,Wolverhampton Wanderers FC,AFC Bournemouth,2,0,Premier League,2018-19
Sat Dec 15 2018,Tottenham Hotspur FC,Burnley FC,1,0,Premier League,2018-19
Sat Dec 15 2018,Huddersfield Town AFC,Newcastle United FC,0,1,Premier League,2018-19
Sat Dec 15 2018,Crystal Palace FC,Leicester City FC,1,0,Premier League,2018-19
Sat Dec 15 2018,Watford FC,Cardiff City FC,3,2,Premier League,2018-19
Sat Dec 15 2018,Fulham FC,West Ham United FC,0,2,Premier League,2018-19
Sun Dec 16 2018,Southampton FC,Arsenal FC,3,2,Premier League,2018-19
Sun Dec 16 2018,Brighton & Hove Albion FC,Chelsea FC,1,2,Premier League,2018-19
Sun Dec 16 2018,Liverpool FC,Manchester United FC,3,1,Premier League,2018-19
Fri Dec 21 2018,Wolverhampton Wanderers FC,Liverpool FC,0,2,Premier League,2018-19
Sat Dec 22 2018,Arsenal FC,Burnley FC,3,1,Premier League,2018-19
Sat Dec 22 2018,Manchester City FC,Crystal Palace FC,2,3,Premier League,2018-19
Sat Dec 22 2018,Newcastle United FC,Fulham FC,0,0,Premier League,2018-19
Sat Dec 22 2018,Chelsea FC,Leicester City FC,0,1,Premier League,2018-19
Sat Dec 22 2018,Huddersfield Town AFC,Southampton FC,1,3,Premier League,2018-19
Sat Dec 22 2018,West Ham United FC,Watford FC,0,2,Premier League,2018-19
Sat Dec 22 2018,AFC Bournemouth,Brighton & Hove Albion FC,2,0,Premier League,2018-19
Sat Dec 22 2018,Cardiff City FC,Manchester United FC,1,5,Premier League,2018-19
Sun Dec 23 2018,Everton FC,Tottenham Hotspur FC,2,6,Premier League,2018-19
Wed Dec 26 2018,Fulham FC,Wolverhampton Wanderers FC,1,1,Premier League,2018-19
Wed Dec 26 2018,Liverpool FC,Newcastle United FC,4,0,Premier League,2018-19
Wed Dec 26 2018,Tottenham Hotspur FC,AFC Bournemouth,5,0,Premier League,2018-19
Wed Dec 26 2018,Manchester United FC,Huddersfield Town AFC,3,1,Premier League,2018-19
Wed Dec 26 2018,Leicester City FC,Manchester City FC,2,1,Premier League,2018-19
Wed Dec 26 2018,Burnley FC,Everton FC,1,5,Premier League,2018-19
Wed Dec 26 2018,Crystal Palace FC,Cardiff City FC,0,0,Premier League,2018-19
Wed Dec 26 2018,Brighton & Hove Albion FC,Arsenal FC,1,1,Premier League,2018-19
Wed Dec 26 2018,Watford FC,Chelsea FC,1,2,Premier League,2018-19
Thu Dec 27 2018,Southampton FC,West Ham United FC,1,2,Premier League,2018-19
Sat Dec 29 2018,Leicester City FC,Cardiff City FC,0,1,Premier League,2018-19
Sat Dec 29 2018,Brighton & Hove Albion FC,Everton FC,1,0,Premier League,2018-19
Sat Dec 29 2018,Watford FC,Newcastle United FC,1,1,Premier League,2018-19
Sat Dec 29 2018,Fulham FC,Huddersfield Town AFC,1,0,Premier League,2018-19
Sat Dec 29 2018,Tottenham Hotspur FC,Wolverhampton Wanderers FC,1,3,Premier League,2018-19
Sat Dec 29 2018,Liverpool FC,Arsenal FC,5,1,Premier League,2018-19
Sun Dec 30 2018,Crystal Palace FC,Chelsea FC,0,1,Premier League,2018-19
Sun Dec 30 2018,Burnley FC,West Ham United FC,2,0,Premier League,2018-19
Sun Dec 30 2018,Southampton FC,Manchester City FC,1,3,Premier League,2018-19
Sun Dec 30 2018,Manchester United FC,AFC Bournemouth,4,1,Premier League,2018-19
Tue Jan 1 2019,Everton FC,Leicester City FC,0,1,Premier League,2018-19
Tue Jan 1 2019,Arsenal FC,Fulham FC,4,1,Premier League,2018-19
Tue Jan 1 2019,Cardiff City FC,Tottenham Hotspur FC,0,3,Premier League,2018-19
Wed Jan 2 2019,Wolverhampton Wanderers FC,Crystal Palace FC,0,2,Premier League,2018-19
Wed Jan 2 2019,Chelsea FC,Southampton FC,0,0,Premier League,2018-19
Wed Jan 2 2019,Huddersfield Town AFC,Burnley FC,1,2,Premier League,2018-19
Wed Jan 2 2019,West Ham United FC,Brighton & Hove Albion FC,2,2,Premier League,2018-19
Wed Jan 2 2019,AFC Bournemouth,Watford FC,3,3,Premier League,2018-19
Wed Jan 2 2019,Newcastle United FC,Manchester United FC,0,2,Premier League,2018-19
Thu Jan 3 2019,Manchester City FC,Liverpool FC,2,1,Premier League,2018-19
Sat Jan 12 2019,West Ham United FC,Arsenal FC,1,0,Premier League,2018-19
Sat Jan 12 2019,Leicester City FC,Southampton FC,1,2,Premier League,2018-19
Sat Jan 12 2019,Burnley FC,Fulham FC,2,1,Premier League,2018-19
Sat Jan 12 2019,Cardiff City FC,Huddersfield Town AFC,0,0,Premier League,2018-19
Sat Jan 12 2019,Crystal Palace FC,Watford FC,1,2,Premier League,2018-19
Sat Jan 12 2019,Brighton & Hove Albion FC,Liverpool FC,0,1,Premier League,2018-19
Sat Jan 12 2019,Chelsea FC,Newcastle United FC,2,1,Premier League,2018-19
Sun Jan 13 2019,Everton FC,AFC Bournemouth,2,0,Premier League,2018-19
Sun Jan 13 2019,Tottenham Hotspur FC,Manchester United FC,0,1,Premier League,2018-19
Mon Jan 14 2019,Manchester City FC,Wolverhampton Wanderers FC,3,0,Premier League,2018-19
Sat Jan 19 2019,Wolverhampton Wanderers FC,Leicester City FC,4,3,Premier League,2018-19
Sat Jan 19 2019,Liverpool FC,Crystal Palace FC,4,3,Premier League,2018-19
Sat Jan 19 2019,Newcastle United FC,Cardiff City FC,3,0,Premier League,2018-19
Sat Jan 19 2019,Manchester United FC,Brighton & Hove Albion FC,2,1,Premier League,2018-19
Sat Jan 19 2019,Southampton FC,Everton FC,2,1,Premier League,2018-19
Sat Jan 19 2019,Watford FC,Burnley FC,0,0,Premier League,2018-19
Sat Jan 19 2019,AFC Bournemouth,West Ham United FC,2,0,Premier League,2018-19
Sat Jan 19 2019,Arsenal FC,Chelsea FC,2,0,Premier League,2018-19
Sun Jan 20 2019,Huddersfield Town AFC,Manchester City FC,0,3,Premier League,2018-19
Sun Jan 20 2019,Fulham FC,Tottenham Hotspur FC,1,2,Premier League,2018-19
Tue Jan 29 2019,Wolverhampton Wanderers FC,West Ham United FC,3,0,Premier League,2018-19
Tue Jan 29 2019,Fulham FC,Brighton & Hove Albion FC,4,2,Premier League,2018-19
Tue Jan 29 2019,Arsenal FC,Cardiff City FC,2,1,Premier League,2018-19
Tue Jan 29 2019,Huddersfield Town AFC,Everton FC,0,1,Premier League,2018-19
Tue Jan 29 2019,Manchester United FC,Burnley FC,2,2,Premier League,2018-19
Tue Jan 29 2019,Newcastle United FC,Manchester City FC,2,1,Premier League,2018-19
Wed Jan 30 2019,AFC Bournemouth,Chelsea FC,4,0,Premier League,2018-19
Wed Jan 30 2019,Southampton FC,Crystal Palace FC,1,1,Premier League,2018-19
Wed Jan 30 2019,Liverpool FC,Leicester City FC,1,1,Premier League,2018-19
Wed Jan 30 2019,Tottenham Hotspur FC,Watford FC,2,1,Premier League,2018-19
Sat Feb 2 2019,Tottenham Hotspur FC,Newcastle United FC,1,0,Premier League,2018-19
Sat Feb 2 2019,Chelsea FC,Huddersfield Town AFC,5,0,Premier League,2018-19
Sat Feb 2 2019,Everton FC,Wolverhampton Wanderers FC,1,3,Premier League,2018-19
Sat Feb 2 2019,Burnley FC,Southampton FC,1,1,Premier League,2018-19
Sat Feb 2 2019,Crystal Palace FC,Fulham FC,2,0,Premier League,2018-19
Sat Feb 2 2019,Brighton & Hove Albion FC,Watford FC,0,0,Premier League,2018-19
Sat Feb 2 2019,Cardiff City FC,AFC Bournemouth,2,0,Premier League,2018-19
Sun Feb 3 2019,Leicester City FC,Manchester United FC,0,1,Premier League,2018-19
Sun Feb 3 2019,Manchester City FC,Arsenal FC,3,1,Premier League,2018-19
Mon Feb 4 2019,West Ham United FC,Liverpool FC,1,1,Premier League,2018-19
Wed Feb 6 2019,Everton FC,Manchester City FC,0,2,Premier League,2018-19
Sat Feb 9 2019,Fulham FC,Manchester United FC,0,3,Premier League,2018-19
Sat Feb 9 2019,Liverpool FC,AFC Bournemouth,3,0,Premier League,2018-19
Sat Feb 9 2019,Huddersfield Town AFC,Arsenal FC,1,2,Premier League,2018-19
Sat Feb 9 2019,Southampton FC,Cardiff City FC,1,2,Premier League,2018-19
Sat Feb 9 2019,Crystal Palace FC,West Ham United FC,1,1,Premier League,2018-19
Sat Feb 9 2019,Watford FC,Everton FC,1,0,Premier League,2018-19
Sat Feb 9 2019,Brighton & Hove Albion FC,Burnley FC,1,3,Premier League,2018-19
Sun Feb 10 2019,Tottenham Hotspur FC,Leicester City FC,3,1,Premier League,2018-19
Sun Feb 10 2019,Manchester City FC,Chelsea FC,6,0,Premier League,2018-19
Mon Feb 11 2019,Wolverhampton Wanderers FC,Newcastle United FC,1,1,Premier League,2018-19
Fri Feb 22 2019,Cardiff City FC,Watford FC,1,5,Premier League,2018-19
Fri Feb 22 2019,West Ham United FC,Fulham FC,3,1,Premier League,2018-19
Sat Feb 23 2019,Burnley FC,Tottenham Hotspur FC,2,1,Premier League,2018-19
Sat Feb 23 2019,Newcastle United FC,Huddersfield Town AFC,2,0,Premier League,2018-19
Sat Feb 23 2019,AFC Bournemouth,Wolverhampton Wanderers FC,1,1,Premier League,2018-19
Sat Feb 23 2019,Leicester City FC,Crystal Palace FC,1,4,Premier League,2018-19
Sun Feb 24 2019,Arsenal FC,Southampton FC,2,0,Premier League,2018-19
Sun Feb 24 2019,Manchester United FC,Liverpool FC,0,0,Premier League,2018-19
Tue Feb 26 2019,Leicester City FC,Brighton & Hove Albion FC,2,1,Premier League,2018-19
Tue Feb 26 2019,Huddersfield Town AFC,Wolverhampton Wanderers FC,1,0,Premier League,2018-19
Tue Feb 26 2019,Cardiff City FC,Everton FC,0,3,Premier League,2018-19
Tue Feb 26 2019,Newcastle United FC,Burnley FC,2,0,Premier League,2018-19
Wed Feb 27 2019,Arsenal FC,AFC Bournemouth,5,1,Premier League,2018-19
Wed Feb 27 2019,Southampton FC,Fulham FC,2,0,Premier League,2018-19
Wed Feb 27 2019,Crystal Palace FC,Manchester United FC,1,3,Premier League,2018-19
Wed Feb 27 2019,Liverpool FC,Watford FC,5,0,Premier League,2018-19
Wed Feb 27 2019,Manchester City FC,West Ham United FC,1,0,Premier League,2018-19
Wed Feb 27 2019,Chelsea FC,Tottenham Hotspur FC,2,0,Premier League,2018-19
Sat Mar 2 2019,Tottenham Hotspur FC,Arsenal FC,1,1,Premier League,2018-19
Sat Mar 2 2019,Wolverhampton Wanderers FC,Cardiff City FC,2,0,Premier League,2018-19
Sat Mar 2 2019,Manchester United FC,Southampton FC,3,2,Premier League,2018-19
Sat Mar 2 2019,Burnley FC,Crystal Palace FC,1,3,Premier League,2018-19
Sat Mar 2 2019,Brighton & Hove Albion FC,Huddersfield Town AFC,1,0,Premier League,2018-19
Sat Mar 2 2019,AFC Bournemouth,Manchester City FC,0,1,Premier League,2018-19
Sat Mar 2 2019,West Ham United FC,Newcastle United FC,2,0,Premier League,2018-19
Sun Mar 3 2019,Watford FC,Leicester City FC,2,1,Premier League,2018-19
Sun Mar 3 2019,Fulham FC,Chelsea FC,1,2,Premier League,2018-19
Sun Mar 3 2019,Everton FC,Liverpool FC,0,0,Premier League,2018-19
Sat Mar 9 2019,Crystal Palace FC,Brighton & Hove Albion FC,1,2,Premier League,2018-19
Sat Mar 9 2019,Newcastle United FC,Everton FC,3,2,Premier League,2018-19
Sat Mar 9 2019,Leicester City FC,Fulham FC,3,1,Premier League,2018-19
Sat Mar 9 2019,Huddersfield Town AFC,AFC Bournemouth,0,2,Premier League,2018-19
Sat Mar 9 2019,Cardiff City FC,West Ham United FC,2,0,Premier League,2018-19
Sat Mar 9 2019,Southampton FC,Tottenham Hotspur FC,2,1,Premier League,2018-19
Sat Mar 9 2019,Manchester City FC,Watford FC,3,1,Premier League,2018-19
Sun Mar 10 2019,Liverpool FC,Burnley FC,4,2,Premier League,2018-19
Sun Mar 10 2019,Chelsea FC,Wolverhampton Wanderers FC,1,1,Premier League,2018-19
Sun Mar 10 2019,Arsenal FC,Manchester United FC,2,0,Premier League,2018-19
Sat Mar 16 2019,Burnley FC,Leicester City FC,1,2,Premier League,2018-19
Sat Mar 16 2019,West Ham United FC,Huddersfield Town AFC,4,3,Premier League,2018-19
Sat Mar 16 2019,AFC Bournemouth,Newcastle United FC,2,2,Premier League,2018-19
Sun Mar 17 2019,Fulham FC,Liverpool FC,1,2,Premier League,2018-19
Sun Mar 17 2019,Everton FC,Chelsea FC,2,0,Premier League,2018-19
Sat Mar 30 2019,Fulham FC,Manchester City FC,0,2,Premier League,2018-19
Sat Mar 30 2019,Manchester United FC,Watford FC,2,1,Premier League,2018-19
Sat Mar 30 2019,Leicester City FC,AFC Bournemouth,2,0,Premier League,2018-19
Sat Mar 30 2019,Burnley FC,Wolverhampton Wanderers FC,2,0,Premier League,2018-19
Sat Mar 30 2019,Crystal Palace FC,Huddersfield Town AFC,2,0,Premier League,2018-19
Sat Mar 30 2019,Brighton & Hove Albion FC,Southampton FC,0,1,Premier League,2018-19
Sat Mar 30 2019,West Ham United FC,Everton FC,0,2,Premier League,2018-19
Sun Mar 31 2019,Cardiff City FC,Chelsea FC,1,2,Premier League,2018-19
Sun Mar 31 2019,Liverpool FC,Tottenham Hotspur FC,2,1,Premier League,2018-19
Mon Apr 1 2019,Arsenal FC,Newcastle United FC,2,0,Premier League,2018-19
Tue Apr 2 2019,Wolverhampton Wanderers FC,Manchester United FC,2,1,Premier League,2018-19
Tue Apr 2 2019,Watford FC,Fulham FC,4,1,Premier League,2018-19
Wed Apr 3 2019,Chelsea FC,Brighton & Hove Albion FC,3,0,Premier League,2018-19
Wed Apr 3 2019,Tottenham Hotspur FC,Crystal Palace FC,2,0,Premier League,2018-19
Wed Apr 3 2019,Manchester City FC,Cardiff City FC,2,0,Premier League,2018-19
Fri Apr 5 2019,Southampton FC,Liverpool FC,1,3,Premier League,2018-19
Sat Apr 6 2019,Newcastle United FC,Crystal Palace FC,0,1,Premier League,2018-19
Sat Apr 6 2019,Huddersfield Town AFC,Leicester City FC,1,4,Premier League,2018-19
Sat Apr 6 2019,AFC Bournemouth,Burnley FC,1,3,Premier League,2018-19
Sun Apr 7 2019,Everton FC,Arsenal FC,1,0,Premier League,2018-19
Mon Apr 8 2019,Chelsea FC,West Ham United FC,2,0,Premier League,2018-19
Fri Apr 12 2019,Leicester City FC,Newcastle United FC,0,1,Premier League,2018-19
Sat Apr 13 2019,Tottenham Hotspur FC,Huddersfield Town AFC,4,0,Premier League,2018-19
Sat Apr 13 2019,Fulham FC,Everton FC,2,0,Premier League,2018-19
Sat Apr 13 2019,Burnley FC,Cardiff City FC,2,0,Premier League,2018-19
Sat Apr 13 2019,Southampton FC,Wolverhampton Wanderers FC,3,1,Premier League,2018-19
Sat Apr 13 2019,Brighton & Hove Albion FC,AFC Bournemouth,0,5,Premier League,2018-19
Sat Apr 13 2019,Manchester United FC,West Ham United FC,2,1,Premier League,2018-19
Sun Apr 14 2019,Crystal Palace FC,Manchester City FC,1,3,Premier League,2018-19
Sun Apr 14 2019,Liverpool FC,Chelsea FC,2,0,Premier League,2018-19
Mon Apr 15 2019,Watford FC,Arsenal FC,0,1,Premier League,2018-19
Tue Apr 16 2019,Brighton & Hove Albion FC,Cardiff City FC,0,2,Premier League,2018-19
Sat Apr 20 2019,Manchester City FC,Tottenham Hotspur FC,1,0,Premier League,2018-19
Sat Apr 20 2019,Wolverhampton Wanderers FC,Brighton & Hove Albion FC,0,0,Premier League,2018-19
Sat Apr 20 2019,Huddersfield Town AFC,Watford FC,1,2,Premier League,2018-19
Sat Apr 20 2019,West Ham United FC,Leicester City FC,2,2,Premier League,2018-19
Sat Apr 20 2019,AFC Bournemouth,Fulham FC,0,1,Premier League,2018-19
Sat Apr 20 2019,Newcastle United FC,Southampton FC,3,1,Premier League,2018-19
Sun Apr 21 2019,Everton FC,Manchester United FC,4,0,Premier League,2018-19
Sun Apr 21 2019,Arsenal FC,Crystal Palace FC,2,3,Premier League,2018-19
Sun Apr 21 2019,Cardiff City FC,Liverpool FC,0,2,Premier League,2018-19
Mon Apr 22 2019,Chelsea FC,Burnley FC,2,2,Premier League,2018-19
Tue Apr 23 2019,Watford FC,Southampton FC,1,1,Premier League,2018-19
Tue Apr 23 2019,Tottenham Hotspur FC,Brighton & Hove Albion FC,1,0,Premier League,2018-19
Wed Apr 24 2019,Wolverhampton Wanderers FC,Arsenal FC,3,1,Premier League,2018-19
Wed Apr 24 2019,Manchester United FC,Manchester City FC,0,2,Premier League,2018-19
Fri Apr 26 2019,Liverpool FC,Huddersfield Town AFC,5,0,Premier League,2018-19
Sat Apr 27 2019,Tottenham Hotspur FC,West Ham United FC,0,1,Premier League,2018-19
Sat Apr 27 2019,Fulham FC,Cardiff City FC,1,0,Premier League,2018-19
Sat Apr 27 2019,Southampton FC,AFC Bournemouth,3,3,Premier League,2018-19
Sat Apr 27 2019,Crystal Palace FC,Everton FC,0,0,Premier League,2018-19
Sat Apr 27 2019,Watford FC,Wolverhampton Wanderers FC,1,2,Premier League,2018-19
Sat Apr 27 2019,Brighton & Hove Albion FC,Newcastle United FC,1,1,Premier League,2018-19
Sun Apr 28 2019,Leicester City FC,Arsenal FC,3,0,Premier League,2018-19
Sun Apr 28 2019,Burnley FC,Manchester City FC,0,1,Premier League,2018-19
Sun Apr 28 2019,Manchester United FC,Chelsea FC,1,1,Premier League,2018-19
Fri May 3 2019,Everton FC,Burnley FC,2,0,Premier League,2018-19
Sat May 4 2019,AFC Bournemouth,Tottenham Hotspur FC,1,0,Premier League,2018-19
Sat May 4 2019,Wolverhampton Wanderers FC,Fulham FC,1,0,Premier League,2018-19
Sat May 4 2019,West Ham United FC,Southampton FC,3,0,Premier League,2018-19
Sat May 4 2019,Cardiff City FC,Crystal Palace FC,2,3,Premier League,2018-19
Sat May 4 2019,Newcastle United FC,Liverpool FC,2,3,Premier League,2018-19
Sun May 5 2019,Chelsea FC,Watford FC,3,0,Premier League,2018-19
Sun May 5 2019,Huddersfield Town AFC,Manchester United FC,1,1,Premier League,2018-19
Sun May 5 2019,Arsenal FC,Brighton & Hove Albion FC,1,1,Premier League,2018-19
Mon May 6 2019,Manchester City FC,Leicester City FC,1,0,Premier League,2018-19
Sun May 12 2019,Fulham FC,Newcastle United FC,0,4,Premier League,2018-19
Sun May 12 2019,Liverpool FC,Wolverhampton Wanderers FC,2,0,Premier League,2018-19
Sun May 12 2019,Tottenham Hotspur FC,Everton FC,2,2,Premier League,2018-19
Sun May 12 2019,Manchester United FC,Cardiff City FC,0,2,Premier League,2018-19
Sun May 12 2019,Leicester City FC,Chelsea FC,0,0,Premier League,2018-19
Sun May 12 2019,Burnley FC,Arsenal FC,1,3,Premier League,2018-19
Sun May 12 2019,Southampton FC,Huddersfield Town AFC,1,1,Premier League,2018-19
Sun May 12 2019,Crystal Palace FC,AFC Bournemouth,5,3,Premier League,2018-19
Sun May 12 2019,Brighton & Hove Albion FC,Manchester City FC,1,4,Premier League,2018-19
Sun May 12 2019,Watford FC,West Ham United FC,1,4,Premier League,2018-19
Fri Aug 9 2019,Liverpool FC,Norwich City FC,4,1,Premier League,2019-20
Sat Aug 10 2019,West Ham United FC,Manchester City FC,0,5,Premier League,2019-20
Sat Aug 10 2019,Burnley FC,Southampton FC,3,0,Premier League,2019-20
Sat Aug 10 2019,AFC Bournemouth,Sheffield United FC,1,1,Premier League,2019-20
Sat Aug 10 2019,Crystal Palace FC,Everton FC,0,0,Premier League,2019-20
Sat Aug 10 2019,Watford FC,Brighton & Hove Albion FC,0,3,Premier League,2019-20
Sat Aug 10 2019,Tottenham Hotspur FC,Aston Villa FC,3,1,Premier League,2019-20
Sun Aug 11 2019,Leicester City FC,Wolverhampton Wanderers FC,0,0,Premier League,2019-20
Sun Aug 11 2019,Newcastle United FC,Arsenal FC,0,1,Premier League,2019-20
Sun Aug 11 2019,Manchester United FC,Chelsea FC,4,0,Premier League,2019-20
Sat Aug 17 2019,Arsenal FC,Burnley FC,2,1,Premier League,2019-20
Sat Aug 17 2019,Everton FC,Watford FC,1,0,Premier League,2019-20
Sat Aug 17 2019,Brighton & Hove Albion FC,West Ham United FC,1,1,Premier League,2019-20
Sat Aug 17 2019,Aston Villa FC,AFC Bournemouth,1,2,Premier League,2019-20
Sat Aug 17 2019,Norwich City FC,Newcastle United FC,3,1,Premier League,2019-20
Sat Aug 17 2019,Southampton FC,Liverpool FC,1,2,Premier League,2019-20
Sat Aug 17 2019,Manchester City FC,Tottenham Hotspur FC,2,2,Premier League,2019-20
Sun Aug 18 2019,Sheffield United FC,Crystal Palace FC,1,0,Premier League,2019-20
Sun Aug 18 2019,Chelsea FC,Leicester City FC,1,1,Premier League,2019-20
Mon Aug 19 2019,Wolverhampton Wanderers FC,Manchester United FC,1,1,Premier League,2019-20
Fri Aug 23 2019,Aston Villa FC,Everton FC,2,0,Premier League,2019-20
Sat Aug 24 2019,Norwich City FC,Chelsea FC,2,3,Premier League,2019-20
Sat Aug 24 2019,Brighton & Hove Albion FC,Southampton FC,0,2,Premier League,2019-20
Sat Aug 24 2019,Manchester United FC,Crystal Palace FC,1,2,Premier League,2019-20
Sat Aug 24 2019,Sheffield United FC,Leicester City FC,1,2,Premier League,2019-20
Sat Aug 24 2019,Watford FC,West Ham United FC,1,3,Premier League,2019-20
Sat Aug 24 2019,Liverpool FC,Arsenal FC,3,1,Premier League,2019-20
Sun Aug 25 2019,AFC Bournemouth,Manchester City FC,1,3,Premier League,2019-20
Sun Aug 25 2019,Tottenham Hotspur FC,Newcastle United FC,0,1,Premier League,2019-20
Sun Aug 25 2019,Wolverhampton Wanderers FC,Burnley FC,1,1,Premier League,2019-20
Sat Aug 31 2019,Southampton FC,Manchester United FC,1,1,Premier League,2019-20
Sat Aug 31 2019,Chelsea FC,Sheffield United FC,2,2,Premier League,2019-20
Sat Aug 31 2019,Crystal Palace FC,Aston Villa FC,1,0,Premier League,2019-20
Sat Aug 31 2019,Leicester City FC,AFC Bournemouth,3,1,Premier League,2019-20
Sat Aug 31 2019,Manchester City FC,Brighton & Hove Albion FC,4,0,Premier League,2019-20
Sat Aug 31 2019,Newcastle United FC,Watford FC,1,1,Premier League,2019-20
Sat Aug 31 2019,West Ham United FC,Norwich City FC,2,0,Premier League,2019-20
Sat Aug 31 2019,Burnley FC,Liverpool FC,0,3,Premier League,2019-20
Sun Sep 1 2019,Everton FC,Wolverhampton Wanderers FC,3,2,Premier League,2019-20
Sun Sep 1 2019,Arsenal FC,Tottenham Hotspur FC,2,2,Premier League,2019-20
Sat Sep 14 2019,Liverpool FC,Newcastle United FC,3,1,Premier League,2019-20
Sat Sep 14 2019,Sheffield United FC,Southampton FC,0,1,Premier League,2019-20
Sat Sep 14 2019,Manchester United FC,Leicester City FC,1,0,Premier League,2019-20
Sat Sep 14 2019,Brighton & Hove Albion FC,Burnley FC,1,1,Premier League,2019-20
Sat Sep 14 2019,Tottenham Hotspur FC,Crystal Palace FC,4,0,Premier League,2019-20
Sat Sep 14 2019,Wolverhampton Wanderers FC,Chelsea FC,2,5,Premier League,2019-20
Sat Sep 14 2019,Norwich City FC,Manchester City FC,3,2,Premier League,2019-20
Sun Sep 15 2019,AFC Bournemouth,Everton FC,3,1,Premier League,2019-20
Sun Sep 15 2019,Watford FC,Arsenal FC,2,2,Premier League,2019-20
Mon Sep 16 2019,Aston Villa FC,West Ham United FC,0,0,Premier League,2019-20
Fri Sep 20 2019,Southampton FC,AFC Bournemouth,1,3,Premier League,2019-20
Sat Sep 21 2019,Leicester City FC,Tottenham Hotspur FC,2,1,Premier League,2019-20
Sat Sep 21 2019,Burnley FC,Norwich City FC,2,0,Premier League,2019-20
Sat Sep 21 2019,Everton FC,Sheffield United FC,0,2,Premier League,2019-20
Sat Sep 21 2019,Manchester City FC,Watford FC,8,0,Premier League,2019-20
Sat Sep 21 2019,Newcastle United FC,Brighton & Hove Albion FC,0,0,Premier League,2019-20
Sun Sep 22 2019,Crystal Palace FC,Wolverhampton Wanderers FC,1,1,Premier League,2019-20
Sun Sep 22 2019,West Ham United FC,Manchester United FC,2,0,Premier League,2019-20
Sun Sep 22 2019,Arsenal FC,Aston Villa FC,3,2,Premier League,2019-20
Sun Sep 22 2019,Chelsea FC,Liverpool FC,1,2,Premier League,2019-20
Sat Sep 28 2019,Sheffield United FC,Liverpool FC,0,1,Premier League,2019-20
Sat Sep 28 2019,Chelsea FC,Brighton & Hove Albion FC,2,0,Premier League,2019-20
Sat Sep 28 2019,Aston Villa FC,Burnley FC,2,2,Premier League,2019-20
Sat Sep 28 2019,AFC Bournemouth,West Ham United FC,2,2,Premier League,2019-20
Sat Sep 28 2019,Crystal Palace FC,Norwich City FC,2,0,Premier League,2019-20
Sat Sep 28 2019,Tottenham Hotspur FC,Southampton FC,2,1,Premier League,2019-20
Sat Sep 28 2019,Wolverhampton Wanderers FC,Watford FC,2,0,Premier League,2019-20
Sat Sep 28 2019,Everton FC,Manchester City FC,1,3,Premier League,2019-20
Sun Sep 29 2019,Leicester City FC,Newcastle United FC,5,0,Premier League,2019-20
Mon Sep 30 2019,Manchester United FC,Arsenal FC,1,1,Premier League,2019-20
Sat Oct 5 2019,Brighton & Hove Albion FC,Tottenham Hotspur FC,3,0,Premier League,2019-20
Sat Oct 5 2019,Burnley FC,Everton FC,1,0,Premier League,2019-20
Sat Oct 5 2019,Liverpool FC,Leicester City FC,2,1,Premier League,2019-20
Sat Oct 5 2019,Norwich City FC,Aston Villa FC,1,5,Premier League,2019-20
Sat Oct 5 2019,Watford FC,Sheffield United FC,0,0,Premier League,2019-20
Sat Oct 5 2019,West Ham United FC,Crystal Palace FC,1,2,Premier League,2019-20
Sun Oct 6 2019,Arsenal FC,AFC Bournemouth,1,0,Premier League,2019-20
Sun Oct 6 2019,Manchester City FC,Wolverhampton Wanderers FC,0,2,Premier League,2019-20
Sun Oct 6 2019,Southampton FC,Chelsea FC,1,4,Premier League,2019-20
Sun Oct 6 2019,Newcastle United FC,Manchester United FC,1,0,Premier League,2019-20
Sat Oct 19 2019,Everton FC,West Ham United FC,2,0,Premier League,2019-20
Sat Oct 19 2019,AFC Bournemouth,Norwich City FC,0,0,Premier League,2019-20
Sat Oct 19 2019,Aston Villa FC,Brighton & Hove Albion FC,2,1,Premier League,2019-20
Sat Oct 19 2019,Chelsea FC,Newcastle United FC,1,0,Premier League,2019-20
Sat Oct 19 2019,Leicester City FC,Burnley FC,2,1,Premier League,2019-20
Sat Oct 19 2019,Tottenham Hotspur FC,Watford FC,1,1,Premier League,2019-20
Sat Oct 19 2019,Wolverhampton Wanderers FC,Southampton FC,1,1,Premier League,2019-20
Sat Oct 19 2019,Crystal Palace FC,Manchester City FC,0,2,Premier League,2019-20
Sun Oct 20 2019,Manchester United FC,Liverpool FC,1,1,Premier League,2019-20
Mon Oct 21 2019,Sheffield United FC,Arsenal FC,1,0,Premier League,2019-20
Fri Oct 25 2019,Southampton FC,Leicester City FC,0,9,Premier League,2019-20
Sat Oct 26 2019,Manchester City FC,Aston Villa FC,3,0,Premier League,2019-20
Sat Oct 26 2019,Brighton & Hove Albion FC,Everton FC,3,2,Premier League,2019-20
Sat Oct 26 2019,Watford FC,AFC Bournemouth,0,0,Premier League,2019-20
Sat Oct 26 2019,West Ham United FC,Sheffield United FC,1,1,Premier League,2019-20
Sat Oct 26 2019,Burnley FC,Chelsea FC,2,4,Premier League,2019-20
Sun Oct 27 2019,Newcastle United FC,Wolverhampton Wanderers FC,1,1,Premier League,2019-20
Sun Oct 27 2019,Arsenal FC,Crystal Palace FC,2,2,Premier League,2019-20
Sun Oct 27 2019,Liverpool FC,Tottenham Hotspur FC,2,1,Premier League,2019-20
Sun Oct 27 2019,Norwich City FC,Manchester United FC,1,3,Premier League,2019-20
Sat Nov 2 2019,AFC Bournemouth,Manchester United FC,1,0,Premier League,2019-20
Sat Nov 2 2019,Arsenal FC,Wolverhampton Wanderers FC,1,1,Premier League,2019-20
Sat Nov 2 2019,Aston Villa FC,Liverpool FC,1,2,Premier League,2019-20
Sat Nov 2 2019,Brighton & Hove Albion FC,Norwich City FC,2,0,Premier League,2019-20
Sat Nov 2 2019,Manchester City FC,Southampton FC,2,1,Premier League,2019-20
Sat Nov 2 2019,West Ham United FC,Newcastle United FC,2,3,Premier League,2019-20
Sat Nov 2 2019,Sheffield United FC,Burnley FC,3,0,Premier League,2019-20
Sat Nov 2 2019,Watford FC,Chelsea FC,1,2,Premier League,2019-20
Sun Nov 3 2019,Crystal Palace FC,Leicester City FC,0,2,Premier League,2019-20
Sun Nov 3 2019,Everton FC,Tottenham Hotspur FC,1,1,Premier League,2019-20
Fri Nov 8 2019,Norwich City FC,Watford FC,0,2,Premier League,2019-20
Sat Nov 9 2019,Chelsea FC,Crystal Palace FC,2,0,Premier League,2019-20
Sat Nov 9 2019,Burnley FC,West Ham United FC,3,0,Premier League,2019-20
Sat Nov 9 2019,Newcastle United FC,AFC Bournemouth,2,1,Premier League,2019-20
Sat Nov 9 2019,Southampton FC,Everton FC,1,2,Premier League,2019-20
Sat Nov 9 2019,Tottenham Hotspur FC,Sheffield United FC,1,1,Premier League,2019-20
Sat Nov 9 2019,Leicester City FC,Arsenal FC,2,0,Premier League,2019-20
Sun Nov 10 2019,Manchester United FC,Brighton & Hove Albion FC,3,1,Premier League,2019-20
Sun Nov 10 2019,Wolverhampton Wanderers FC,Aston Villa FC,2,1,Premier League,2019-20
Sun Nov 10 2019,Liverpool FC,Manchester City FC,3,1,Premier League,2019-20
Sat Nov 23 2019,West Ham United FC,Tottenham Hotspur FC,2,3,Premier League,2019-20
Sat Nov 23 2019,Brighton & Hove Albion FC,Leicester City FC,0,2,Premier League,2019-20
Sat Nov 23 2019,Arsenal FC,Southampton FC,2,2,Premier League,2019-20
Sat Nov 23 2019,AFC Bournemouth,Wolverhampton Wanderers FC,1,2,Premier League,2019-20
Sat Nov 23 2019,Crystal Palace FC,Liverpool FC,1,2,Premier League,2019-20
Sat Nov 23 2019,Everton FC,Norwich City FC,0,2,Premier League,2019-20
Sat Nov 23 2019,Watford FC,Burnley FC,0,3,Premier League,2019-20
Sat Nov 23 2019,Manchester City FC,Chelsea FC,2,1,Premier League,2019-20
Sun Nov 24 2019,Sheffield United FC,Manchester United FC,3,3,Premier League,2019-20
Mon Nov 25 2019,Aston Villa FC,Newcastle United FC,2,0,Premier League,2019-20
Sat Nov 30 2019,Newcastle United FC,Manchester City FC,2,2,Premier League,2019-20
Sat Nov 30 2019,Burnley FC,Crystal Palace FC,0,2,Premier League,2019-20
Sat Nov 30 2019,Chelsea FC,West Ham United FC,0,1,Premier League,2019-20
Sat Nov 30 2019,Liverpool FC,Brighton & Hove Albion FC,2,1,Premier League,2019-20
Sat Nov 30 2019,Tottenham Hotspur FC,AFC Bournemouth,3,2,Premier League,2019-20
Sat Nov 30 2019,Southampton FC,Watford FC,2,1,Premier League,2019-20
Sun Dec 1 2019,Norwich City FC,Arsenal FC,2,2,Premier League,2019-20
Sun Dec 1 2019,Wolverhampton Wanderers FC,Sheffield United FC,1,1,Premier League,2019-20
Sun Dec 1 2019,Leicester City FC,Everton FC,2,1,Premier League,2019-20
Sun Dec 1 2019,Manchester United FC,Aston Villa FC,2,2,Premier League,2019-20
Tue Dec 3 2019,Crystal Palace FC,AFC Bournemouth,1,0,Premier League,2019-20
Tue Dec 3 2019,Burnley FC,Manchester City FC,1,4,Premier League,2019-20
Wed Dec 4 2019,Leicester City FC,Watford FC,2,0,Premier League,2019-20
Wed Dec 4 2019,Wolverhampton Wanderers FC,West Ham United FC,2,0,Premier League,2019-20
Wed Dec 4 2019,Manchester United FC,Tottenham Hotspur FC,2,1,Premier League,2019-20
Wed Dec 4 2019,Chelsea FC,Aston Villa FC,2,1,Premier League,2019-20
Wed Dec 4 2019,Southampton FC,Norwich City FC,2,1,Premier League,2019-20
Wed Dec 4 2019,Liverpool FC,Everton FC,5,2,Premier League,2019-20
Thu Dec 5 2019,Sheffield United FC,Newcastle United FC,0,2,Premier League,2019-20
Thu Dec 5 2019,Arsenal FC,Brighton & Hove Albion FC,1,2,Premier League,2019-20
Sat Dec 7 2019,Everton FC,Chelsea FC,3,1,Premier League,2019-20
Sat Dec 7 2019,AFC Bournemouth,Liverpool FC,0,3,Premier League,2019-20
Sat Dec 7 2019,Tottenham Hotspur FC,Burnley FC,5,0,Premier League,2019-20
Sat Dec 7 2019,Watford FC,Crystal Palace FC,0,0,Premier League,2019-20
Sat Dec 7 2019,Manchester City FC,Manchester United FC,1,2,Premier League,2019-20
Sun Dec 8 2019,Aston Villa FC,Leicester City FC,1,4,Premier League,2019-20
Sun Dec 8 2019,Newcastle United FC,Southampton FC,2,1,Premier League,2019-20
Sun Dec 8 2019,Norwich City FC,Sheffield United FC,1,2,Premier League,2019-20
Sun Dec 8 2019,Brighton & Hove Albion FC,Wolverhampton Wanderers FC,2,2,Premier League,2019-20
Mon Dec 9 2019,West Ham United FC,Arsenal FC,1,3,Premier League,2019-20
Sat Dec 14 2019,Liverpool FC,Watford FC,2,0,Premier League,2019-20
Sat Dec 14 2019,Chelsea FC,AFC Bournemouth,0,1,Premier League,2019-20
Sat Dec 14 2019,Burnley FC,Newcastle United FC,1,0,Premier League,2019-20
Sat Dec 14 2019,Leicester City FC,Norwich City FC,1,1,Premier League,2019-20
Sat Dec 14 2019,Sheffield United FC,Aston Villa FC,2,0,Premier League,2019-20
Sat Dec 14 2019,Southampton FC,West Ham United FC,0,1,Premier League,2019-20
Sun Dec 15 2019,Manchester United FC,Everton FC,1,1,Premier League,2019-20
Sun Dec 15 2019,Wolverhampton Wanderers FC,Tottenham Hotspur FC,1,2,Premier League,2019-20
Sun Dec 15 2019,Arsenal FC,Manchester City FC,0,3,Premier League,2019-20
Mon Dec 16 2019,Crystal Palace FC,Brighton & Hove Albion FC,1,1,Premier League,2019-20
Sat Dec 21 2019,Everton FC,Arsenal FC,0,0,Premier League,2019-20
Sat Dec 21 2019,Newcastle United FC,Crystal Palace FC,1,0,Premier League,2019-20
Sat Dec 21 2019,Aston Villa FC,Southampton FC,1,3,Premier League,2019-20
Sat Dec 21 2019,Brighton & Hove Albion FC,Sheffield United FC,0,1,Premier League,2019-20
Sat Dec 21 2019,AFC Bournemouth,Burnley FC,0,1,Premier League,2019-20
Sat Dec 21 2019,Norwich City FC,Wolverhampton Wanderers FC,1,2,Premier League,2019-20
Sat Dec 21 2019,Manchester City FC,Leicester City FC,3,1,Premier League,2019-20
Sun Dec 22 2019,Watford FC,Manchester United FC,2,0,Premier League,2019-20
Sun Dec 22 2019,Tottenham Hotspur FC,Chelsea FC,0,2,Premier League,2019-20
Thu Dec 26 2019,Tottenham Hotspur FC,Brighton & Hove Albion FC,2,1,Premier League,2019-20
Thu Dec 26 2019,Sheffield United FC,Watford FC,1,1,Premier League,2019-20
Thu Dec 26 2019,AFC Bournemouth,Arsenal FC,1,1,Premier League,2019-20
Thu Dec 26 2019,Everton FC,Burnley FC,1,0,Premier League,2019-20
Thu Dec 26 2019,Chelsea FC,Southampton FC,0,2,Premier League,2019-20
Thu Dec 26 2019,Crystal Palace FC,West Ham United FC,2,1,Premier League,2019-20
Thu Dec 26 2019,Aston Villa FC,Norwich City FC,1,0,Premier League,2019-20
Thu Dec 26 2019,Manchester United FC,Newcastle United FC,4,1,Premier League,2019-20
Thu Dec 26 2019,Leicester City FC,Liverpool FC,0,4,Premier League,2019-20
Fri Dec 27 2019,Wolverhampton Wanderers FC,Manchester City FC,3,2,Premier League,2019-20
Sat Dec 28 2019,Brighton & Hove Albion FC,AFC Bournemouth,2,0,Premier League,2019-20
Sat Dec 28 2019,Watford FC,Aston Villa FC,3,0,Premier League,2019-20
Sat Dec 28 2019,Newcastle United FC,Everton FC,1,2,Premier League,2019-20
Sat Dec 28 2019,Southampton FC,Crystal Palace FC,1,1,Premier League,2019-20
Sat Dec 28 2019,Norwich City FC,Tottenham Hotspur FC,2,2,Premier League,2019-20
Sat Dec 28 2019,West Ham United FC,Leicester City FC,1,2,Premier League,2019-20
Sat Dec 28 2019,Burnley FC,Manchester United FC,0,2,Premier League,2019-20
Sun Dec 29 2019,Arsenal FC,Chelsea FC,1,2,Premier League,2019-20
Sun Dec 29 2019,Liverpool FC,Wolverhampton Wanderers FC,1,0,Premier League,2019-20
Sun Dec 29 2019,Manchester City FC,Sheffield United FC,2,0,Premier League,2019-20
Wed Jan 1 2020,Burnley FC,Aston Villa FC,1,2,Premier League,2019-20
Wed Jan 1 2020,Brighton & Hove Albion FC,Chelsea FC,1,1,Premier League,2019-20
Wed Jan 1 2020,Southampton FC,Tottenham Hotspur FC,1,0,Premier League,2019-20
Wed Jan 1 2020,Newcastle United FC,Leicester City FC,0,3,Premier League,2019-20
Wed Jan 1 2020,Watford FC,Wolverhampton Wanderers FC,2,1,Premier League,2019-20
Wed Jan 1 2020,West Ham United FC,AFC Bournemouth,4,0,Premier League,2019-20
Wed Jan 1 2020,Norwich City FC,Crystal Palace FC,1,1,Premier League,2019-20
Wed Jan 1 2020,Manchester City FC,Everton FC,2,1,Premier League,2019-20
Wed Jan 1 2020,Arsenal FC,Manchester United FC,2,0,Premier League,2019-20
Thu Jan 2 2020,Liverpool FC,Sheffield United FC,2,0,Premier League,2019-20
Fri Jan 10 2020,Sheffield United FC,West Ham United FC,1,0,Premier League,2019-20
Sat Jan 11 2020,Crystal Palace FC,Arsenal FC,1,1,Premier League,2019-20
Sat Jan 11 2020,Manchester United FC,Norwich City FC,4,0,Premier League,2019-20
Sat Jan 11 2020,Chelsea FC,Burnley FC,3,0,Premier League,2019-20
Sat Jan 11 2020,Everton FC,Brighton & Hove Albion FC,1,0,Premier League,2019-20
Sat Jan 11 2020,Leicester City FC,Southampton FC,1,2,Premier League,2019-20
Sat Jan 11 2020,Wolverhampton Wanderers FC,Newcastle United FC,1,1,Premier League,2019-20
Sat Jan 11 2020,Tottenham Hotspur FC,Liverpool FC,0,1,Premier League,2019-20
Sun Jan 12 2020,AFC Bournemouth,Watford FC,0,3,Premier League,2019-20
Sun Jan 12 2020,Aston Villa FC,Manchester City FC,1,6,Premier League,2019-20
Sat Jan 18 2020,Watford FC,Tottenham Hotspur FC,0,0,Premier League,2019-20
Sat Jan 18 2020,Norwich City FC,AFC Bournemouth,1,0,Premier League,2019-20
Sat Jan 18 2020,Arsenal FC,Sheffield United FC,1,1,Premier League,2019-20
Sat Jan 18 2020,Brighton & Hove Albion FC,Aston Villa FC,1,1,Premier League,2019-20
Sat Jan 18 2020,Manchester City FC,Crystal Palace FC,2,2,Premier League,2019-20
Sat Jan 18 2020,West Ham United FC,Everton FC,1,1,Premier League,2019-20
Sat Jan 18 2020,Southampton FC,Wolverhampton Wanderers FC,2,3,Premier League,2019-20
Sat Jan 18 2020,Newcastle United FC,Chelsea FC,1,0,Premier League,2019-20
Sun Jan 19 2020,Burnley FC,Leicester City FC,2,1,Premier League,2019-20
Sun Jan 19 2020,Liverpool FC,Manchester United FC,2,0,Premier League,2019-20
Tue Jan 21 2020,AFC Bournemouth,Brighton & Hove Albion FC,3,1,Premier League,2019-20
Tue Jan 21 2020,Crystal Palace FC,Southampton FC,0,2,Premier League,2019-20
Tue Jan 21 2020,Aston Villa FC,Watford FC,2,1,Premier League,2019-20
Tue Jan 21 2020,Sheffield United FC,Manchester City FC,0,1,Premier League,2019-20
Tue Jan 21 2020,Everton FC,Newcastle United FC,2,2,Premier League,2019-20
Tue Jan 21 2020,Chelsea FC,Arsenal FC,2,2,Premier League,2019-20
Wed Jan 22 2020,Tottenham Hotspur FC,Norwich City FC,2,1,Premier League,2019-20
Wed Jan 22 2020,Leicester City FC,West Ham United FC,4,1,Premier League,2019-20
Wed Jan 22 2020,Manchester United FC,Burnley FC,0,2,Premier League,2019-20
Thu Jan 23 2020,Wolverhampton Wanderers FC,Liverpool FC,1,2,Premier League,2019-20
Wed Jan 29 2020,West Ham United FC,Liverpool FC,0,2,Premier League,2019-20
Sat Feb 1 2020,Leicester City FC,Chelsea FC,2,2,Premier League,2019-20
Sat Feb 1 2020,Crystal Palace FC,Sheffield United FC,0,1,Premier League,2019-20
Sat Feb 1 2020,AFC Bournemouth,Aston Villa FC,2,1,Premier League,2019-20
Sat Feb 1 2020,Liverpool FC,Southampton FC,4,0,Premier League,2019-20
Sat Feb 1 2020,Newcastle United FC,Norwich City FC,0,0,Premier League,2019-20
Sat Feb 1 2020,Watford FC,Everton FC,2,3,Premier League,2019-20
Sat Feb 1 2020,West Ham United FC,Brighton & Hove Albion FC,3,3,Premier League,2019-20
Sat Feb 1 2020,Manchester United FC,Wolverhampton Wanderers FC,0,0,Premier League,2019-20
Sun Feb 2 2020,Burnley FC,Arsenal FC,0,0,Premier League,2019-20
Sun Feb 2 2020,Tottenham Hotspur FC,Manchester City FC,2,0,Premier League,2019-20
Sat Feb 8 2020,Everton FC,Crystal Palace FC,3,1,Premier League,2019-20
Sat Feb 8 2020,Brighton & Hove Albion FC,Watford FC,1,1,Premier League,2019-20
Sun Feb 9 2020,Sheffield United FC,AFC Bournemouth,2,1,Premier League,2019-20
Fri Feb 14 2020,Wolverhampton Wanderers FC,Leicester City FC,0,0,Premier League,2019-20
Sat Feb 15 2020,Southampton FC,Burnley FC,1,2,Premier League,2019-20
Sat Feb 15 2020,Norwich City FC,Liverpool FC,0,1,Premier League,2019-20
Sun Feb 16 2020,Aston Villa FC,Tottenham Hotspur FC,2,3,Premier League,2019-20
Sun Feb 16 2020,Arsenal FC,Newcastle United FC,4,0,Premier League,2019-20
Mon Feb 17 2020,Chelsea FC,Manchester United FC,0,2,Premier League,2019-20
Wed Feb 19 2020,Manchester City FC,West Ham United FC,2,0,Premier League,2019-20
Sat Feb 22 2020,Chelsea FC,Tottenham Hotspur FC,2,1,Premier League,2019-20
Sat Feb 22 2020,Crystal Palace FC,Newcastle United FC,1,0,Premier League,2019-20
Sat Feb 22 2020,Burnley FC,AFC Bournemouth,3,0,Premier League,2019-20
Sat Feb 22 2020,Sheffield United FC,Brighton & Hove Albion FC,1,1,Premier League,2019-20
Sat Feb 22 2020,Southampton FC,Aston Villa FC,2,0,Premier League,2019-20
Sat Feb 22 2020,Leicester City FC,Manchester City FC,0,1,Premier League,2019-20
Sun Feb 23 2020,Manchester United FC,Watford FC,3,0,Premier League,2019-20
Sun Feb 23 2020,Wolverhampton Wanderers FC,Norwich City FC,3,0,Premier League,2019-20
Sun Feb 23 2020,Arsenal FC,Everton FC,3,2,Premier League,2019-20
Mon Feb 24 2020,Liverpool FC,West Ham United FC,3,2,Premier League,2019-20
Fri Feb 28 2020,Norwich City FC,Leicester City FC,1,0,Premier League,2019-20
Sat Feb 29 2020,Brighton & Hove Albion FC,Crystal Palace FC,0,1,Premier League,2019-20
Sat Feb 29 2020,AFC Bournemouth,Chelsea FC,2,2,Premier League,2019-20
Sat Feb 29 2020,Newcastle United FC,Burnley FC,0,0,Premier League,2019-20
Sat Feb 29 2020,West Ham United FC,Southampton FC,3,1,Premier League,2019-20
Sat Feb 29 2020,Watford FC,Liverpool FC,3,0,Premier League,2019-20
Sun Mar 1 2020,Tottenham Hotspur FC,Wolverhampton Wanderers FC,2,3,Premier League,2019-20
Sun Mar 1 2020,Everton FC,Manchester United FC,1,1,Premier League,2019-20
Sat Mar 7 2020,Liverpool FC,AFC Bournemouth,2,1,Premier League,2019-20
Sat Mar 7 2020,Arsenal FC,West Ham United FC,1,0,Premier League,2019-20
Sat Mar 7 2020,Crystal Palace FC,Watford FC,1,0,Premier League,2019-20
Sat Mar 7 2020,Wolverhampton Wanderers FC,Brighton & Hove Albion FC,0,0,Premier League,2019-20
Sat Mar 7 2020,Southampton FC,Newcastle United FC,0,1,Premier League,2019-20
Sat Mar 7 2020,Sheffield United FC,Norwich City FC,1,0,Premier League,2019-20
Sat Mar 7 2020,Burnley FC,Tottenham Hotspur FC,1,1,Premier League,2019-20
Sun Mar 8 2020,Chelsea FC,Everton FC,4,0,Premier League,2019-20
Sun Mar 8 2020,Manchester United FC,Manchester City FC,2,0,Premier League,2019-20
Mon Mar 9 2020,Leicester City FC,Aston Villa FC,4,0,Premier League,2019-20
Wed Jun 17 2020,Aston Villa FC,Sheffield United FC,0,0,Premier League,2019-20
Wed Jun 17 2020,Manchester City FC,Arsenal FC,3,0,Premier League,2019-20
Fri Jun 19 2020,Norwich City FC,Southampton FC,0,3,Premier League,2019-20
Fri Jun 19 2020,Tottenham Hotspur FC,Manchester United FC,1,1,Premier League,2019-20
Sat Jun 20 2020,Watford FC,Leicester City FC,1,1,Premier League,2019-20
Sat Jun 20 2020,Brighton & Hove Albion FC,Arsenal FC,2,1,Premier League,2019-20
Sat Jun 20 2020,West Ham United FC,Wolverhampton Wanderers FC,0,2,Premier League,2019-20
Sat Jun 20 2020,AFC Bournemouth,Crystal Palace FC,0,2,Premier League,2019-20
Sun Jun 21 2020,Newcastle United FC,Sheffield United FC,3,0,Premier League,2019-20
Sun Jun 21 2020,Aston Villa FC,Chelsea FC,1,2,Premier League,2019-20
Sun Jun 21 2020,Everton FC,Liverpool FC,0,0,Premier League,2019-20
Mon Jun 22 2020,Manchester City FC,Burnley FC,5,0,Premier League,2019-20
Tue Jun 23 2020,Leicester City FC,Brighton & Hove Albion FC,0,0,Premier League,2019-20
Tue Jun 23 2020,Tottenham Hotspur FC,West Ham United FC,2,0,Premier League,2019-20
Wed Jun 24 2020,Manchester United FC,Sheffield United FC,3,0,Premier League,2019-20
Wed Jun 24 2020,Newcastle United FC,Aston Villa FC,1,1,Premier League,2019-20
Wed Jun 24 2020,Norwich City FC,Everton FC,0,1,Premier League,2019-20
Wed Jun 24 2020,Wolverhampton Wanderers FC,AFC Bournemouth,1,0,Premier League,2019-20
Wed Jun 24 2020,Liverpool FC,Crystal Palace FC,4,0,Premier League,2019-20
Thu Jun 25 2020,Burnley FC,Watford FC,1,0,Premier League,2019-20
Thu Jun 25 2020,Southampton FC,Arsenal FC,0,2,Premier League,2019-20
Thu Jun 25 2020,Chelsea FC,Manchester City FC,2,1,Premier League,2019-20
Sat Jun 27 2020,Aston Villa FC,Wolverhampton Wanderers FC,0,1,Premier League,2019-20
Sun Jun 28 2020,Watford FC,Southampton FC,1,3,Premier League,2019-20
Mon Jun 29 2020,Crystal Palace FC,Burnley FC,0,1,Premier League,2019-20
Tue Jun 30 2020,Brighton & Hove Albion FC,Manchester United FC,0,3,Premier League,2019-20
Wed Jul 1 2020,AFC Bournemouth,Newcastle United FC,1,4,Premier League,2019-20
Wed Jul 1 2020,Everton FC,Leicester City FC,2,1,Premier League,2019-20
Wed Jul 1 2020,Arsenal FC,Norwich City FC,4,0,Premier League,2019-20
Wed Jul 1 2020,West Ham United FC,Chelsea FC,3,2,Premier League,2019-20
Thu Jul 2 2020,Sheffield United FC,Tottenham Hotspur FC,3,1,Premier League,2019-20
Thu Jul 2 2020,Manchester City FC,Liverpool FC,4,0,Premier League,2019-20
Sat Jul 4 2020,Norwich City FC,Brighton & Hove Albion FC,0,1,Premier League,2019-20
Sat Jul 4 2020,Leicester City FC,Crystal Palace FC,3,0,Premier League,2019-20
Sat Jul 4 2020,Manchester United FC,AFC Bournemouth,5,2,Premier League,2019-20
Sat Jul 4 2020,Wolverhampton Wanderers FC,Arsenal FC,0,2,Premier League,2019-20
Sat Jul 4 2020,Chelsea FC,Watford FC,3,0,Premier League,2019-20
Sun Jul 5 2020,Burnley FC,Sheffield United FC,1,1,Premier League,2019-20
Sun Jul 5 2020,Newcastle United FC,West Ham United FC,2,2,Premier League,2019-20
Sun Jul 5 2020,Liverpool FC,Aston Villa FC,2,0,Premier League,2019-20
Sun Jul 5 2020,Southampton FC,Manchester City FC,1,0,Premier League,2019-20
Mon Jul 6 2020,Tottenham Hotspur FC,Everton FC,1,0,Premier League,2019-20
Tue Jul 7 2020,Crystal Palace FC,Chelsea FC,2,3,Premier League,2019-20
Tue Jul 7 2020,Watford FC,Norwich City FC,2,1,Premier League,2019-20
Tue Jul 7 2020,Arsenal FC,Leicester City FC,1,1,Premier League,2019-20
Wed Jul 8 2020,Manchester City FC,Newcastle United FC,5,0,Premier League,2019-20
Wed Jul 8 2020,West Ham United FC,Burnley FC,0,1,Premier League,2019-20
Wed Jul 8 2020,Sheffield United FC,Wolverhampton Wanderers FC,1,0,Premier League,2019-20
Wed Jul 8 2020,Brighton & Hove Albion FC,Liverpool FC,1,3,Premier League,2019-20
Thu Jul 9 2020,AFC Bournemouth,Tottenham Hotspur FC,0,0,Premier League,2019-20
Thu Jul 9 2020,Everton FC,Southampton FC,1,1,Premier League,2019-20
Thu Jul 9 2020,Aston Villa FC,Manchester United FC,0,3,Premier League,2019-20
Sat Jul 11 2020,Watford FC,Newcastle United FC,2,1,Premier League,2019-20
Sat Jul 11 2020,Norwich City FC,West Ham United FC,0,4,Premier League,2019-20
Sat Jul 11 2020,Liverpool FC,Burnley FC,1,1,Premier League,2019-20
Sat Jul 11 2020,Sheffield United FC,Chelsea FC,3,0,Premier League,2019-20
Sat Jul 11 2020,Brighton & Hove Albion FC,Manchester City FC,0,5,Premier League,2019-20
Sun Jul 12 2020,Wolverhampton Wanderers FC,Everton FC,3,0,Premier League,2019-20
Sun Jul 12 2020,Aston Villa FC,Crystal Palace FC,2,0,Premier League,2019-20
Sun Jul 12 2020,Tottenham Hotspur FC,Arsenal FC,2,1,Premier League,2019-20
Sun Jul 12 2020,AFC Bournemouth,Leicester City FC,4,1,Premier League,2019-20
Mon Jul 13 2020,Manchester United FC,Southampton FC,2,2,Premier League,2019-20
Tue Jul 14 2020,Chelsea FC,Norwich City FC,1,0,Premier League,2019-20
Wed Jul 15 2020,Burnley FC,Wolverhampton Wanderers FC,1,1,Premier League,2019-20
Wed Jul 15 2020,Manchester City FC,AFC Bournemouth,2,1,Premier League,2019-20
Wed Jul 15 2020,Newcastle United FC,Tottenham Hotspur FC,1,3,Premier League,2019-20
Wed Jul 15 2020,Arsenal FC,Liverpool FC,2,1,Premier League,2019-20
Thu Jul 16 2020,Everton FC,Aston Villa FC,1,1,Premier League,2019-20
Thu Jul 16 2020,Leicester City FC,Sheffield United FC,2,0,Premier League,2019-20
Thu Jul 16 2020,Crystal Palace FC,Manchester United FC,0,2,Premier League,2019-20
Thu Jul 16 2020,Southampton FC,Brighton & Hove Albion FC,1,1,Premier League,2019-20
Fri Jul 17 2020,West Ham United FC,Watford FC,3,1,Premier League,2019-20
Sat Jul 18 2020,Norwich City FC,Burnley FC,0,2,Premier League,2019-20
Sun Jul 19 2020,AFC Bournemouth,Southampton FC,0,2,Premier League,2019-20
Sun Jul 19 2020,Tottenham Hotspur FC,Leicester City FC,3,0,Premier League,2019-20
Mon Jul 20 2020,Brighton & Hove Albion FC,Newcastle United FC,0,0,Premier League,2019-20
Mon Jul 20 2020,Sheffield United FC,Everton FC,0,1,Premier League,2019-20
Mon Jul 20 2020,Wolverhampton Wanderers FC,Crystal Palace FC,2,0,Premier League,2019-20
Tue Jul 21 2020,Watford FC,Manchester City FC,0,4,Premier League,2019-20
Tue Jul 21 2020,Aston Villa FC,Arsenal FC,1,0,Premier League,2019-20
Wed Jul 22 2020,Manchester United FC,West Ham United FC,1,1,Premier League,2019-20
Wed Jul 22 2020,Liverpool FC,Chelsea FC,5,3,Premier League,2019-20
Sun Jul 26 2020,Arsenal FC,Watford FC,3,2,Premier League,2019-20
Sun Jul 26 2020,Burnley FC,Brighton & Hove Albion FC,1,2,Premier League,2019-20
Sun Jul 26 2020,Chelsea FC,Wolverhampton Wanderers FC,2,0,Premier League,2019-20
Sun Jul 26 2020,Crystal Palace FC,Tottenham Hotspur FC,1,1,Premier League,2019-20
Sun Jul 26 2020,Everton FC,AFC Bournemouth,1,3,Premier League,2019-20
Sun Jul 26 2020,Leicester City FC,Manchester United FC,0,2,Premier League,2019-20
Sun Jul 26 2020,Manchester City FC,Norwich City FC,5,0,Premier League,2019-20
Sun Jul 26 2020,Newcastle United FC,Liverpool FC,1,3,Premier League,2019-20
Sun Jul 26 2020,Southampton FC,Sheffield United FC,3,1,Premier League,2019-20
Sun Jul 26 2020,West Ham United FC,Aston Villa FC,1,1,Premier League,2019-20
Sat Sep 12 2020,Fulham,Arsenal,0,3,Premier League,2020-21
Sat Sep 12 2020,Crystal Palace,Southampton,1,0,Premier League,2020-21
Sat Sep 12 2020,Liverpool,Leeds United,4,3,Premier League,2020-21
Sat Sep 12 2020,West Ham,Newcastle Utd,0,2,Premier League,2020-21
Sun Sep 13 2020,West Brom,Leicester City,0,3,Premier League,2020-21
Sun Sep 13 2020,Tottenham,Everton,0,1,Premier League,2020-21
Mon Sep 14 2020,Sheffield Utd,Wolves,0,2,Premier League,2020-21
Mon Sep 14 2020,Brighton,Chelsea,1,3,Premier League,2020-21
Tue Jan 12 2021(P),Burnley,Manchester Utd,0,1,Premier League,2020-21
Wed Jan 20 2021(P),Manchester City,Aston Villa,2,0,Premier League,2020-21
Sat Sep 19 2020,Everton,West Brom,5,2,Premier League,2020-21
Sat Sep 19 2020,Leeds United,Fulham,4,3,Premier League,2020-21
Sat Sep 19 2020,Manchester Utd,Crystal Palace,1,3,Premier League,2020-21
Sat Sep 19 2020,Arsenal,West Ham,2,1,Premier League,2020-21
Sun Sep 20 2020,Southampton,Tottenham,2,5,Premier League,2020-21
Sun Sep 20 2020,Newcastle Utd,Brighton,0,3,Premier League,2020-21
Sun Sep 20 2020,Chelsea,Liverpool,0,2,Premier League,2020-21
Sun Sep 20 2020,Leicester City,Burnley,4,2,Premier League,2020-21
Mon Sep 21 2020,Aston Villa,Sheffield Utd,1,0,Premier League,2020-21
Mon Sep 21 2020,Wolves,Manchester City,1,3,Premier League,2020-21
Sat Sep 26 2020,Brighton,Manchester Utd,2,3,Premier League,2020-21
Sat Sep 26 2020,Crystal Palace,Everton,1,2,Premier League,2020-21
Sat Sep 26 2020,West Brom,Chelsea,3,3,Premier League,2020-21
Sat Sep 26 2020,Burnley,Southampton,0,1,Premier League,2020-21
Sun Sep 27 2020,Sheffield Utd,Leeds United,0,1,Premier League,2020-21
Sun Sep 27 2020,Tottenham,Newcastle Utd,1,1,Premier League,2020-21
Sun Sep 27 2020,Manchester City,Leicester City,2,5,Premier League,2020-21
Sun Sep 27 2020,West Ham,Wolves,4,0,Premier League,2020-21
Mon Sep 28 2020,Fulham,Aston Villa,0,3,Premier League,2020-21
Mon Sep 28 2020,Liverpool,Arsenal,3,1,Premier League,2020-21
Sat Oct 03 2020,Chelsea,Crystal Palace,4,0,Premier League,2020-21
Sat Oct 03 2020,Everton,Brighton,4,2,Premier League,2020-21
Sat Oct 03 2020,Leeds United,Manchester City,1,1,Premier League,2020-21
Sat Oct 03 2020,Newcastle Utd,Burnley,3,1,Premier League,2020-21
Sun Oct 04 2020,Southampton,West Brom,2,0,Premier League,2020-21
Sun Oct 04 2020,Leicester City,West Ham,0,3,Premier League,2020-21
Sun Oct 04 2020,Arsenal,Sheffield Utd,2,1,Premier League,2020-21
Sun Oct 04 2020,Wolves,Fulham,1,0,Premier League,2020-21
Sun Oct 04 2020,Manchester Utd,Tottenham,1,6,Premier League,2020-21
Sun Oct 04 2020,Aston Villa,Liverpool,7,2,Premier League,2020-21
Sat Oct 17 2020,Everton,Liverpool,2,2,Premier League,2020-21
Sat Oct 17 2020,Chelsea,Southampton,3,3,Premier League,2020-21
Sat Oct 17 2020,Manchester City,Arsenal,1,0,Premier League,2020-21
Sat Oct 17 2020,Newcastle Utd,Manchester Utd,1,4,Premier League,2020-21
Sun Oct 18 2020,Sheffield Utd,Fulham,1,1,Premier League,2020-21
Sun Oct 18 2020,Crystal Palace,Brighton,1,1,Premier League,2020-21
Sun Oct 18 2020,Tottenham,West Ham,3,3,Premier League,2020-21
Sun Oct 18 2020,Leicester City,Aston Villa,0,1,Premier League,2020-21
Mon Oct 19 2020,West Brom,Burnley,0,0,Premier League,2020-21
Mon Oct 19 2020,Leeds United,Wolves,0,1,Premier League,2020-21
Fri Oct 23 2020,Aston Villa,Leeds United,0,3,Premier League,2020-21
Sat Oct 24 2020,West Ham,Manchester City,1,1,Premier League,2020-21
Sat Oct 24 2020,Fulham,Crystal Palace,1,2,Premier League,2020-21
Sat Oct 24 2020,Manchester Utd,Chelsea,0,0,Premier League,2020-21
Sat Oct 24 2020,Liverpool,Sheffield Utd,2,1,Premier League,2020-21
Sun Oct 25 2020,Southampton,Everton,2,0,Premier League,2020-21
Sun Oct 25 2020,Wolves,Newcastle Utd,1,1,Premier League,2020-21
Sun Oct 25 2020,Arsenal,Leicester City,0,1,Premier League,2020-21
Mon Oct 26 2020,Brighton,West Brom,1,1,Premier League,2020-21
Mon Oct 26 2020,Burnley,Tottenham,0,1,Premier League,2020-21
Fri Oct 30 2020,Wolves,Crystal Palace,2,0,Premier League,2020-21
Sat Oct 31 2020,Sheffield Utd,Manchester City,0,1,Premier League,2020-21
Sat Oct 31 2020,Burnley,Chelsea,0,3,Premier League,2020-21
Sat Oct 31 2020,Liverpool,West Ham,2,1,Premier League,2020-21
Sun Nov 01 2020,Aston Villa,Southampton,3,4,Premier League,2020-21
Sun Nov 01 2020,Newcastle Utd,Everton,2,1,Premier League,2020-21
Sun Nov 01 2020,Manchester Utd,Arsenal,0,1,Premier League,2020-21
Sun Nov 01 2020,Tottenham,Brighton,2,1,Premier League,2020-21
Mon Nov 02 2020,Fulham,West Brom,2,0,Premier League,2020-21
Mon Nov 02 2020,Leeds United,Leicester City,1,4,Premier League,2020-21
Fri Nov 06 2020,Brighton,Burnley,0,0,Premier League,2020-21
Fri Nov 06 2020,Southampton,Newcastle Utd,2,0,Premier League,2020-21
Sat Nov 07 2020,Everton,Manchester Utd,1,3,Premier League,2020-21
Sat Nov 07 2020,Crystal Palace,Leeds United,4,1,Premier League,2020-21
Sat Nov 07 2020,Chelsea,Sheffield Utd,4,1,Premier League,2020-21
Sat Nov 07 2020,West Ham,Fulham,1,0,Premier League,2020-21
Sun Nov 08 2020,West Brom,Tottenham,0,1,Premier League,2020-21
Sun Nov 08 2020,Leicester City,Wolves,1,0,Premier League,2020-21
Sun Nov 08 2020,Manchester City,Liverpool,1,1,Premier League,2020-21
Sun Nov 08 2020,Arsenal,Aston Villa,0,3,Premier League,2020-21
Sat Nov 21 2020,Newcastle Utd,Chelsea,0,2,Premier League,2020-21
Sat Nov 21 2020,Aston Villa,Brighton,1,2,Premier League,2020-21
Sat Nov 21 2020,Tottenham,Manchester City,2,0,Premier League,2020-21
Sat Nov 21 2020,Manchester Utd,West Brom,1,0,Premier League,2020-21
Sun Nov 22 2020,Fulham,Everton,2,3,Premier League,2020-21
Sun Nov 22 2020,Sheffield Utd,West Ham,0,1,Premier League,2020-21
Sun Nov 22 2020,Leeds United,Arsenal,0,0,Premier League,2020-21
Sun Nov 22 2020,Liverpool,Leicester City,3,0,Premier League,2020-21
Mon Nov 23 2020,Burnley,Crystal Palace,1,0,Premier League,2020-21
Mon Nov 23 2020,Wolves,Southampton,1,1,Premier League,2020-21
Fri Nov 27 2020,Crystal Palace,Newcastle Utd,0,2,Premier League,2020-21
Sat Nov 28 2020,Brighton,Liverpool,1,1,Premier League,2020-21
Sat Nov 28 2020,Manchester City,Burnley,5,0,Premier League,2020-21
Sat Nov 28 2020,Everton,Leeds United,0,1,Premier League,2020-21
Sat Nov 28 2020,West Brom,Sheffield Utd,1,0,Premier League,2020-21
Sun Nov 29 2020,Southampton,Manchester Utd,2,3,Premier League,2020-21
Sun Nov 29 2020,Chelsea,Tottenham,0,0,Premier League,2020-21
Sun Nov 29 2020,Arsenal,Wolves,1,2,Premier League,2020-21
Mon Nov 30 2020,Leicester City,Fulham,1,2,Premier League,2020-21
Mon Nov 30 2020,West Ham,Aston Villa,2,1,Premier League,2020-21
Sat Dec 05 2020,Burnley,Everton,1,1,Premier League,2020-21
Sat Dec 05 2020,Manchester City,Fulham,2,0,Premier League,2020-21
Sat Dec 05 2020,West Ham,Manchester Utd,1,3,Premier League,2020-21
Sat Dec 05 2020,Chelsea,Leeds United,3,1,Premier League,2020-21
Sun Dec 06 2020,West Brom,Crystal Palace,1,5,Premier League,2020-21
Sun Dec 06 2020,Sheffield Utd,Leicester City,1,2,Premier League,2020-21
Sun Dec 06 2020,Tottenham,Arsenal,2,0,Premier League,2020-21
Sun Dec 06 2020,Liverpool,Wolves,4,0,Premier League,2020-21
Mon Dec 07 2020,Brighton,Southampton,1,2,Premier League,2020-21
Sat Jan 23 2021(P),Aston Villa,Newcastle Utd,2,0,Premier League,2020-21
Fri Dec 11 2020,Leeds United,West Ham,1,2,Premier League,2020-21
Sat Dec 12 2020,Wolves,Aston Villa,0,1,Premier League,2020-21
Sat Dec 12 2020,Newcastle Utd,West Brom,2,1,Premier League,2020-21
Sat Dec 12 2020,Manchester Utd,Manchester City,0,0,Premier League,2020-21
Sat Dec 12 2020,Everton,Chelsea,1,0,Premier League,2020-21
Sun Dec 13 2020,Southampton,Sheffield Utd,3,0,Premier League,2020-21
Sun Dec 13 2020,Crystal Palace,Tottenham,1,1,Premier League,2020-21
Sun Dec 13 2020,Fulham,Liverpool,1,1,Premier League,2020-21
Sun Dec 13 2020,Leicester City,Brighton,3,0,Premier League,2020-21
Sun Dec 13 2020,Arsenal,Burnley,0,1,Premier League,2020-21
Tue Dec 15 2020,Wolves,Chelsea,2,1,Premier League,2020-21
Tue Dec 15 2020,Manchester City,West Brom,1,1,Premier League,2020-21
Wed Dec 16 2020,Arsenal,Southampton,1,1,Premier League,2020-21
Wed Dec 16 2020,Leicester City,Everton,0,2,Premier League,2020-21
Wed Dec 16 2020,Leeds United,Newcastle Utd,5,2,Premier League,2020-21
Wed Dec 16 2020,Liverpool,Tottenham,2,1,Premier League,2020-21
Wed Dec 16 2020,West Ham,Crystal Palace,1,1,Premier League,2020-21
Wed Dec 16 2020,Fulham,Brighton,0,0,Premier League,2020-21
Thu Dec 17 2020,Aston Villa,Burnley,0,0,Premier League,2020-21
Thu Dec 17 2020,Sheffield Utd,Manchester Utd,2,3,Premier League,2020-21
Sat Dec 19 2020,Crystal Palace,Liverpool,0,7,Premier League,2020-21
Sat Dec 19 2020,Southampton,Manchester City,0,1,Premier League,2020-21
Sat Dec 19 2020,Everton,Arsenal,2,1,Premier League,2020-21
Sat Dec 19 2020,Newcastle Utd,Fulham,1,1,Premier League,2020-21
Sun Dec 20 2020,Brighton,Sheffield Utd,1,1,Premier League,2020-21
Sun Dec 20 2020,Tottenham,Leicester City,0,2,Premier League,2020-21
Sun Dec 20 2020,Manchester Utd,Leeds United,6,2,Premier League,2020-21
Sun Dec 20 2020,West Brom,Aston Villa,0,3,Premier League,2020-21
Mon Dec 21 2020,Burnley,Wolves,2,1,Premier League,2020-21
Mon Dec 21 2020,Chelsea,West Ham,3,0,Premier League,2020-21
Sat Dec 26 2020,Leicester City,Manchester Utd,2,2,Premier League,2020-21
Sat Dec 26 2020,Aston Villa,Crystal Palace,3,0,Premier League,2020-21
Sat Dec 26 2020,Fulham,Southampton,0,0,Premier League,2020-21
Sat Dec 26 2020,Arsenal,Chelsea,3,1,Premier League,2020-21
Sat Dec 26 2020,Sheffield Utd,Everton,0,1,Premier League,2020-21
Sat Dec 26 2020,Manchester City,Newcastle Utd,2,0,Premier League,2020-21
Sun Dec 27 2020,Leeds United,Burnley,1,0,Premier League,2020-21
Sun Dec 27 2020,West Ham,Brighton,2,2,Premier League,2020-21
Sun Dec 27 2020,Liverpool,West Brom,1,1,Premier League,2020-21
Sun Dec 27 2020,Wolves,Tottenham,1,1,Premier League,2020-21
Mon Dec 28 2020,Crystal Palace,Leicester City,1,1,Premier League,2020-21
Mon Dec 28 2020,Chelsea,Aston Villa,1,1,Premier League,2020-21
Tue Dec 29 2020,West Brom,Leeds United,0,5,Premier League,2020-21
Tue Dec 29 2020,Southampton,West Ham,0,0,Premier League,2020-21
Tue Dec 29 2020,Burnley,Sheffield Utd,1,0,Premier League,2020-21
Tue Dec 29 2020,Brighton,Arsenal,0,1,Premier League,2020-21
Tue Dec 29 2020,Manchester Utd,Wolves,1,0,Premier League,2020-21
Wed Dec 30 2020,Newcastle Utd,Liverpool,0,0,Premier League,2020-21
Wed Jan 13 2021(P),Tottenham,Fulham,1,1,Premier League,2020-21
Wed Feb 17 2021(P),Everton,Manchester City,1,3,Premier League,2020-21
Fri Jan 01 2021,Everton,West Ham,0,1,Premier League,2020-21
Fri Jan 01 2021,Manchester Utd,Aston Villa,2,1,Premier League,2020-21
Sat Jan 02 2021,Tottenham,Leeds United,3,0,Premier League,2020-21
Sat Jan 02 2021,Crystal Palace,Sheffield Utd,2,0,Premier League,2020-21
Sat Jan 02 2021,Brighton,Wolves,3,3,Premier League,2020-21
Sat Jan 02 2021,West Brom,Arsenal,0,4,Premier League,2020-21
Sun Jan 03 2021,Newcastle Utd,Leicester City,1,2,Premier League,2020-21
Sun Jan 03 2021,Chelsea,Manchester City,1,3,Premier League,2020-21
Mon Jan 04 2021,Southampton,Liverpool,1,0,Premier League,2020-21
Wed Feb 17 2021(P),Burnley,Fulham,1,1,Premier League,2020-21
Tue Jan 12 2021,Sheffield Utd,Newcastle Utd,1,0,Premier League,2020-21
Tue Jan 12 2021,Wolves,Everton,1,2,Premier League,2020-21
Wed Jan 13 2021,Manchester City,Brighton,1,0,Premier League,2020-21
Thu Jan 14 2021,Arsenal,Crystal Palace,0,0,Premier League,2020-21
Tue Jan 19 2021,West Ham,West Brom,2,1,Premier League,2020-21
Tue Jan 19 2021,Leicester City,Chelsea,2,0,Premier League,2020-21
Wed Jan 20 2021,Fulham,Manchester Utd,1,2,Premier League,2020-21
Thu Jan 21 2021,Liverpool,Burnley,0,1,Premier League,2020-21
Tue Feb 23 2021(P),Leeds United,Southampton,3,0,Premier League,2020-21
Sun Mar 21 2021(P),Aston Villa,Tottenham,0,2,Premier League,2020-21
Sat Jan 16 2021,Wolves,West Brom,2,3,Premier League,2020-21
Sat Jan 16 2021,West Ham,Burnley,1,0,Premier League,2020-21
Sat Jan 16 2021,Leeds United,Brighton,0,1,Premier League,2020-21
Sat Jan 16 2021,Fulham,Chelsea,0,1,Premier League,2020-21
Sat Jan 16 2021,Leicester City,Southampton,2,0,Premier League,2020-21
Sun Jan 17 2021,Sheffield Utd,Tottenham,1,3,Premier League,2020-21
Sun Jan 17 2021,Liverpool,Manchester Utd,0,0,Premier League,2020-21
Sun Jan 17 2021,Manchester City,Crystal Palace,4,0,Premier League,2020-21
Mon Jan 18 2021,Arsenal,Newcastle Utd,3,0,Premier League,2020-21
Thu May 13 2021(P),Aston Villa,Everton,0,0,Premier League,2020-21
Tue Jan 26 2021,Newcastle Utd,Leeds United,1,2,Premier League,2020-21
Tue Jan 26 2021,Crystal Palace,West Ham,2,3,Premier League,2020-21
Tue Jan 26 2021,West Brom,Manchester City,0,5,Premier League,2020-21
Tue Jan 26 2021,Southampton,Arsenal,1,3,Premier League,2020-21
Wed Jan 27 2021,Chelsea,Wolves,0,0,Premier League,2020-21
Wed Jan 27 2021,Burnley,Aston Villa,3,2,Premier League,2020-21
Wed Jan 27 2021,Brighton,Fulham,0,0,Premier League,2020-21
Wed Jan 27 2021,Everton,Leicester City,1,1,Premier League,2020-21
Wed Jan 27 2021,Manchester Utd,Sheffield Utd,1,2,Premier League,2020-21
Thu Jan 28 2021,Tottenham,Liverpool,1,3,Premier League,2020-21
Sat Jan 30 2021,Everton,Newcastle Utd,0,2,Premier League,2020-21
Sat Jan 30 2021,Crystal Palace,Wolves,1,0,Premier League,2020-21
Sat Jan 30 2021,Manchester City,Sheffield Utd,1,0,Premier League,2020-21
Sat Jan 30 2021,West Brom,Fulham,2,2,Premier League,2020-21
Sat Jan 30 2021,Arsenal,Manchester Utd,0,0,Premier League,2020-21
Sat Jan 30 2021,Southampton,Aston Villa,0,1,Premier League,2020-21
Sun Jan 31 2021,Chelsea,Burnley,2,0,Premier League,2020-21
Sun Jan 31 2021,Leicester City,Leeds United,1,3,Premier League,2020-21
Sun Jan 31 2021,West Ham,Liverpool,1,3,Premier League,2020-21
Sun Jan 31 2021,Brighton,Tottenham,1,0,Premier League,2020-21
Tue Feb 02 2021,Sheffield Utd,West Brom,2,1,Premier League,2020-21
Tue Feb 02 2021,Wolves,Arsenal,2,1,Premier League,2020-21
Tue Feb 02 2021,Manchester Utd,Southampton,9,0,Premier League,2020-21
Tue Feb 02 2021,Newcastle Utd,Crystal Palace,1,2,Premier League,2020-21
Wed Feb 03 2021,Burnley,Manchester City,0,2,Premier League,2020-21
Wed Feb 03 2021,Fulham,Leicester City,0,2,Premier League,2020-21
Wed Feb 03 2021,Leeds United,Everton,1,2,Premier League,2020-21
Wed Feb 03 2021,Liverpool,Brighton,0,1,Premier League,2020-21
Wed Feb 03 2021,Aston Villa,West Ham,1,3,Premier League,2020-21
Thu Feb 04 2021,Tottenham,Chelsea,0,1,Premier League,2020-21
Sat Feb 06 2021,Aston Villa,Arsenal,1,0,Premier League,2020-21
Sat Feb 06 2021,Burnley,Brighton,1,1,Premier League,2020-21
Sat Feb 06 2021,Newcastle Utd,Southampton,3,2,Premier League,2020-21
Sat Feb 06 2021,Fulham,West Ham,0,0,Premier League,2020-21
Sat Feb 06 2021,Manchester Utd,Everton,3,3,Premier League,2020-21
Sun Feb 07 2021,Tottenham,West Brom,2,0,Premier League,2020-21
Sun Feb 07 2021,Wolves,Leicester City,0,0,Premier League,2020-21
Sun Feb 07 2021,Liverpool,Manchester City,1,4,Premier League,2020-21
Sun Feb 07 2021,Sheffield Utd,Chelsea,1,2,Premier League,2020-21
Mon Feb 08 2021,Leeds United,Crystal Palace,2,0,Premier League,2020-21
Sat Feb 13 2021,Leicester City,Liverpool,3,1,Premier League,2020-21
Sat Feb 13 2021,Crystal Palace,Burnley,0,3,Premier League,2020-21
Sat Feb 13 2021,Manchester City,Tottenham,3,0,Premier League,2020-21
Sat Feb 13 2021,Brighton,Aston Villa,0,0,Premier League,2020-21
Sun Feb 14 2021,Southampton,Wolves,1,2,Premier League,2020-21
Sun Feb 14 2021,West Brom,Manchester Utd,1,1,Premier League,2020-21
Sun Feb 14 2021,Arsenal,Leeds United,4,2,Premier League,2020-21
Sun Feb 14 2021,Everton,Fulham,0,2,Premier League,2020-21
Mon Feb 15 2021,West Ham,Sheffield Utd,3,0,Premier League,2020-21
Mon Feb 15 2021,Chelsea,Newcastle Utd,2,0,Premier League,2020-21
Fri Feb 19 2021,Wolves,Leeds United,1,0,Premier League,2020-21
Sat Feb 20 2021,Southampton,Chelsea,1,1,Premier League,2020-21
Sat Feb 20 2021,Burnley,West Brom,0,0,Premier League,2020-21
Sat Feb 20 2021,Liverpool,Everton,0,2,Premier League,2020-21
Sat Feb 20 2021,Fulham,Sheffield Utd,1,0,Premier League,2020-21
Sun Feb 21 2021,West Ham,Tottenham,2,1,Premier League,2020-21
Sun Feb 21 2021,Aston Villa,Leicester City,1,2,Premier League,2020-21
Sun Feb 21 2021,Arsenal,Manchester City,0,1,Premier League,2020-21
Sun Feb 21 2021,Manchester Utd,Newcastle Utd,3,1,Premier League,2020-21
Mon Feb 22 2021,Brighton,Crystal Palace,1,2,Premier League,2020-21
Sat Feb 27 2021,Manchester City,West Ham,2,1,Premier League,2020-21
Sat Feb 27 2021,West Brom,Brighton,1,0,Premier League,2020-21
Sat Feb 27 2021,Leeds United,Aston Villa,0,1,Premier League,2020-21
Sat Feb 27 2021,Newcastle Utd,Wolves,1,1,Premier League,2020-21
Sun Feb 28 2021,Crystal Palace,Fulham,0,0,Premier League,2020-21
Sun Feb 28 2021,Leicester City,Arsenal,1,3,Premier League,2020-21
Sun Feb 28 2021,Tottenham,Burnley,4,0,Premier League,2020-21
Sun Feb 28 2021,Chelsea,Manchester Utd,0,0,Premier League,2020-21
Sun Feb 28 2021,Sheffield Utd,Liverpool,0,2,Premier League,2020-21
Mon Mar 01 2021,Everton,Southampton,1,0,Premier League,2020-21
Sat Mar 06 2021,Burnley,Arsenal,1,1,Premier League,2020-21
Sat Mar 06 2021,Sheffield Utd,Southampton,0,2,Premier League,2020-21
Sat Mar 06 2021,Aston Villa,Wolves,0,0,Premier League,2020-21
Sat Mar 06 2021,Brighton,Leicester City,1,2,Premier League,2020-21
Sun Mar 07 2021,West Brom,Newcastle Utd,0,0,Premier League,2020-21
Sun Mar 07 2021,Liverpool,Fulham,0,1,Premier League,2020-21
Sun Mar 07 2021,Manchester City,Manchester Utd,0,2,Premier League,2020-21
Sun Mar 07 2021,Tottenham,Crystal Palace,4,1,Premier League,2020-21
Mon Mar 08 2021,Chelsea,Everton,2,0,Premier League,2020-21
Mon Mar 08 2021,West Ham,Leeds United,2,0,Premier League,2020-21
Fri Mar 12 2021,Newcastle Utd,Aston Villa,1,1,Premier League,2020-21
Sat Mar 13 2021,Leeds United,Chelsea,0,0,Premier League,2020-21
Sat Mar 13 2021,Crystal Palace,West Brom,1,0,Premier League,2020-21
Sat Mar 13 2021,Everton,Burnley,1,2,Premier League,2020-21
Sat Mar 13 2021,Fulham,Manchester City,0,3,Premier League,2020-21
Sun Mar 14 2021,Southampton,Brighton,1,2,Premier League,2020-21
Sun Mar 14 2021,Leicester City,Sheffield Utd,5,0,Premier League,2020-21
Sun Mar 14 2021,Arsenal,Tottenham,2,1,Premier League,2020-21
Sun Mar 14 2021,Manchester Utd,West Ham,1,0,Premier League,2020-21
Mon Mar 15 2021,Wolves,Liverpool,0,1,Premier League,2020-21
Tue Mar 02 2021,Manchester City,Wolves,4,1,Premier League,2020-21
Wed Mar 03 2021,Sheffield Utd,Aston Villa,1,0,Premier League,2020-21
Wed Mar 03 2021,Burnley,Leicester City,1,1,Premier League,2020-21
Wed Mar 03 2021,Crystal Palace,Manchester Utd,0,0,Premier League,2020-21
Thu Mar 04 2021,West Brom,Everton,0,1,Premier League,2020-21
Thu Mar 04 2021,Liverpool,Chelsea,0,1,Premier League,2020-21
Fri Mar 19 2021,Fulham,Leeds United,1,2,Premier League,2020-21
Sat Mar 20 2021,Brighton,Newcastle Utd,3,0,Premier League,2020-21
Sun Mar 21 2021,West Ham,Arsenal,3,3,Premier League,2020-21
Wed Apr 21 2021(P),Tottenham,Southampton,2,1,Premier League,2020-21
Sat Apr 03 2021,Chelsea,West Brom,2,5,Premier League,2020-21
Sat Apr 03 2021,Leeds United,Sheffield Utd,2,1,Premier League,2020-21
Sat Apr 03 2021,Leicester City,Manchester City,0,2,Premier League,2020-21
Sat Apr 03 2021,Arsenal,Liverpool,0,3,Premier League,2020-21
Sun Apr 04 2021,Southampton,Burnley,3,2,Premier League,2020-21
Sun Apr 04 2021,Newcastle Utd,Tottenham,2,2,Premier League,2020-21
Sun Apr 04 2021,Aston Villa,Fulham,3,1,Premier League,2020-21
Sun Apr 04 2021,Manchester Utd,Brighton,2,1,Premier League,2020-21
Mon Apr 05 2021,Everton,Crystal Palace,1,1,Premier League,2020-21
Mon Apr 05 2021,Wolves,West Ham,2,3,Premier League,2020-21
Fri Apr 09 2021,Fulham,Wolves,0,1,Premier League,2020-21
Sat Apr 10 2021,Manchester City,Leeds United,1,2,Premier League,2020-21
Sat Apr 10 2021,Liverpool,Aston Villa,2,1,Premier League,2020-21
Sat Apr 10 2021,Crystal Palace,Chelsea,1,4,Premier League,2020-21
Sun Apr 11 2021,Burnley,Newcastle Utd,1,2,Premier League,2020-21
Sun Apr 11 2021,West Ham,Leicester City,3,2,Premier League,2020-21
Sun Apr 11 2021,Tottenham,Manchester Utd,1,3,Premier League,2020-21
Sun Apr 11 2021,Sheffield Utd,Arsenal,0,3,Premier League,2020-21
Mon Apr 12 2021,West Brom,Southampton,3,0,Premier League,2020-21
Mon Apr 12 2021,Brighton,Everton,0,0,Premier League,2020-21
Fri Apr 16 2021,Everton,Tottenham,2,2,Premier League,2020-21
Sat Apr 17 2021,Newcastle Utd,West Ham,3,2,Premier League,2020-21
Sat Apr 17 2021,Wolves,Sheffield Utd,1,0,Premier League,2020-21
Sun Apr 18 2021,Arsenal,Fulham,1,1,Premier League,2020-21
Sun Apr 18 2021,Manchester Utd,Burnley,3,1,Premier League,2020-21
Mon Apr 19 2021,Leeds United,Liverpool,1,1,Premier League,2020-21
Tue Apr 20 2021,Chelsea,Brighton,0,0,Premier League,2020-21
Wed Apr 21 2021,Aston Villa,Manchester City,1,2,Premier League,2020-21
Thu Apr 22 2021,Leicester City,West Brom,3,0,Premier League,2020-21
Tue May 11 2021(P),Southampton,Crystal Palace,3,1,Premier League,2020-21
Thu Mar 04 2021,Fulham,Tottenham,0,1,Premier League,2020-21
Wed Mar 10 2021,Manchester City,Southampton,5,2,Premier League,2020-21
Fri Apr 23 2021,Arsenal,Everton,0,1,Premier League,2020-21
Sat Apr 24 2021,Liverpool,Newcastle Utd,1,1,Premier League,2020-21
Sat Apr 24 2021,West Ham,Chelsea,0,1,Premier League,2020-21
Sat Apr 24 2021,Sheffield Utd,Brighton,1,0,Premier League,2020-21
Sun Apr 25 2021,Wolves,Burnley,0,4,Premier League,2020-21
Sun Apr 25 2021,Leeds United,Manchester Utd,0,0,Premier League,2020-21
Sun Apr 25 2021,Aston Villa,West Brom,2,2,Premier League,2020-21
Mon Apr 26 2021,Leicester City,Crystal Palace,2,1,Premier League,2020-21
Fri Apr 30 2021,Southampton,Leicester City,1,1,Premier League,2020-21
Sat May 01 2021,Crystal Palace,Manchester City,0,2,Premier League,2020-21
Sat May 01 2021,Brighton,Leeds United,2,0,Premier League,2020-21
Sat May 01 2021,Chelsea,Fulham,2,0,Premier League,2020-21
Sat May 01 2021,Everton,Aston Villa,1,2,Premier League,2020-21
Sun May 02 2021,Newcastle Utd,Arsenal,0,2,Premier League,2020-21
Sun May 02 2021,Tottenham,Sheffield Utd,4,0,Premier League,2020-21
Mon May 03 2021,West Brom,Wolves,1,1,Premier League,2020-21
Mon May 03 2021,Burnley,West Ham,1,2,Premier League,2020-21
Thu May 13 2021(P),Manchester Utd,Liverpool,2,4,Premier League,2020-21
Fri May 07 2021,Leicester City,Newcastle Utd,2,4,Premier League,2020-21
Sat May 08 2021,Leeds United,Tottenham,3,1,Premier League,2020-21
Sat May 08 2021,Sheffield Utd,Crystal Palace,0,2,Premier League,2020-21
Sat May 08 2021,Manchester City,Chelsea,1,2,Premier League,2020-21
Sat May 08 2021,Liverpool,Southampton,2,0,Premier League,2020-21
Sun May 09 2021,Wolves,Brighton,2,1,Premier League,2020-21
Sun May 09 2021,Aston Villa,Manchester Utd,1,3,Premier League,2020-21
Sun May 09 2021,West Ham,Everton,0,1,Premier League,2020-21
Sun May 09 2021,Arsenal,West Brom,3,1,Premier League,2020-21
Mon May 10 2021,Fulham,Burnley,0,2,Premier League,2020-21
Tue May 11 2021,Manchester Utd,Leicester City,1,2,Premier League,2020-21
Wed May 12 2021,Chelsea,Arsenal,0,1,Premier League,2020-21
Fri May 14 2021,Newcastle Utd,Manchester City,3,4,Premier League,2020-21
Sat May 15 2021,Burnley,Leeds United,0,4,Premier League,2020-21
Sat May 15 2021,Southampton,Fulham,3,1,Premier League,2020-21
Sat May 15 2021,Brighton,West Ham,1,1,Premier League,2020-21
Sun May 16 2021,Crystal Palace,Aston Villa,3,2,Premier League,2020-21
Sun May 16 2021,Tottenham,Wolves,2,0,Premier League,2020-21
Sun May 16 2021,West Brom,Liverpool,1,2,Premier League,2020-21
Sun May 16 2021,Everton,Sheffield Utd,0,1,Premier League,2020-21
Tue May 18 2021,Manchester Utd,Fulham,1,1,Premier League,2020-21
Tue May 18 2021,Southampton,Leeds United,0,2,Premier League,2020-21
Tue May 18 2021,Brighton,Manchester City,3,2,Premier League,2020-21
Tue May 18 2021,Chelsea,Leicester City,2,1,Premier League,2020-21
Wed May 19 2021,Newcastle Utd,Sheffield Utd,1,0,Premier League,2020-21
Wed May 19 2021,Tottenham,Aston Villa,1,2,Premier League,2020-21
Wed May 19 2021,Everton,Wolves,1,0,Premier League,2020-21
Wed May 19 2021,Crystal Palace,Arsenal,1,3,Premier League,2020-21
Wed May 19 2021,Burnley,Liverpool,0,3,Premier League,2020-21
Wed May 19 2021,West Brom,West Ham,1,3,Premier League,2020-21
Sun May 23 2021,Aston Villa,Chelsea,2,1,Premier League,2020-21
Sun May 23 2021,Leicester City,Tottenham,2,4,Premier League,2020-21
Sun May 23 2021,Manchester City,Everton,5,0,Premier League,2020-21
Sun May 23 2021,Sheffield Utd,Burnley,1,0,Premier League,2020-21
Sun May 23 2021,Wolves,Manchester Utd,1,2,Premier League,2020-21
Sun May 23 2021,West Ham,Southampton,3,0,Premier League,2020-21
Sun May 23 2021,Leeds United,West Brom,3,1,Premier League,2020-21
Sun May 23 2021,Arsenal,Brighton,2,0,Premier League,2020-21
Sun May 23 2021,Liverpool,Crystal Palace,2,0,Premier League,2020-21
Sun May 23 2021,Fulham,Newcastle Utd,0,2,Premier League,2020-21
Sat Aug 18 2012,RCD Mallorca,RCD Espanyol,2,1,La Liga,2012-13
Sat Aug 18 2012,Sevilla FC,Getafe CF,2,1,La Liga,2012-13
Sat Aug 18 2012,RC Celta Vigo,Málaga CF,0,1,La Liga,2012-13
Sun Aug 19 2012,Levante UD,Atlético Madrid,1,1,La Liga,2012-13
Sun Aug 19 2012,Real Madrid,Valencia CF,1,1,La Liga,2012-13
Sun Aug 19 2012,FC Barcelona,Real Sociedad,5,1,La Liga,2012-13
Sun Aug 19 2012,Athletic Club Bilbao,Real Betis,3,5,La Liga,2012-13
Mon Aug 20 2012,RCD La Coruña,CA Osasuna,2,0,La Liga,2012-13
Mon Aug 20 2012,Rayo Vallecano,Granada CF,1,0,La Liga,2012-13
Mon Aug 20 2012,Real Zaragoza,Real Valladolid CF,0,1,La Liga,2012-13
Sat Aug 25 2012,Real Betis,Rayo Vallecano,1,2,La Liga,2012-13
Sat Aug 25 2012,Real Sociedad,RC Celta Vigo,2,1,La Liga,2012-13
Sat Aug 25 2012,Málaga CF,RCD Mallorca,1,1,La Liga,2012-13
Sat Aug 25 2012,RCD Espanyol,Real Zaragoza,1,2,La Liga,2012-13
Sun Aug 26 2012,Getafe CF,Real Madrid,2,1,La Liga,2012-13
Sun Aug 26 2012,Granada CF,Sevilla FC,1,1,La Liga,2012-13
Sun Aug 26 2012,Valencia CF,RCD La Coruña,3,3,La Liga,2012-13
Sun Aug 26 2012,CA Osasuna,FC Barcelona,1,2,La Liga,2012-13
Mon Aug 27 2012,Real Valladolid CF,Levante UD,2,0,La Liga,2012-13
Mon Aug 27 2012,Atlético Madrid,Athletic Club Bilbao,4,0,La Liga,2012-13
Sat Sep 1 2012,Real Zaragoza,Málaga CF,0,1,La Liga,2012-13
Sat Sep 1 2012,RCD Mallorca,Real Sociedad,1,0,La Liga,2012-13
Sat Sep 1 2012,RC Celta Vigo,CA Osasuna,2,0,La Liga,2012-13
Sat Sep 1 2012,RCD La Coruña,Getafe CF,1,1,La Liga,2012-13
Sun Sep 2 2012,Athletic Club Bilbao,Real Valladolid CF,2,0,La Liga,2012-13
Sun Sep 2 2012,Levante UD,RCD Espanyol,3,2,La Liga,2012-13
Sun Sep 2 2012,Rayo Vallecano,Sevilla FC,0,0,La Liga,2012-13
Sun Sep 2 2012,FC Barcelona,Valencia CF,1,0,La Liga,2012-13
Sun Sep 2 2012,Real Madrid,Granada CF,3,0,La Liga,2012-13
Sat Sep 15 2012,Málaga CF,Levante UD,3,1,La Liga,2012-13
Sat Sep 15 2012,Getafe CF,FC Barcelona,1,4,La Liga,2012-13
Sat Sep 15 2012,Sevilla FC,Real Madrid,1,0,La Liga,2012-13
Sat Sep 15 2012,Valencia CF,RC Celta Vigo,2,1,La Liga,2012-13
Sun Sep 16 2012,Granada CF,RCD La Coruña,1,1,La Liga,2012-13
Sun Sep 16 2012,CA Osasuna,RCD Mallorca,1,1,La Liga,2012-13
Sun Sep 16 2012,Real Sociedad,Real Zaragoza,2,0,La Liga,2012-13
Sun Sep 16 2012,Atlético Madrid,Rayo Vallecano,4,3,La Liga,2012-13
Sun Sep 16 2012,RCD Espanyol,Athletic Club Bilbao,3,3,La Liga,2012-13
Mon Sep 17 2012,Real Valladolid CF,Real Betis,0,1,La Liga,2012-13
Sat Sep 22 2012,Real Betis,RCD Espanyol,1,0,La Liga,2012-13
Sat Sep 22 2012,RC Celta Vigo,Getafe CF,2,1,La Liga,2012-13
Sat Sep 22 2012,Real Zaragoza,CA Osasuna,3,1,La Liga,2012-13
Sat Sep 22 2012,FC Barcelona,Granada CF,2,0,La Liga,2012-13
Sun Sep 23 2012,RCD Mallorca,Valencia CF,2,0,La Liga,2012-13
Sun Sep 23 2012,Levante UD,Real Sociedad,2,1,La Liga,2012-13
Sun Sep 23 2012,Athletic Club Bilbao,Málaga CF,0,0,La Liga,2012-13
Sun Sep 23 2012,Atlético Madrid,Real Valladolid CF,2,1,La Liga,2012-13
Mon Sep 24 2012,Rayo Vallecano,Real Madrid,0,2,La Liga,2012-13
Mon Sep 24 2012,RCD La Coruña,Sevilla FC,0,2,La Liga,2012-13
Wed Sep 26 2012,Real Betis,Atlético Madrid,2,4,La Liga,2012-13
Sat Sep 29 2012,Sevilla FC,FC Barcelona,2,3,La Liga,2012-13
Sat Sep 29 2012,Málaga CF,Real Betis,4,0,La Liga,2012-13
Sat Sep 29 2012,Valencia CF,Real Zaragoza,2,0,La Liga,2012-13
Sat Sep 29 2012,Real Sociedad,Athletic Club Bilbao,2,0,La Liga,2012-13
Sun Sep 30 2012,Granada CF,RC Celta Vigo,2,1,La Liga,2012-13
Sun Sep 30 2012,Real Madrid,RCD La Coruña,5,1,La Liga,2012-13
Sun Sep 30 2012,RCD Espanyol,Atlético Madrid,0,1,La Liga,2012-13
Sun Sep 30 2012,Real Valladolid CF,Rayo Vallecano,6,1,La Liga,2012-13
Sun Sep 30 2012,CA Osasuna,Levante UD,4,0,La Liga,2012-13
Mon Oct 1 2012,Getafe CF,RCD Mallorca,1,0,La Liga,2012-13
Fri Oct 5 2012,RC Celta Vigo,Sevilla FC,2,0,La Liga,2012-13
Sat Oct 6 2012,Rayo Vallecano,RCD La Coruña,2,1,La Liga,2012-13
Sat Oct 6 2012,Real Valladolid CF,RCD Espanyol,1,1,La Liga,2012-13
Sat Oct 6 2012,Real Zaragoza,Getafe CF,0,1,La Liga,2012-13
Sat Oct 6 2012,Real Betis,Real Sociedad,2,0,La Liga,2012-13
Sun Oct 7 2012,Levante UD,Valencia CF,1,0,La Liga,2012-13
Sun Oct 7 2012,Athletic Club Bilbao,CA Osasuna,1,0,La Liga,2012-13
Sun Oct 7 2012,Atlético Madrid,Málaga CF,2,1,La Liga,2012-13
Sun Oct 7 2012,FC Barcelona,Real Madrid,2,2,La Liga,2012-13
Sun Oct 7 2012,RCD Mallorca,Granada CF,1,2,La Liga,2012-13
Sat Oct 20 2012,Real Madrid,RC Celta Vigo,2,0,La Liga,2012-13
Sat Oct 20 2012,RCD La Coruña,FC Barcelona,4,5,La Liga,2012-13
Sat Oct 20 2012,Valencia CF,Athletic Club Bilbao,3,2,La Liga,2012-13
Sat Oct 20 2012,Málaga CF,Real Valladolid CF,2,1,La Liga,2012-13
Sun Oct 21 2012,RCD Espanyol,Rayo Vallecano,3,2,La Liga,2012-13
Sun Oct 21 2012,Getafe CF,Levante UD,0,1,La Liga,2012-13
Sun Oct 21 2012,Real Sociedad,Atlético Madrid,0,1,La Liga,2012-13
Sun Oct 21 2012,Granada CF,Real Zaragoza,1,2,La Liga,2012-13
Sun Oct 21 2012,CA Osasuna,Real Betis,0,0,La Liga,2012-13
Mon Oct 22 2012,Sevilla FC,RCD Mallorca,3,2,La Liga,2012-13
Sat Oct 27 2012,RC Celta Vigo,RCD La Coruña,1,1,La Liga,2012-13
Sat Oct 27 2012,RCD Espanyol,Málaga CF,0,0,La Liga,2012-13
Sat Oct 27 2012,Real Betis,Valencia CF,1,0,La Liga,2012-13
Sat Oct 27 2012,Rayo Vallecano,FC Barcelona,0,5,La Liga,2012-13
Sun Oct 28 2012,RCD Mallorca,Real Madrid,0,5,La Liga,2012-13
Sun Oct 28 2012,Athletic Club Bilbao,Getafe CF,1,2,La Liga,2012-13
Sun Oct 28 2012,Real Zaragoza,Sevilla FC,2,1,La Liga,2012-13
Sun Oct 28 2012,Atlético Madrid,CA Osasuna,3,1,La Liga,2012-13
Sun Oct 28 2012,Levante UD,Granada CF,3,1,La Liga,2012-13
Mon Oct 29 2012,Real Valladolid CF,Real Sociedad,2,2,La Liga,2012-13
Sat Nov 3 2012,Málaga CF,Rayo Vallecano,1,2,La Liga,2012-13
Sat Nov 3 2012,Real Madrid,Real Zaragoza,4,0,La Liga,2012-13
Sat Nov 3 2012,FC Barcelona,RC Celta Vigo,3,1,La Liga,2012-13
Sat Nov 3 2012,Valencia CF,Atlético Madrid,2,0,La Liga,2012-13
Sun Nov 4 2012,Granada CF,Athletic Club Bilbao,1,2,La Liga,2012-13
Sun Nov 4 2012,RCD La Coruña,RCD Mallorca,1,0,La Liga,2012-13
Sun Nov 4 2012,Real Sociedad,RCD Espanyol,0,1,La Liga,2012-13
Sun Nov 4 2012,Sevilla FC,Levante UD,0,0,La Liga,2012-13
Sun Nov 4 2012,CA Osasuna,Real Valladolid CF,0,1,La Liga,2012-13
Mon Nov 5 2012,Getafe CF,Real Betis,2,4,La Liga,2012-13
Fri Nov 9 2012,Real Betis,Granada CF,1,2,La Liga,2012-13
Sat Nov 10 2012,Real Zaragoza,RCD La Coruña,5,3,La Liga,2012-13
Sat Nov 10 2012,Rayo Vallecano,RC Celta Vigo,3,2,La Liga,2012-13
Sat Nov 10 2012,RCD Espanyol,CA Osasuna,0,3,La Liga,2012-13
Sat Nov 10 2012,Málaga CF,Real Sociedad,1,2,La Liga,2012-13
Sun Nov 11 2012,Levante UD,Real Madrid,1,2,La Liga,2012-13
Sun Nov 11 2012,Real Valladolid CF,Valencia CF,1,1,La Liga,2012-13
Sun Nov 11 2012,Atlético Madrid,Getafe CF,2,0,La Liga,2012-13
Sun Nov 11 2012,RCD Mallorca,FC Barcelona,2,4,La Liga,2012-13
Sun Nov 11 2012,Athletic Club Bilbao,Sevilla FC,2,1,La Liga,2012-13
Sat Nov 17 2012,FC Barcelona,Real Zaragoza,3,1,La Liga,2012-13
Sat Nov 17 2012,Valencia CF,RCD Espanyol,2,1,La Liga,2012-13
Sat Nov 17 2012,CA Osasuna,Málaga CF,0,0,La Liga,2012-13
Sat Nov 17 2012,Real Madrid,Athletic Club Bilbao,5,1,La Liga,2012-13
Sun Nov 18 2012,RCD La Coruña,Levante UD,0,2,La Liga,2012-13
Sun Nov 18 2012,Sevilla FC,Real Betis,5,1,La Liga,2012-13
Sun Nov 18 2012,Getafe CF,Real Valladolid CF,2,1,La Liga,2012-13
Sun Nov 18 2012,RC Celta Vigo,RCD Mallorca,1,1,La Liga,2012-13
Sun Nov 18 2012,Granada CF,Atlético Madrid,0,1,La Liga,2012-13
Mon Nov 19 2012,Real Sociedad,Rayo Vallecano,4,0,La Liga,2012-13
Fri Nov 23 2012,Real Sociedad,CA Osasuna,0,0,La Liga,2012-13
Sat Nov 24 2012,Real Betis,Real Madrid,1,0,La Liga,2012-13
Sat Nov 24 2012,Málaga CF,Valencia CF,4,0,La Liga,2012-13
Sat Nov 24 2012,Real Valladolid CF,Granada CF,1,0,La Liga,2012-13
Sat Nov 24 2012,Rayo Vallecano,RCD Mallorca,2,0,La Liga,2012-13
Sun Nov 25 2012,Levante UD,FC Barcelona,0,4,La Liga,2012-13
Sun Nov 25 2012,Atlético Madrid,Sevilla FC,4,0,La Liga,2012-13
Sun Nov 25 2012,RCD Espanyol,Getafe CF,0,2,La Liga,2012-13
Sun Nov 25 2012,Athletic Club Bilbao,RCD La Coruña,1,1,La Liga,2012-13
Mon Nov 26 2012,Real Zaragoza,RC Celta Vigo,0,1,La Liga,2012-13
Fri Nov 30 2012,CA Osasuna,Rayo Vallecano,1,0,La Liga,2012-13
Sat Dec 1 2012,Real Madrid,Atlético Madrid,2,0,La Liga,2012-13
Sat Dec 1 2012,Getafe CF,Málaga CF,1,0,La Liga,2012-13
Sat Dec 1 2012,Valencia CF,Real Sociedad,2,5,La Liga,2012-13
Sat Dec 1 2012,FC Barcelona,Athletic Club Bilbao,5,1,La Liga,2012-13
Sun Dec 2 2012,RCD Mallorca,Real Zaragoza,1,1,La Liga,2012-13
Sun Dec 2 2012,RC Celta Vigo,Levante UD,1,1,La Liga,2012-13
Sun Dec 2 2012,Granada CF,RCD Espanyol,0,0,La Liga,2012-13
Sun Dec 2 2012,RCD La Coruña,Real Betis,2,3,La Liga,2012-13
Mon Dec 3 2012,Sevilla FC,Real Valladolid CF,1,2,La Liga,2012-13
Fri Dec 7 2012,RCD Espanyol,Sevilla FC,2,2,La Liga,2012-13
Sat Dec 8 2012,Real Sociedad,Getafe CF,1,1,La Liga,2012-13
Sat Dec 8 2012,Real Valladolid CF,Real Madrid,2,3,La Liga,2012-13
Sat Dec 8 2012,Málaga CF,Granada CF,4,0,La Liga,2012-13
Sat Dec 8 2012,CA Osasuna,Valencia CF,0,1,La Liga,2012-13
Sun Dec 9 2012,Real Betis,FC Barcelona,1,2,La Liga,2012-13
Sun Dec 9 2012,Athletic Club Bilbao,RC Celta Vigo,1,0,La Liga,2012-13
Sun Dec 9 2012,Levante UD,RCD Mallorca,4,0,La Liga,2012-13
Sun Dec 9 2012,Atlético Madrid,RCD La Coruña,6,0,La Liga,2012-13
Mon Dec 10 2012,Rayo Vallecano,Real Zaragoza,0,2,La Liga,2012-13
Sat Dec 15 2012,Granada CF,Real Sociedad,0,0,La Liga,2012-13
Sat Dec 15 2012,Sevilla FC,Málaga CF,0,2,La Liga,2012-13
Sat Dec 15 2012,Getafe CF,CA Osasuna,1,1,La Liga,2012-13
Sat Dec 15 2012,RCD Mallorca,Athletic Club Bilbao,0,1,La Liga,2012-13
Sun Dec 16 2012,FC Barcelona,Atlético Madrid,4,1,La Liga,2012-13
Sun Dec 16 2012,Real Zaragoza,Levante UD,0,1,La Liga,2012-13
Sun Dec 16 2012,Real Madrid,RCD Espanyol,2,2,La Liga,2012-13
Sun Dec 16 2012,Valencia CF,Rayo Vallecano,0,1,La Liga,2012-13
Mon Dec 17 2012,RC Celta Vigo,Real Betis,0,1,La Liga,2012-13
Mon Dec 17 2012,RCD La Coruña,Real Valladolid CF,0,0,La Liga,2012-13
Thu Dec 20 2012,Real Sociedad,Sevilla FC,2,1,La Liga,2012-13
Thu Dec 20 2012,RCD Espanyol,RCD La Coruña,2,0,La Liga,2012-13
Thu Dec 20 2012,Rayo Vallecano,Levante UD,3,0,La Liga,2012-13
Fri Dec 21 2012,Valencia CF,Getafe CF,4,2,La Liga,2012-13
Fri Dec 21 2012,Atlético Madrid,RC Celta Vigo,1,0,La Liga,2012-13
Sat Dec 22 2012,Athletic Club Bilbao,Real Zaragoza,0,2,La Liga,2012-13
Sat Dec 22 2012,Real Valladolid CF,FC Barcelona,1,3,La Liga,2012-13
Sat Dec 22 2012,CA Osasuna,Granada CF,1,2,La Liga,2012-13
Sat Dec 22 2012,Málaga CF,Real Madrid,3,2,La Liga,2012-13
Sat Dec 22 2012,Real Betis,RCD Mallorca,1,2,La Liga,2012-13
Fri Jan 4 2013,Real Zaragoza,Real Betis,1,2,La Liga,2012-13
Sat Jan 5 2013,Granada CF,Valencia CF,1,2,La Liga,2012-13
Sat Jan 5 2013,RCD La Coruña,Málaga CF,1,0,La Liga,2012-13
Sat Jan 5 2013,Sevilla FC,CA Osasuna,1,0,La Liga,2012-13
Sat Jan 5 2013,Levante UD,Athletic Club Bilbao,3,1,La Liga,2012-13
Sun Jan 6 2013,RCD Mallorca,Atlético Madrid,1,1,La Liga,2012-13
Sun Jan 6 2013,FC Barcelona,RCD Espanyol,4,0,La Liga,2012-13
Sun Jan 6 2013,Real Madrid,Real Sociedad,4,3,La Liga,2012-13
Sun Jan 6 2013,RC Celta Vigo,Real Valladolid CF,3,1,La Liga,2012-13
Mon Jan 7 2013,Rayo Vallecano,Getafe CF,3,1,La Liga,2012-13
Fri Jan 11 2013,Athletic Club Bilbao,Rayo Vallecano,1,2,La Liga,2012-13
Sat Jan 12 2013,RCD Espanyol,RC Celta Vigo,1,0,La Liga,2012-13
Sat Jan 12 2013,Real Valladolid CF,RCD Mallorca,3,1,La Liga,2012-13
Sat Jan 12 2013,Valencia CF,Sevilla FC,2,0,La Liga,2012-13
Sat Jan 12 2013,CA Osasuna,Real Madrid,0,0,La Liga,2012-13
Sun Jan 13 2013,Atlético Madrid,Real Zaragoza,2,0,La Liga,2012-13
Sun Jan 13 2013,Real Sociedad,RCD La Coruña,1,1,La Liga,2012-13
Sun Jan 13 2013,Real Betis,Levante UD,2,0,La Liga,2012-13
Sun Jan 13 2013,Málaga CF,FC Barcelona,1,3,La Liga,2012-13
Mon Jan 14 2013,Getafe CF,Granada CF,2,2,La Liga,2012-13
Fri Jan 18 2013,RCD Espanyol,RCD Mallorca,3,2,La Liga,2012-13
Sat Jan 19 2013,Real Sociedad,FC Barcelona,3,2,La Liga,2012-13
Sat Jan 19 2013,Granada CF,Rayo Vallecano,2,0,La Liga,2012-13
Sat Jan 19 2013,Getafe CF,Sevilla FC,1,1,La Liga,2012-13
Sat Jan 19 2013,Málaga CF,RC Celta Vigo,1,1,La Liga,2012-13
Sun Jan 20 2013,CA Osasuna,RCD La Coruña,2,1,La Liga,2012-13
Sun Jan 20 2013,Real Valladolid CF,Real Zaragoza,2,0,La Liga,2012-13
Sun Jan 20 2013,Atlético Madrid,Levante UD,2,0,La Liga,2012-13
Sun Jan 20 2013,Valencia CF,Real Madrid,0,5,La Liga,2012-13
Mon Jan 21 2013,Real Betis,Athletic Club Bilbao,1,1,La Liga,2012-13
Sat Jan 26 2013,Levante UD,Real Valladolid CF,2,1,La Liga,2012-13
Sat Jan 26 2013,RC Celta Vigo,Real Sociedad,1,1,La Liga,2012-13
Sat Jan 26 2013,RCD La Coruña,Valencia CF,2,3,La Liga,2012-13
Sat Jan 26 2013,Real Zaragoza,RCD Espanyol,0,0,La Liga,2012-13
Sun Jan 27 2013,Rayo Vallecano,Real Betis,3,0,La Liga,2012-13
Sun Jan 27 2013,Athletic Club Bilbao,Atlético Madrid,3,0,La Liga,2012-13
Sun Jan 27 2013,FC Barcelona,CA Osasuna,5,1,La Liga,2012-13
Sun Jan 27 2013,RCD Mallorca,Málaga CF,2,3,La Liga,2012-13
Sun Jan 27 2013,Real Madrid,Getafe CF,4,0,La Liga,2012-13
Mon Jan 28 2013,Sevilla FC,Granada CF,3,0,La Liga,2012-13
Fri Feb 1 2013,Real Valladolid CF,Athletic Club Bilbao,2,2,La Liga,2012-13
Sat Feb 2 2013,Getafe CF,RCD La Coruña,3,1,La Liga,2012-13
Sat Feb 2 2013,Granada CF,Real Madrid,1,0,La Liga,2012-13
Sat Feb 2 2013,RCD Espanyol,Levante UD,3,2,La Liga,2012-13
Sat Feb 2 2013,CA Osasuna,RC Celta Vigo,1,0,La Liga,2012-13
Sun Feb 3 2013,Real Sociedad,RCD Mallorca,3,0,La Liga,2012-13
Sun Feb 3 2013,Atlético Madrid,Real Betis,1,0,La Liga,2012-13
Sun Feb 3 2013,Sevilla FC,Rayo Vallecano,2,1,La Liga,2012-13
Sun Feb 3 2013,Málaga CF,Real Zaragoza,1,1,La Liga,2012-13
Sun Feb 3 2013,Valencia CF,FC Barcelona,1,1,La Liga,2012-13
Sat Feb 9 2013,RC Celta Vigo,Valencia CF,0,1,La Liga,2012-13
Sat Feb 9 2013,Levante UD,Málaga CF,1,2,La Liga,2012-13
Sat Feb 9 2013,Real Madrid,Sevilla FC,4,1,La Liga,2012-13
Sat Feb 9 2013,RCD La Coruña,Granada CF,0,3,La Liga,2012-13
Sat Feb 9 2013,RCD Mallorca,CA Osasuna,1,1,La Liga,2012-13
Sun Feb 10 2013,Real Zaragoza,Real Sociedad,1,2,La Liga,2012-13
Sun Feb 10 2013,Rayo Vallecano,Atlético Madrid,2,1,La Liga,2012-13
Sun Feb 10 2013,Athletic Club Bilbao,RCD Espanyol,0,4,La Liga,2012-13
Sun Feb 10 2013,FC Barcelona,Getafe CF,6,1,La Liga,2012-13
Mon Feb 11 2013,Real Betis,Real Valladolid CF,0,0,La Liga,2012-13
Fri Feb 15 2013,Sevilla FC,RCD La Coruña,3,1,La Liga,2012-13
Sat Feb 16 2013,Getafe CF,RC Celta Vigo,3,1,La Liga,2012-13
Sat Feb 16 2013,CA Osasuna,Real Zaragoza,1,0,La Liga,2012-13
Sat Feb 16 2013,Granada CF,FC Barcelona,1,2,La Liga,2012-13
Sat Feb 16 2013,Málaga CF,Athletic Club Bilbao,1,0,La Liga,2012-13
Sun Feb 17 2013,Real Valladolid CF,Atlético Madrid,0,3,La Liga,2012-13
Sun Feb 17 2013,Real Madrid,Rayo Vallecano,2,0,La Liga,2012-13
Sun Feb 17 2013,Valencia CF,RCD Mallorca,2,0,La Liga,2012-13
Sun Feb 17 2013,RCD Espanyol,Real Betis,1,0,La Liga,2012-13
Sun Feb 17 2013,Real Sociedad,Levante UD,1,1,La Liga,2012-13
Fri Feb 22 2013,Athletic Club Bilbao,Real Sociedad,1,3,La Liga,2012-13
Sat Feb 23 2013,Real Zaragoza,Valencia CF,2,2,La Liga,2012-13
Sat Feb 23 2013,RCD La Coruña,Real Madrid,1,2,La Liga,2012-13
Sat Feb 23 2013,FC Barcelona,Sevilla FC,2,1,La Liga,2012-13
Sat Feb 23 2013,RCD Mallorca,Getafe CF,1,3,La Liga,2012-13
Sun Feb 24 2013,RC Celta Vigo,Granada CF,2,1,La Liga,2012-13
Sun Feb 24 2013,Real Betis,Málaga CF,3,0,La Liga,2012-13
Sun Feb 24 2013,Atlético Madrid,RCD Espanyol,1,0,La Liga,2012-13
Sun Feb 24 2013,Rayo Vallecano,Real Valladolid CF,1,2,La Liga,2012-13
Mon Feb 25 2013,Levante UD,CA Osasuna,0,2,La Liga,2012-13
Fri Mar 1 2013,Getafe CF,Real Zaragoza,2,0,La Liga,2012-13
Sat Mar 2 2013,RCD La Coruña,Rayo Vallecano,0,0,La Liga,2012-13
Sat Mar 2 2013,Real Madrid,FC Barcelona,2,1,La Liga,2012-13
Sat Mar 2 2013,CA Osasuna,Athletic Club Bilbao,0,1,La Liga,2012-13
Sat Mar 2 2013,Valencia CF,Levante UD,2,2,La Liga,2012-13
Sun Mar 3 2013,Málaga CF,Atlético Madrid,0,0,La Liga,2012-13
Sun Mar 3 2013,Real Sociedad,Real Betis,3,3,La Liga,2012-13
Sun Mar 3 2013,RCD Espanyol,Real Valladolid CF,0,0,La Liga,2012-13
Sun Mar 3 2013,Granada CF,RCD Mallorca,1,2,La Liga,2012-13
Mon Mar 4 2013,Sevilla FC,RC Celta Vigo,4,1,La Liga,2012-13
Fri Mar 8 2013,Real Betis,CA Osasuna,2,1,La Liga,2012-13
Sat Mar 9 2013,Real Valladolid CF,Málaga CF,1,1,La Liga,2012-13
Sat Mar 9 2013,FC Barcelona,RCD La Coruña,2,0,La Liga,2012-13
Sat Mar 9 2013,RCD Mallorca,Sevilla FC,2,1,La Liga,2012-13
Sat Mar 9 2013,Rayo Vallecano,RCD Espanyol,2,0,La Liga,2012-13
Sun Mar 10 2013,Atlético Madrid,Real Sociedad,0,1,La Liga,2012-13
Sun Mar 10 2013,Levante UD,Getafe CF,0,0,La Liga,2012-13
Sun Mar 10 2013,Athletic Club Bilbao,Valencia CF,1,0,La Liga,2012-13
Sun Mar 10 2013,RC Celta Vigo,Real Madrid,1,2,La Liga,2012-13
Mon Mar 11 2013,Real Zaragoza,Granada CF,0,0,La Liga,2012-13
Fri Mar 15 2013,RCD La Coruña,RC Celta Vigo,3,1,La Liga,2012-13
Sat Mar 16 2013,Valencia CF,Real Betis,3,0,La Liga,2012-13
Sat Mar 16 2013,Real Madrid,RCD Mallorca,5,2,La Liga,2012-13
Sat Mar 16 2013,Real Sociedad,Real Valladolid CF,4,1,La Liga,2012-13
Sat Mar 16 2013,Getafe CF,Athletic Club Bilbao,1,0,La Liga,2012-13
Sun Mar 17 2013,Málaga CF,RCD Espanyol,0,2,La Liga,2012-13
Sun Mar 17 2013,CA Osasuna,Atlético Madrid,0,2,La Liga,2012-13
Sun Mar 17 2013,FC Barcelona,Rayo Vallecano,3,1,La Liga,2012-13
Sun Mar 17 2013,Sevilla FC,Real Zaragoza,4,0,La Liga,2012-13
Sun Mar 17 2013,Granada CF,Levante UD,1,1,La Liga,2012-13
Sat Mar 30 2013,Rayo Vallecano,Málaga CF,1,3,La Liga,2012-13
Sat Mar 30 2013,Levante UD,Sevilla FC,1,0,La Liga,2012-13
Sat Mar 30 2013,RC Celta Vigo,FC Barcelona,2,2,La Liga,2012-13
Sat Mar 30 2013,Real Zaragoza,Real Madrid,1,1,La Liga,2012-13
Sun Mar 31 2013,RCD Espanyol,Real Sociedad,2,2,La Liga,2012-13
Sun Mar 31 2013,RCD Mallorca,RCD La Coruña,2,3,La Liga,2012-13
Sun Mar 31 2013,Atlético Madrid,Valencia CF,1,1,La Liga,2012-13
Sun Mar 31 2013,Real Valladolid CF,CA Osasuna,1,3,La Liga,2012-13
Mon Apr 1 2013,Athletic Club Bilbao,Granada CF,1,0,La Liga,2012-13
Mon Apr 1 2013,Real Betis,Getafe CF,0,0,La Liga,2012-13
Fri Apr 5 2013,Granada CF,Real Betis,1,5,La Liga,2012-13
Sat Apr 6 2013,RCD La Coruña,Real Zaragoza,3,2,La Liga,2012-13
Sat Apr 6 2013,FC Barcelona,RCD Mallorca,5,0,La Liga,2012-13
Sat Apr 6 2013,Real Sociedad,Málaga CF,4,2,La Liga,2012-13
Sat Apr 6 2013,Real Madrid,Levante UD,5,1,La Liga,2012-13
Sun Apr 7 2013,Valencia CF,Real Valladolid CF,2,1,La Liga,2012-13
Sun Apr 7 2013,Getafe CF,Atlético Madrid,0,0,La Liga,2012-13
Sun Apr 7 2013,CA Osasuna,RCD Espanyol,0,2,La Liga,2012-13
Sun Apr 7 2013,RC Celta Vigo,Rayo Vallecano,0,2,La Liga,2012-13
Mon Apr 8 2013,Sevilla FC,Athletic Club Bilbao,2,1,La Liga,2012-13
Fri Apr 12 2013,Real Betis,Sevilla FC,3,3,La Liga,2012-13
Sat Apr 13 2013,RCD Espanyol,Valencia CF,3,3,La Liga,2012-13
Sat Apr 13 2013,Real Valladolid CF,Getafe CF,2,1,La Liga,2012-13
Sat Apr 13 2013,Levante UD,RCD La Coruña,0,4,La Liga,2012-13
Sat Apr 13 2013,Málaga CF,CA Osasuna,1,0,La Liga,2012-13
Sun Apr 14 2013,Atlético Madrid,Granada CF,5,0,La Liga,2012-13
Sun Apr 14 2013,Rayo Vallecano,Real Sociedad,0,2,La Liga,2012-13
Sun Apr 14 2013,Real Zaragoza,FC Barcelona,0,3,La Liga,2012-13
Sun Apr 14 2013,Athletic Club Bilbao,Real Madrid,0,3,La Liga,2012-13
Mon Apr 15 2013,RCD Mallorca,RC Celta Vigo,1,0,La Liga,2012-13
Fri Apr 19 2013,RCD Mallorca,Rayo Vallecano,1,1,La Liga,2012-13
Sat Apr 20 2013,Real Madrid,Real Betis,3,1,La Liga,2012-13
Sat Apr 20 2013,Valencia CF,Málaga CF,5,1,La Liga,2012-13
Sat Apr 20 2013,FC Barcelona,Levante UD,1,0,La Liga,2012-13
Sat Apr 20 2013,Granada CF,Real Valladolid CF,1,1,La Liga,2012-13
Sun Apr 21 2013,Getafe CF,RCD Espanyol,0,2,La Liga,2012-13
Sun Apr 21 2013,CA Osasuna,Real Sociedad,0,0,La Liga,2012-13
Sun Apr 21 2013,RCD La Coruña,Athletic Club Bilbao,1,1,La Liga,2012-13
Sun Apr 21 2013,Sevilla FC,Atlético Madrid,0,1,La Liga,2012-13
Mon Apr 22 2013,RC Celta Vigo,Real Zaragoza,2,1,La Liga,2012-13
Fri Apr 26 2013,Rayo Vallecano,CA Osasuna,2,2,La Liga,2012-13
Sat Apr 27 2013,Levante UD,RC Celta Vigo,0,1,La Liga,2012-13
Sat Apr 27 2013,Athletic Club Bilbao,FC Barcelona,2,2,La Liga,2012-13
Sat Apr 27 2013,Atlético Madrid,Real Madrid,1,2,La Liga,2012-13
Sat Apr 27 2013,Real Zaragoza,RCD Mallorca,3,2,La Liga,2012-13
Sun Apr 28 2013,Real Sociedad,Valencia CF,4,2,La Liga,2012-13
Sun Apr 28 2013,RCD Espanyol,Granada CF,0,1,La Liga,2012-13
Sun Apr 28 2013,Real Valladolid CF,Sevilla FC,1,1,La Liga,2012-13
Sun Apr 28 2013,Málaga CF,Getafe CF,2,1,La Liga,2012-13
Mon Apr 29 2013,Real Betis,RCD La Coruña,1,1,La Liga,2012-13
Fri May 3 2013,RC Celta Vigo,Athletic Club Bilbao,1,1,La Liga,2012-13
Sat May 4 2013,Granada CF,Málaga CF,1,0,La Liga,2012-13
Sat May 4 2013,RCD La Coruña,Atlético Madrid,0,0,La Liga,2012-13
Sat May 4 2013,Real Madrid,Real Valladolid CF,4,3,La Liga,2012-13
Sat May 4 2013,Valencia CF,CA Osasuna,4,0,La Liga,2012-13
Sun May 5 2013,Sevilla FC,RCD Espanyol,3,0,La Liga,2012-13
Sun May 5 2013,FC Barcelona,Real Betis,4,2,La Liga,2012-13
Sun May 5 2013,RCD Mallorca,Levante UD,1,1,La Liga,2012-13
Sun May 5 2013,Real Zaragoza,Rayo Vallecano,3,0,La Liga,2012-13
Mon May 6 2013,Getafe CF,Real Sociedad,2,1,La Liga,2012-13
Wed May 8 2013,RC Celta Vigo,Atlético Madrid,1,3,La Liga,2012-13
Wed May 8 2013,Real Madrid,Málaga CF,6,2,La Liga,2012-13
Fri May 10 2013,Levante UD,Real Zaragoza,0,0,La Liga,2012-13
Sat May 11 2013,RCD Espanyol,Real Madrid,1,1,La Liga,2012-13
Sat May 11 2013,Real Valladolid CF,RCD La Coruña,1,0,La Liga,2012-13
Sat May 11 2013,Athletic Club Bilbao,RCD Mallorca,2,1,La Liga,2012-13
Sat May 11 2013,CA Osasuna,Getafe CF,1,0,La Liga,2012-13
Sun May 12 2013,Málaga CF,Sevilla FC,0,0,La Liga,2012-13
Sun May 12 2013,Atlético Madrid,FC Barcelona,1,2,La Liga,2012-13
Sun May 12 2013,Rayo Vallecano,Valencia CF,0,4,La Liga,2012-13
Sun May 12 2013,Real Betis,RC Celta Vigo,1,0,La Liga,2012-13
Mon May 13 2013,Real Sociedad,Granada CF,2,2,La Liga,2012-13
Sat May 18 2013,Granada CF,CA Osasuna,3,0,La Liga,2012-13
Sat May 18 2013,Getafe CF,Valencia CF,0,1,La Liga,2012-13
Sat May 18 2013,Sevilla FC,Real Sociedad,1,2,La Liga,2012-13
Sun May 19 2013,RCD La Coruña,RCD Espanyol,2,0,La Liga,2012-13
Sun May 19 2013,FC Barcelona,Real Valladolid CF,2,1,La Liga,2012-13
Sun May 19 2013,Real Zaragoza,Athletic Club Bilbao,1,2,La Liga,2012-13
Sun May 19 2013,Levante UD,Rayo Vallecano,2,3,La Liga,2012-13
Mon May 20 2013,RCD Mallorca,Real Betis,1,0,La Liga,2012-13
Sun May 26 2013,Getafe CF,Rayo Vallecano,1,2,La Liga,2012-13
Sun May 26 2013,Athletic Club Bilbao,Levante UD,0,1,La Liga,2012-13
Sun May 26 2013,RCD Espanyol,FC Barcelona,0,2,La Liga,2012-13
Sun May 26 2013,CA Osasuna,Sevilla FC,2,1,La Liga,2012-13
Sun May 26 2013,Real Sociedad,Real Madrid,3,3,La Liga,2012-13
Sun May 26 2013,Real Valladolid CF,RC Celta Vigo,0,2,La Liga,2012-13
Sun May 26 2013,Atlético Madrid,RCD Mallorca,0,0,La Liga,2012-13
Sun May 26 2013,Real Betis,Real Zaragoza,4,0,La Liga,2012-13
Sun May 26 2013,Valencia CF,Granada CF,1,0,La Liga,2012-13
Sun May 26 2013,Málaga CF,RCD La Coruña,3,1,La Liga,2012-13
Sat Jun 1 2013,RCD La Coruña,Real Sociedad,0,1,La Liga,2012-13
Sat Jun 1 2013,Real Zaragoza,Atlético Madrid,1,3,La Liga,2012-13
Sat Jun 1 2013,Granada CF,Getafe CF,2,0,La Liga,2012-13
Sat Jun 1 2013,FC Barcelona,Málaga CF,4,1,La Liga,2012-13
Sat Jun 1 2013,RCD Mallorca,Real Valladolid CF,4,2,La Liga,2012-13
Sat Jun 1 2013,RC Celta Vigo,RCD Espanyol,1,0,La Liga,2012-13
Sat Jun 1 2013,Rayo Vallecano,Athletic Club Bilbao,2,2,La Liga,2012-13
Sat Jun 1 2013,Sevilla FC,Valencia CF,4,3,La Liga,2012-13
Sat Jun 1 2013,Real Madrid,CA Osasuna,4,2,La Liga,2012-13
Sat Jun 1 2013,Levante UD,Real Betis,1,1,La Liga,2012-13
Sat Aug 17 2013,Real Sociedad,Getafe CF,2,0,La Liga,2013-14
Sat Aug 17 2013,Real Valladolid CF,Athletic Club Bilbao,1,2,La Liga,2013-14
Sat Aug 17 2013,Valencia CF,Málaga CF,1,0,La Liga,2013-14
Sun Aug 18 2013,Sevilla FC,Atlético Madrid,1,3,La Liga,2013-14
Sun Aug 18 2013,CA Osasuna,Granada CF,1,2,La Liga,2013-14
Sun Aug 18 2013,FC Barcelona,Levante UD,7,0,La Liga,2013-14
Sun Aug 18 2013,Real Madrid,Real Betis,2,1,La Liga,2013-14
Mon Aug 19 2013,UD Almería,Villarreal CF,2,3,La Liga,2013-14
Mon Aug 19 2013,Rayo Vallecano,Elche CF,3,0,La Liga,2013-14
Mon Aug 19 2013,RC Celta Vigo,RCD Espanyol,2,2,La Liga,2013-14
Fri Aug 23 2013,Getafe CF,UD Almería,2,2,La Liga,2013-14
Fri Aug 23 2013,Athletic Club Bilbao,CA Osasuna,2,0,La Liga,2013-14
Sat Aug 24 2013,Villarreal CF,Real Valladolid CF,2,1,La Liga,2013-14
Sat Aug 24 2013,Elche CF,Real Sociedad,1,1,La Liga,2013-14
Sat Aug 24 2013,RCD Espanyol,Valencia CF,3,1,La Liga,2013-14
Sun Aug 25 2013,Levante UD,Sevilla FC,0,0,La Liga,2013-14
Sun Aug 25 2013,Real Betis,RC Celta Vigo,1,2,La Liga,2013-14
Sun Aug 25 2013,Málaga CF,FC Barcelona,0,1,La Liga,2013-14
Sun Aug 25 2013,Atlético Madrid,Rayo Vallecano,5,0,La Liga,2013-14
Mon Aug 26 2013,Granada CF,Real Madrid,0,1,La Liga,2013-14
Fri Aug 30 2013,Rayo Vallecano,Levante UD,1,2,La Liga,2013-14
Fri Aug 30 2013,UD Almería,Elche CF,2,2,La Liga,2013-14
Sat Aug 31 2013,RC Celta Vigo,Granada CF,1,1,La Liga,2013-14
Sat Aug 31 2013,Real Valladolid CF,Getafe CF,1,0,La Liga,2013-14
Sat Aug 31 2013,CA Osasuna,Villarreal CF,0,3,La Liga,2013-14
Sun Sep 1 2013,RCD Espanyol,Real Betis,0,0,La Liga,2013-14
Sun Sep 1 2013,Real Madrid,Athletic Club Bilbao,3,1,La Liga,2013-14
Sun Sep 1 2013,Sevilla FC,Málaga CF,2,2,La Liga,2013-14
Sun Sep 1 2013,Valencia CF,FC Barcelona,2,3,La Liga,2013-14
Sun Sep 1 2013,Real Sociedad,Atlético Madrid,1,2,La Liga,2013-14
Sat Sep 14 2013,Villarreal CF,Real Madrid,2,2,La Liga,2013-14
Sat Sep 14 2013,Atlético Madrid,UD Almería,4,2,La Liga,2013-14
Sat Sep 14 2013,Levante UD,Real Sociedad,0,0,La Liga,2013-14
Sat Sep 14 2013,FC Barcelona,Sevilla FC,3,2,La Liga,2013-14
Sun Sep 15 2013,Real Betis,Valencia CF,3,1,La Liga,2013-14
Sun Sep 15 2013,Granada CF,RCD Espanyol,0,1,La Liga,2013-14
Sun Sep 15 2013,Málaga CF,Rayo Vallecano,5,0,La Liga,2013-14
Sun Sep 15 2013,Getafe CF,CA Osasuna,2,1,La Liga,2013-14
Mon Sep 16 2013,Athletic Club Bilbao,RC Celta Vigo,3,2,La Liga,2013-14
Mon Sep 16 2013,Elche CF,Real Valladolid CF,0,0,La Liga,2013-14
Fri Sep 20 2013,CA Osasuna,Elche CF,2,1,La Liga,2013-14
Sat Sep 21 2013,Rayo Vallecano,FC Barcelona,0,4,La Liga,2013-14
Sat Sep 21 2013,Real Sociedad,Málaga CF,0,0,La Liga,2013-14
Sat Sep 21 2013,UD Almería,Levante UD,2,2,La Liga,2013-14
Sat Sep 21 2013,Real Valladolid CF,Atlético Madrid,0,2,La Liga,2013-14
Sun Sep 22 2013,Real Madrid,Getafe CF,4,1,La Liga,2013-14
Sun Sep 22 2013,Valencia CF,Sevilla FC,3,1,La Liga,2013-14
Sun Sep 22 2013,RC Celta Vigo,Villarreal CF,0,0,La Liga,2013-14
Sun Sep 22 2013,Real Betis,Granada CF,0,0,La Liga,2013-14
Mon Sep 23 2013,RCD Espanyol,Athletic Club Bilbao,3,2,La Liga,2013-14
Tue Sep 24 2013,Atlético Madrid,CA Osasuna,2,1,La Liga,2013-14
Tue Sep 24 2013,Málaga CF,UD Almería,2,0,La Liga,2013-14
Tue Sep 24 2013,Levante UD,Real Valladolid CF,1,1,La Liga,2013-14
Tue Sep 24 2013,FC Barcelona,Real Sociedad,4,1,La Liga,2013-14
Wed Sep 25 2013,Sevilla FC,Rayo Vallecano,4,1,La Liga,2013-14
Wed Sep 25 2013,Granada CF,Valencia CF,0,1,La Liga,2013-14
Wed Sep 25 2013,Elche CF,Real Madrid,1,2,La Liga,2013-14
Thu Sep 26 2013,Getafe CF,RC Celta Vigo,2,0,La Liga,2013-14
Thu Sep 26 2013,Athletic Club Bilbao,Real Betis,2,1,La Liga,2013-14
Thu Sep 26 2013,Villarreal CF,RCD Espanyol,2,1,La Liga,2013-14
Fri Sep 27 2013,Real Valladolid CF,Málaga CF,2,2,La Liga,2013-14
Sat Sep 28 2013,Real Sociedad,Sevilla FC,1,1,La Liga,2013-14
Sat Sep 28 2013,Valencia CF,Rayo Vallecano,1,0,La Liga,2013-14
Sat Sep 28 2013,UD Almería,FC Barcelona,0,2,La Liga,2013-14
Sat Sep 28 2013,Real Madrid,Atlético Madrid,0,1,La Liga,2013-14
Sun Sep 29 2013,CA Osasuna,Levante UD,0,1,La Liga,2013-14
Sun Sep 29 2013,RCD Espanyol,Getafe CF,0,2,La Liga,2013-14
Sun Sep 29 2013,RC Celta Vigo,Elche CF,0,1,La Liga,2013-14
Sun Sep 29 2013,Real Betis,Villarreal CF,1,0,La Liga,2013-14
Mon Sep 30 2013,Granada CF,Athletic Club Bilbao,2,0,La Liga,2013-14
Fri Oct 4 2013,Villarreal CF,Granada CF,3,0,La Liga,2013-14
Fri Oct 4 2013,Málaga CF,CA Osasuna,0,1,La Liga,2013-14
Sat Oct 5 2013,Levante UD,Real Madrid,2,3,La Liga,2013-14
Sat Oct 5 2013,FC Barcelona,Real Valladolid CF,4,1,La Liga,2013-14
Sat Oct 5 2013,Elche CF,RCD Espanyol,2,1,La Liga,2013-14
Sat Oct 5 2013,Rayo Vallecano,Real Sociedad,1,0,La Liga,2013-14
Sun Oct 6 2013,Getafe CF,Real Betis,3,1,La Liga,2013-14
Sun Oct 6 2013,Atlético Madrid,RC Celta Vigo,2,1,La Liga,2013-14
Sun Oct 6 2013,Sevilla FC,UD Almería,2,1,La Liga,2013-14
Sun Oct 6 2013,Athletic Club Bilbao,Valencia CF,1,1,La Liga,2013-14
Sat Oct 19 2013,CA Osasuna,FC Barcelona,0,0,La Liga,2013-14
Sat Oct 19 2013,Valencia CF,Real Sociedad,1,2,La Liga,2013-14
Sat Oct 19 2013,Real Madrid,Málaga CF,2,0,La Liga,2013-14
Sat Oct 19 2013,RCD Espanyol,Atlético Madrid,1,0,La Liga,2013-14
Sun Oct 20 2013,UD Almería,Rayo Vallecano,0,1,La Liga,2013-14
Sun Oct 20 2013,Real Betis,Elche CF,1,2,La Liga,2013-14
Sun Oct 20 2013,Granada CF,Getafe CF,0,2,La Liga,2013-14
Sun Oct 20 2013,Real Valladolid CF,Sevilla FC,2,2,La Liga,2013-14
Mon Oct 21 2013,Athletic Club Bilbao,Villarreal CF,2,0,La Liga,2013-14
Mon Oct 21 2013,RC Celta Vigo,Levante UD,0,1,La Liga,2013-14
Fri Oct 25 2013,Rayo Vallecano,Real Valladolid CF,0,3,La Liga,2013-14
Sat Oct 26 2013,Elche CF,Granada CF,0,1,La Liga,2013-14
Sat Oct 26 2013,Levante UD,RCD Espanyol,3,0,La Liga,2013-14
Sat Oct 26 2013,FC Barcelona,Real Madrid,2,1,La Liga,2013-14
Sat Oct 26 2013,Málaga CF,RC Celta Vigo,0,5,La Liga,2013-14
Sun Oct 27 2013,Real Sociedad,UD Almería,3,0,La Liga,2013-14
Sun Oct 27 2013,Villarreal CF,Valencia CF,4,1,La Liga,2013-14
Sun Oct 27 2013,Sevilla FC,CA Osasuna,2,1,La Liga,2013-14
Sun Oct 27 2013,Atlético Madrid,Real Betis,5,0,La Liga,2013-14
Mon Oct 28 2013,Getafe CF,Athletic Club Bilbao,0,1,La Liga,2013-14
Tue Oct 29 2013,RCD Espanyol,Málaga CF,0,0,La Liga,2013-14
Tue Oct 29 2013,RC Celta Vigo,FC Barcelona,0,3,La Liga,2013-14
Wed Oct 30 2013,CA Osasuna,Rayo Vallecano,3,1,La Liga,2013-14
Wed Oct 30 2013,Valencia CF,UD Almería,1,2,La Liga,2013-14
Wed Oct 30 2013,Real Madrid,Sevilla FC,7,3,La Liga,2013-14
Wed Oct 30 2013,Real Valladolid CF,Real Sociedad,2,2,La Liga,2013-14
Thu Oct 31 2013,Granada CF,Atlético Madrid,1,2,La Liga,2013-14
Thu Oct 31 2013,Villarreal CF,Getafe CF,0,2,La Liga,2013-14
Thu Oct 31 2013,Athletic Club Bilbao,Elche CF,2,2,La Liga,2013-14
Thu Oct 31 2013,Real Betis,Levante UD,0,0,La Liga,2013-14
Fri Nov 1 2013,FC Barcelona,RCD Espanyol,1,0,La Liga,2013-14
Sat Nov 2 2013,Real Sociedad,CA Osasuna,5,0,La Liga,2013-14
Sat Nov 2 2013,UD Almería,Real Valladolid CF,1,0,La Liga,2013-14
Sat Nov 2 2013,Sevilla FC,RC Celta Vigo,0,1,La Liga,2013-14
Sat Nov 2 2013,Rayo Vallecano,Real Madrid,2,3,La Liga,2013-14
Sun Nov 3 2013,Levante UD,Granada CF,0,1,La Liga,2013-14
Sun Nov 3 2013,Málaga CF,Real Betis,3,2,La Liga,2013-14
Sun Nov 3 2013,Getafe CF,Valencia CF,0,1,La Liga,2013-14
Sun Nov 3 2013,Atlético Madrid,Athletic Club Bilbao,2,0,La Liga,2013-14
Mon Nov 4 2013,Elche CF,Villarreal CF,0,1,La Liga,2013-14
Fri Nov 8 2013,Granada CF,Málaga CF,3,1,La Liga,2013-14
Fri Nov 8 2013,CA Osasuna,UD Almería,0,1,La Liga,2013-14
Sat Nov 9 2013,Athletic Club Bilbao,Levante UD,2,1,La Liga,2013-14
Sat Nov 9 2013,Real Madrid,Real Sociedad,5,1,La Liga,2013-14
Sat Nov 9 2013,RC Celta Vigo,Rayo Vallecano,0,2,La Liga,2013-14
Sat Nov 9 2013,Getafe CF,Elche CF,1,1,La Liga,2013-14
Sun Nov 10 2013,Real Betis,FC Barcelona,1,4,La Liga,2013-14
Sun Nov 10 2013,Valencia CF,Real Valladolid CF,2,2,La Liga,2013-14
Sun Nov 10 2013,Villarreal CF,Atlético Madrid,1,1,La Liga,2013-14
Sun Nov 10 2013,RCD Espanyol,Sevilla FC,1,3,La Liga,2013-14
Fri Nov 22 2013,Real Valladolid CF,CA Osasuna,0,1,La Liga,2013-14
Sat Nov 23 2013,Atlético Madrid,Getafe CF,7,0,La Liga,2013-14
Sat Nov 23 2013,UD Almería,Real Madrid,0,5,La Liga,2013-14
Sat Nov 23 2013,FC Barcelona,Granada CF,4,0,La Liga,2013-14
Sat Nov 23 2013,Real Sociedad,RC Celta Vigo,4,3,La Liga,2013-14
Sun Nov 24 2013,Rayo Vallecano,RCD Espanyol,1,4,La Liga,2013-14
Sun Nov 24 2013,Levante UD,Villarreal CF,0,3,La Liga,2013-14
Sun Nov 24 2013,Sevilla FC,Real Betis,4,0,La Liga,2013-14
Sun Nov 24 2013,Elche CF,Valencia CF,2,1,La Liga,2013-14
Mon Nov 25 2013,Málaga CF,Athletic Club Bilbao,1,2,La Liga,2013-14
Fri Nov 29 2013,Getafe CF,Levante UD,1,0,La Liga,2013-14
Fri Nov 29 2013,Villarreal CF,Málaga CF,1,1,La Liga,2013-14
Sat Nov 30 2013,Real Madrid,Real Valladolid CF,4,0,La Liga,2013-14
Sat Nov 30 2013,Elche CF,Atlético Madrid,0,2,La Liga,2013-14
Sat Nov 30 2013,RC Celta Vigo,UD Almería,3,1,La Liga,2013-14
Sat Nov 30 2013,RCD Espanyol,Real Sociedad,1,2,La Liga,2013-14
Sun Dec 1 2013,Real Betis,Rayo Vallecano,2,2,La Liga,2013-14
Sun Dec 1 2013,Athletic Club Bilbao,FC Barcelona,1,0,La Liga,2013-14
Sun Dec 1 2013,Valencia CF,CA Osasuna,3,0,La Liga,2013-14
Sun Dec 1 2013,Granada CF,Sevilla FC,1,2,La Liga,2013-14
Fri Dec 13 2013,Levante UD,Elche CF,2,1,La Liga,2013-14
Sat Dec 14 2013,Rayo Vallecano,Granada CF,0,2,La Liga,2013-14
Sat Dec 14 2013,FC Barcelona,Villarreal CF,2,1,La Liga,2013-14
Sat Dec 14 2013,CA Osasuna,Real Madrid,2,2,La Liga,2013-14
Sat Dec 14 2013,Málaga CF,Getafe CF,1,0,La Liga,2013-14
Sun Dec 15 2013,Sevilla FC,Athletic Club Bilbao,1,1,La Liga,2013-14
Sun Dec 15 2013,UD Almería,RCD Espanyol,0,0,La Liga,2013-14
Sun Dec 15 2013,Real Sociedad,Real Betis,5,1,La Liga,2013-14
Sun Dec 15 2013,Atlético Madrid,Valencia CF,3,0,La Liga,2013-14
Mon Dec 16 2013,Real Valladolid CF,RC Celta Vigo,3,0,La Liga,2013-14
Fri Dec 20 2013,Elche CF,Málaga CF,0,1,La Liga,2013-14
Sat Dec 21 2013,Granada CF,Real Sociedad,1,3,La Liga,2013-14
Sat Dec 21 2013,Real Betis,UD Almería,0,1,La Liga,2013-14
Sat Dec 21 2013,Villarreal CF,Sevilla FC,1,2,La Liga,2013-14
Sat Dec 21 2013,Atlético Madrid,Levante UD,3,2,La Liga,2013-14
Sun Dec 22 2013,Getafe CF,FC Barcelona,2,5,La Liga,2013-14
Sun Dec 22 2013,Valencia CF,Real Madrid,2,3,La Liga,2013-14
Sun Dec 22 2013,Athletic Club Bilbao,Rayo Vallecano,2,1,La Liga,2013-14
Sun Dec 22 2013,RCD Espanyol,Real Valladolid CF,4,2,La Liga,2013-14
Sun Dec 22 2013,RC Celta Vigo,CA Osasuna,1,1,La Liga,2013-14
Sat Jan 4 2014,Málaga CF,Atlético Madrid,0,1,La Liga,2013-14
Sat Jan 4 2014,Real Valladolid CF,Real Betis,0,0,La Liga,2013-14
Sat Jan 4 2014,Valencia CF,Levante UD,2,0,La Liga,2013-14
Sat Jan 4 2014,UD Almería,Granada CF,3,0,La Liga,2013-14
Sun Jan 5 2014,FC Barcelona,Elche CF,4,0,La Liga,2013-14
Sun Jan 5 2014,Sevilla FC,Getafe CF,3,0,La Liga,2013-14
Sun Jan 5 2014,CA Osasuna,RCD Espanyol,1,0,La Liga,2013-14
Sun Jan 5 2014,Real Sociedad,Athletic Club Bilbao,2,0,La Liga,2013-14
Mon Jan 6 2014,Real Madrid,RC Celta Vigo,3,0,La Liga,2013-14
Mon Jan 6 2014,Rayo Vallecano,Villarreal CF,2,5,La Liga,2013-14
Fri Jan 10 2014,Granada CF,Real Valladolid CF,4,0,La Liga,2013-14
Sat Jan 11 2014,Elche CF,Sevilla FC,1,1,La Liga,2013-14
Sat Jan 11 2014,Atlético Madrid,FC Barcelona,0,0,La Liga,2013-14
Sat Jan 11 2014,RC Celta Vigo,Valencia CF,2,1,La Liga,2013-14
Sat Jan 11 2014,Athletic Club Bilbao,UD Almería,6,1,La Liga,2013-14
Sun Jan 12 2014,RCD Espanyol,Real Madrid,0,1,La Liga,2013-14
Sun Jan 12 2014,Real Betis,CA Osasuna,1,2,La Liga,2013-14
Sun Jan 12 2014,Getafe CF,Rayo Vallecano,0,1,La Liga,2013-14
Sun Jan 12 2014,Levante UD,Málaga CF,1,0,La Liga,2013-14
Mon Jan 13 2014,Villarreal CF,Real Sociedad,5,1,La Liga,2013-14
Fri Jan 17 2014,Málaga CF,Valencia CF,0,0,La Liga,2013-14
Sat Jan 18 2014,Granada CF,CA Osasuna,0,0,La Liga,2013-14
Sat Jan 18 2014,Elche CF,Rayo Vallecano,2,0,La Liga,2013-14
Sat Jan 18 2014,Real Betis,Real Madrid,0,5,La Liga,2013-14
Sat Jan 18 2014,RCD Espanyol,RC Celta Vigo,1,0,La Liga,2013-14
Sun Jan 19 2014,Levante UD,FC Barcelona,1,1,La Liga,2013-14
Sun Jan 19 2014,Atlético Madrid,Sevilla FC,1,1,La Liga,2013-14
Sun Jan 19 2014,Villarreal CF,UD Almería,2,0,La Liga,2013-14
Sun Jan 19 2014,Getafe CF,Real Sociedad,2,2,La Liga,2013-14
Mon Jan 20 2014,Athletic Club Bilbao,Real Valladolid CF,4,2,La Liga,2013-14
Fri Jan 24 2014,RC Celta Vigo,Real Betis,4,2,La Liga,2013-14
Sat Jan 25 2014,Sevilla FC,Levante UD,2,3,La Liga,2013-14
Sat Jan 25 2014,Real Valladolid CF,Villarreal CF,1,0,La Liga,2013-14
Sat Jan 25 2014,Valencia CF,RCD Espanyol,2,2,La Liga,2013-14
Sat Jan 25 2014,Real Madrid,Granada CF,2,0,La Liga,2013-14
Sun Jan 26 2014,CA Osasuna,Athletic Club Bilbao,1,5,La Liga,2013-14
Sun Jan 26 2014,FC Barcelona,Málaga CF,3,0,La Liga,2013-14
Sun Jan 26 2014,Rayo Vallecano,Atlético Madrid,2,4,La Liga,2013-14
Sun Jan 26 2014,UD Almería,Getafe CF,1,0,La Liga,2013-14
Mon Jan 27 2014,Real Sociedad,Elche CF,4,0,La Liga,2013-14
Fri Jan 31 2014,Granada CF,RC Celta Vigo,1,2,La Liga,2013-14
Sat Feb 1 2014,Levante UD,Rayo Vallecano,0,0,La Liga,2013-14
Sat Feb 1 2014,FC Barcelona,Valencia CF,2,3,La Liga,2013-14
Sat Feb 1 2014,Getafe CF,Real Valladolid CF,0,0,La Liga,2013-14
Sat Feb 1 2014,Málaga CF,Sevilla FC,3,2,La Liga,2013-14
Sun Feb 2 2014,Elche CF,UD Almería,1,0,La Liga,2013-14
Sun Feb 2 2014,Athletic Club Bilbao,Real Madrid,1,1,La Liga,2013-14
Sun Feb 2 2014,Atlético Madrid,Real Sociedad,4,0,La Liga,2013-14
Sun Feb 2 2014,Real Betis,RCD Espanyol,2,0,La Liga,2013-14
Mon Feb 3 2014,Villarreal CF,CA Osasuna,3,1,La Liga,2013-14
Fri Feb 7 2014,RCD Espanyol,Granada CF,1,0,La Liga,2013-14
Sat Feb 8 2014,UD Almería,Atlético Madrid,2,0,La Liga,2013-14
Sat Feb 8 2014,Valencia CF,Real Betis,5,0,La Liga,2013-14
Sat Feb 8 2014,Rayo Vallecano,Málaga CF,4,1,La Liga,2013-14
Sat Feb 8 2014,Real Madrid,Villarreal CF,4,2,La Liga,2013-14
Sun Feb 9 2014,CA Osasuna,Getafe CF,2,0,La Liga,2013-14
Sun Feb 9 2014,Sevilla FC,FC Barcelona,1,4,La Liga,2013-14
Sun Feb 9 2014,Real Sociedad,Levante UD,0,0,La Liga,2013-14
Sun Feb 9 2014,Real Valladolid CF,Elche CF,2,2,La Liga,2013-14
Mon Feb 10 2014,RC Celta Vigo,Athletic Club Bilbao,0,0,La Liga,2013-14
Fri Feb 14 2014,Elche CF,CA Osasuna,0,0,La Liga,2013-14
Sat Feb 15 2014,Levante UD,UD Almería,1,0,La Liga,2013-14
Sat Feb 15 2014,Atlético Madrid,Real Valladolid CF,3,0,La Liga,2013-14
Sat Feb 15 2014,FC Barcelona,Rayo Vallecano,6,0,La Liga,2013-14
Sat Feb 15 2014,Villarreal CF,RC Celta Vigo,0,2,La Liga,2013-14
Sun Feb 16 2014,Athletic Club Bilbao,RCD Espanyol,1,2,La Liga,2013-14
Sun Feb 16 2014,Getafe CF,Real Madrid,0,3,La Liga,2013-14
Sun Feb 16 2014,Sevilla FC,Valencia CF,0,0,La Liga,2013-14
Sun Feb 16 2014,Granada CF,Real Betis,1,0,La Liga,2013-14
Mon Feb 17 2014,Málaga CF,Real Sociedad,0,1,La Liga,2013-14
Fri Feb 21 2014,Real Valladolid CF,Levante UD,1,1,La Liga,2013-14
Sat Feb 22 2014,RC Celta Vigo,Getafe CF,1,1,La Liga,2013-14
Sat Feb 22 2014,Real Sociedad,FC Barcelona,3,1,La Liga,2013-14
Sat Feb 22 2014,Real Madrid,Elche CF,3,0,La Liga,2013-14
Sat Feb 22 2014,UD Almería,Málaga CF,0,0,La Liga,2013-14
Sun Feb 23 2014,CA Osasuna,Atlético Madrid,3,0,La Liga,2013-14
Sun Feb 23 2014,Real Betis,Athletic Club Bilbao,0,2,La Liga,2013-14
Sun Feb 23 2014,Valencia CF,Granada CF,2,1,La Liga,2013-14
Sun Feb 23 2014,Rayo Vallecano,Sevilla FC,0,1,La Liga,2013-14
Mon Feb 24 2014,RCD Espanyol,Villarreal CF,1,2,La Liga,2013-14
Fri Feb 28 2014,Athletic Club Bilbao,Granada CF,4,0,La Liga,2013-14
Sat Mar 1 2014,Elche CF,RC Celta Vigo,1,0,La Liga,2013-14
Sat Mar 1 2014,Levante UD,CA Osasuna,2,0,La Liga,2013-14
Sat Mar 1 2014,Málaga CF,Real Valladolid CF,1,1,La Liga,2013-14
Sat Mar 1 2014,Getafe CF,RCD Espanyol,0,0,La Liga,2013-14
Sun Mar 2 2014,Rayo Vallecano,Valencia CF,1,0,La Liga,2013-14
Sun Mar 2 2014,Sevilla FC,Real Sociedad,1,0,La Liga,2013-14
Sun Mar 2 2014,Atlético Madrid,Real Madrid,2,2,La Liga,2013-14
Sun Mar 2 2014,Villarreal CF,Real Betis,1,1,La Liga,2013-14
Sun Mar 2 2014,FC Barcelona,UD Almería,4,1,La Liga,2013-14
Sat Mar 8 2014,RC Celta Vigo,Atlético Madrid,0,2,La Liga,2013-14
Sat Mar 8 2014,Granada CF,Villarreal CF,2,0,La Liga,2013-14
Sat Mar 8 2014,Real Valladolid CF,FC Barcelona,1,0,La Liga,2013-14
Sat Mar 8 2014,Real Betis,Getafe CF,2,0,La Liga,2013-14
Sun Mar 9 2014,Real Madrid,Levante UD,3,0,La Liga,2013-14
Sun Mar 9 2014,Valencia CF,Athletic Club Bilbao,1,1,La Liga,2013-14
Sun Mar 9 2014,UD Almería,Sevilla FC,1,3,La Liga,2013-14
Sun Mar 9 2014,RCD Espanyol,Elche CF,3,1,La Liga,2013-14
Mon Mar 10 2014,Real Sociedad,Rayo Vallecano,2,3,La Liga,2013-14
Mon Mar 10 2014,CA Osasuna,Málaga CF,0,2,La Liga,2013-14
Fri Mar 14 2014,Getafe CF,Granada CF,3,3,La Liga,2013-14
Sat Mar 15 2014,Atlético Madrid,RCD Espanyol,1,0,La Liga,2013-14
Sat Mar 15 2014,Málaga CF,Real Madrid,0,1,La Liga,2013-14
Sat Mar 15 2014,Rayo Vallecano,UD Almería,3,1,La Liga,2013-14
Sat Mar 15 2014,Levante UD,RC Celta Vigo,0,1,La Liga,2013-14
Sun Mar 16 2014,Elche CF,Real Betis,0,0,La Liga,2013-14
Sun Mar 16 2014,FC Barcelona,CA Osasuna,7,0,La Liga,2013-14
Sun Mar 16 2014,Real Sociedad,Valencia CF,1,0,La Liga,2013-14
Sun Mar 16 2014,Sevilla FC,Real Valladolid CF,4,1,La Liga,2013-14
Mon Mar 17 2014,Villarreal CF,Athletic Club Bilbao,1,1,La Liga,2013-14
Fri Mar 21 2014,RC Celta Vigo,Málaga CF,0,2,La Liga,2013-14
Sat Mar 22 2014,Granada CF,Elche CF,1,0,La Liga,2013-14
Sat Mar 22 2014,Athletic Club Bilbao,Getafe CF,1,0,La Liga,2013-14
Sat Mar 22 2014,Real Valladolid CF,Rayo Vallecano,1,1,La Liga,2013-14
Sat Mar 22 2014,RCD Espanyol,Levante UD,0,0,La Liga,2013-14
Sun Mar 23 2014,Real Madrid,FC Barcelona,3,4,La Liga,2013-14
Sun Mar 23 2014,Valencia CF,Villarreal CF,2,1,La Liga,2013-14
Sun Mar 23 2014,CA Osasuna,Sevilla FC,1,2,La Liga,2013-14
Sun Mar 23 2014,Real Betis,Atlético Madrid,0,2,La Liga,2013-14
Mon Mar 24 2014,UD Almería,Real Sociedad,4,3,La Liga,2013-14
Tue Mar 25 2014,Málaga CF,RCD Espanyol,1,2,La Liga,2013-14
Tue Mar 25 2014,Elche CF,Athletic Club Bilbao,0,0,La Liga,2013-14
Wed Mar 26 2014,Rayo Vallecano,CA Osasuna,1,0,La Liga,2013-14
Wed Mar 26 2014,FC Barcelona,RC Celta Vigo,3,0,La Liga,2013-14
Wed Mar 26 2014,Sevilla FC,Real Madrid,2,1,La Liga,2013-14
Wed Mar 26 2014,Atlético Madrid,Granada CF,1,0,La Liga,2013-14
Thu Mar 27 2014,UD Almería,Valencia CF,2,2,La Liga,2013-14
Thu Mar 27 2014,Getafe CF,Villarreal CF,0,1,La Liga,2013-14
Thu Mar 27 2014,Real Sociedad,Real Valladolid CF,1,0,La Liga,2013-14
Thu Mar 27 2014,Levante UD,Real Betis,1,3,La Liga,2013-14
Sat Mar 29 2014,RCD Espanyol,FC Barcelona,0,1,La Liga,2013-14
Sat Mar 29 2014,RC Celta Vigo,Sevilla FC,1,0,La Liga,2013-14
Sat Mar 29 2014,Real Madrid,Rayo Vallecano,5,0,La Liga,2013-14
Sat Mar 29 2014,Athletic Club Bilbao,Atlético Madrid,1,2,La Liga,2013-14
Sun Mar 30 2014,Real Valladolid CF,UD Almería,1,0,La Liga,2013-14
Sun Mar 30 2014,Valencia CF,Getafe CF,1,3,La Liga,2013-14
Sun Mar 30 2014,CA Osasuna,Real Sociedad,1,1,La Liga,2013-14
Sun Mar 30 2014,Villarreal CF,Elche CF,1,1,La Liga,2013-14
Mon Mar 31 2014,Real Betis,Málaga CF,1,2,La Liga,2013-14
Mon Mar 31 2014,Granada CF,Levante UD,0,2,La Liga,2013-14
Fri Apr 4 2014,UD Almería,CA Osasuna,1,2,La Liga,2013-14
Sat Apr 5 2014,Real Sociedad,Real Madrid,0,4,La Liga,2013-14
Sat Apr 5 2014,FC Barcelona,Real Betis,3,1,La Liga,2013-14
Sat Apr 5 2014,Atlético Madrid,Villarreal CF,1,0,La Liga,2013-14
Sat Apr 5 2014,Rayo Vallecano,RC Celta Vigo,3,0,La Liga,2013-14
Sun Apr 6 2014,Elche CF,Getafe CF,1,0,La Liga,2013-14
Sun Apr 6 2014,Real Valladolid CF,Valencia CF,0,0,La Liga,2013-14
Sun Apr 6 2014,Málaga CF,Granada CF,4,1,La Liga,2013-14
Sun Apr 6 2014,Sevilla FC,RCD Espanyol,4,1,La Liga,2013-14
Mon Apr 7 2014,Levante UD,Athletic Club Bilbao,1,2,La Liga,2013-14
Fri Apr 11 2014,CA Osasuna,Real Valladolid CF,0,0,La Liga,2013-14
Sat Apr 12 2014,Real Madrid,UD Almería,4,0,La Liga,2013-14
Sat Apr 12 2014,Granada CF,FC Barcelona,1,0,La Liga,2013-14
Sat Apr 12 2014,RC Celta Vigo,Real Sociedad,2,2,La Liga,2013-14
Sat Apr 12 2014,Villarreal CF,Levante UD,1,0,La Liga,2013-14
Sun Apr 13 2014,Real Betis,Sevilla FC,0,2,La Liga,2013-14
Sun Apr 13 2014,RCD Espanyol,Rayo Vallecano,2,2,La Liga,2013-14
Sun Apr 13 2014,Valencia CF,Elche CF,2,1,La Liga,2013-14
Sun Apr 13 2014,Getafe CF,Atlético Madrid,0,2,La Liga,2013-14
Mon Apr 14 2014,Athletic Club Bilbao,Málaga CF,3,0,La Liga,2013-14
Fri Apr 18 2014,Atlético Madrid,Elche CF,2,0,La Liga,2013-14
Sat Apr 19 2014,CA Osasuna,Valencia CF,1,1,La Liga,2013-14
Sat Apr 19 2014,Real Sociedad,RCD Espanyol,2,1,La Liga,2013-14
Sat Apr 19 2014,Levante UD,Getafe CF,0,0,La Liga,2013-14
Sun Apr 20 2014,UD Almería,RC Celta Vigo,2,4,La Liga,2013-14
Sun Apr 20 2014,FC Barcelona,Athletic Club Bilbao,2,1,La Liga,2013-14
Sun Apr 20 2014,Rayo Vallecano,Real Betis,3,1,La Liga,2013-14
Sun Apr 20 2014,Sevilla FC,Granada CF,4,0,La Liga,2013-14
Mon Apr 21 2014,Málaga CF,Villarreal CF,2,0,La Liga,2013-14
Fri Apr 25 2014,Elche CF,Levante UD,1,1,La Liga,2013-14
Sat Apr 26 2014,Real Madrid,CA Osasuna,4,0,La Liga,2013-14
Sat Apr 26 2014,Granada CF,Rayo Vallecano,0,3,La Liga,2013-14
Sat Apr 26 2014,Real Betis,Real Sociedad,0,1,La Liga,2013-14
Sat Apr 26 2014,Getafe CF,Málaga CF,1,0,La Liga,2013-14
Sun Apr 27 2014,Villarreal CF,FC Barcelona,2,3,La Liga,2013-14
Sun Apr 27 2014,RCD Espanyol,UD Almería,1,2,La Liga,2013-14
Sun Apr 27 2014,Athletic Club Bilbao,Sevilla FC,3,1,La Liga,2013-14
Sun Apr 27 2014,Valencia CF,Atlético Madrid,0,1,La Liga,2013-14
Mon Apr 28 2014,RC Celta Vigo,Real Valladolid CF,4,1,La Liga,2013-14
Fri May 2 2014,Rayo Vallecano,Athletic Club Bilbao,0,3,La Liga,2013-14
Sat May 3 2014,FC Barcelona,Getafe CF,2,2,La Liga,2013-14
Sat May 3 2014,Real Valladolid CF,RCD Espanyol,1,0,La Liga,2013-14
Sat May 3 2014,Málaga CF,Elche CF,0,1,La Liga,2013-14
Sat May 3 2014,CA Osasuna,RC Celta Vigo,0,2,La Liga,2013-14
Sun May 4 2014,UD Almería,Real Betis,3,2,La Liga,2013-14
Sun May 4 2014,Real Madrid,Valencia CF,2,2,La Liga,2013-14
Sun May 4 2014,Levante UD,Atlético Madrid,2,0,La Liga,2013-14
Sun May 4 2014,Sevilla FC,Villarreal CF,0,0,La Liga,2013-14
Mon May 5 2014,Real Sociedad,Granada CF,1,1,La Liga,2013-14
Wed May 7 2014,Real Valladolid CF,Real Madrid,1,1,La Liga,2013-14
Sat May 10 2014,Villarreal CF,Rayo Vallecano,4,0,La Liga,2013-14
Sat May 10 2014,Levante UD,Valencia CF,2,0,La Liga,2013-14
Sun May 11 2014,Getafe CF,Sevilla FC,1,0,La Liga,2013-14
Sun May 11 2014,Granada CF,UD Almería,0,2,La Liga,2013-14
Sun May 11 2014,Atlético Madrid,Málaga CF,1,1,La Liga,2013-14
Sun May 11 2014,Elche CF,FC Barcelona,0,0,La Liga,2013-14
Sun May 11 2014,Athletic Club Bilbao,Real Sociedad,1,1,La Liga,2013-14
Sun May 11 2014,Real Betis,Real Valladolid CF,4,3,La Liga,2013-14
Sun May 11 2014,RCD Espanyol,CA Osasuna,1,1,La Liga,2013-14
Sun May 11 2014,RC Celta Vigo,Real Madrid,2,0,La Liga,2013-14
Fri May 16 2014,Málaga CF,Levante UD,1,0,La Liga,2013-14
Sat May 17 2014,FC Barcelona,Atlético Madrid,1,1,La Liga,2013-14
Sat May 17 2014,Real Madrid,RCD Espanyol,3,1,La Liga,2013-14
Sat May 17 2014,Valencia CF,RC Celta Vigo,2,1,La Liga,2013-14
Sun May 18 2014,Real Sociedad,Villarreal CF,1,2,La Liga,2013-14
Sun May 18 2014,UD Almería,Athletic Club Bilbao,0,0,La Liga,2013-14
Sun May 18 2014,Real Valladolid CF,Granada CF,0,1,La Liga,2013-14
Sun May 18 2014,Rayo Vallecano,Getafe CF,1,2,La Liga,2013-14
Sun May 18 2014,Sevilla FC,Elche CF,3,1,La Liga,2013-14
Sun May 18 2014,CA Osasuna,Real Betis,2,1,La Liga,2013-14
Sat Aug 23 2014,Málaga CF,Athletic Club Bilbao,1,0,La Liga,2014-15
Sat Aug 23 2014,Granada CF,RCD La Coruña,2,1,La Liga,2014-15
Sat Aug 23 2014,Sevilla FC,Valencia CF,1,1,La Liga,2014-15
Sat Aug 23 2014,UD Almería,RCD Espanyol,1,1,La Liga,2014-15
Sun Aug 24 2014,SD Eibar,Real Sociedad,1,0,La Liga,2014-15
Sun Aug 24 2014,RC Celta Vigo,Getafe CF,3,1,La Liga,2014-15
Sun Aug 24 2014,FC Barcelona,Elche CF,3,0,La Liga,2014-15
Sun Aug 24 2014,Levante UD,Villarreal CF,0,2,La Liga,2014-15
Mon Aug 25 2014,Real Madrid,Córdoba CF,2,0,La Liga,2014-15
Mon Aug 25 2014,Rayo Vallecano,Atlético Madrid,0,0,La Liga,2014-15
Fri Aug 29 2014,Getafe CF,UD Almería,1,0,La Liga,2014-15
Fri Aug 29 2014,Valencia CF,Málaga CF,3,0,La Liga,2014-15
Sat Aug 30 2014,Córdoba CF,RC Celta Vigo,1,1,La Liga,2014-15
Sat Aug 30 2014,Athletic Club Bilbao,Levante UD,3,0,La Liga,2014-15
Sat Aug 30 2014,Atlético Madrid,SD Eibar,2,1,La Liga,2014-15
Sat Aug 30 2014,RCD Espanyol,Sevilla FC,1,2,La Liga,2014-15
Sun Aug 31 2014,Villarreal CF,FC Barcelona,0,1,La Liga,2014-15
Sun Aug 31 2014,RCD La Coruña,Rayo Vallecano,2,2,La Liga,2014-15
Sun Aug 31 2014,Real Sociedad,Real Madrid,4,2,La Liga,2014-15
Sun Aug 31 2014,Elche CF,Granada CF,1,1,La Liga,2014-15
Fri Sep 12 2014,UD Almería,Córdoba CF,1,1,La Liga,2014-15
Sat Sep 13 2014,FC Barcelona,Athletic Club Bilbao,2,0,La Liga,2014-15
Sat Sep 13 2014,Málaga CF,Levante UD,0,0,La Liga,2014-15
Sat Sep 13 2014,Real Madrid,Atlético Madrid,1,2,La Liga,2014-15
Sat Sep 13 2014,RC Celta Vigo,Real Sociedad,2,2,La Liga,2014-15
Sun Sep 14 2014,Rayo Vallecano,Elche CF,2,3,La Liga,2014-15
Sun Sep 14 2014,Valencia CF,RCD Espanyol,3,1,La Liga,2014-15
Sun Sep 14 2014,Sevilla FC,Getafe CF,2,0,La Liga,2014-15
Sun Sep 14 2014,Granada CF,Villarreal CF,0,0,La Liga,2014-15
Mon Sep 15 2014,SD Eibar,RCD La Coruña,0,1,La Liga,2014-15
Fri Sep 19 2014,Elche CF,SD Eibar,0,2,La Liga,2014-15
Sat Sep 20 2014,RCD La Coruña,Real Madrid,2,8,La Liga,2014-15
Sat Sep 20 2014,Athletic Club Bilbao,Granada CF,0,1,La Liga,2014-15
Sat Sep 20 2014,Atlético Madrid,RC Celta Vigo,2,2,La Liga,2014-15
Sat Sep 20 2014,RCD Espanyol,Málaga CF,2,2,La Liga,2014-15
Sun Sep 21 2014,Real Sociedad,UD Almería,1,2,La Liga,2014-15
Sun Sep 21 2014,Villarreal CF,Rayo Vallecano,4,2,La Liga,2014-15
Sun Sep 21 2014,Córdoba CF,Sevilla FC,1,3,La Liga,2014-15
Sun Sep 21 2014,Levante UD,FC Barcelona,0,5,La Liga,2014-15
Mon Sep 22 2014,Getafe CF,Valencia CF,0,3,La Liga,2014-15
Tue Sep 23 2014,Real Madrid,Elche CF,5,1,La Liga,2014-15
Tue Sep 23 2014,RC Celta Vigo,RCD La Coruña,2,1,La Liga,2014-15
Wed Sep 24 2014,Rayo Vallecano,Athletic Club Bilbao,2,1,La Liga,2014-15
Wed Sep 24 2014,SD Eibar,Villarreal CF,1,1,La Liga,2014-15
Wed Sep 24 2014,UD Almería,Atlético Madrid,0,1,La Liga,2014-15
Wed Sep 24 2014,Málaga CF,FC Barcelona,0,0,La Liga,2014-15
Wed Sep 24 2014,Granada CF,Levante UD,0,1,La Liga,2014-15
Wed Sep 24 2014,Sevilla FC,Real Sociedad,1,0,La Liga,2014-15
Thu Sep 25 2014,RCD Espanyol,Getafe CF,2,0,La Liga,2014-15
Thu Sep 25 2014,Valencia CF,Córdoba CF,3,0,La Liga,2014-15
Fri Sep 26 2014,Elche CF,RC Celta Vigo,0,1,La Liga,2014-15
Sat Sep 27 2014,Villarreal CF,Real Madrid,0,2,La Liga,2014-15
Sat Sep 27 2014,FC Barcelona,Granada CF,6,0,La Liga,2014-15
Sat Sep 27 2014,Atlético Madrid,Sevilla FC,4,0,La Liga,2014-15
Sat Sep 27 2014,Levante UD,Rayo Vallecano,0,2,La Liga,2014-15
Sat Sep 27 2014,Athletic Club Bilbao,SD Eibar,0,0,La Liga,2014-15
Sun Sep 28 2014,Getafe CF,Málaga CF,1,0,La Liga,2014-15
Sun Sep 28 2014,RCD La Coruña,UD Almería,0,1,La Liga,2014-15
Sun Sep 28 2014,Real Sociedad,Valencia CF,1,1,La Liga,2014-15
Sun Sep 28 2014,Córdoba CF,RCD Espanyol,0,0,La Liga,2014-15
Fri Oct 3 2014,Getafe CF,Córdoba CF,1,1,La Liga,2014-15
Sat Oct 4 2014,Valencia CF,Atlético Madrid,3,1,La Liga,2014-15
Sat Oct 4 2014,Rayo Vallecano,FC Barcelona,0,2,La Liga,2014-15
Sat Oct 4 2014,SD Eibar,Levante UD,3,3,La Liga,2014-15
Sat Oct 4 2014,UD Almería,Elche CF,2,2,La Liga,2014-15
Sat Oct 4 2014,Málaga CF,Granada CF,2,1,La Liga,2014-15
Sun Oct 5 2014,Sevilla FC,RCD La Coruña,4,1,La Liga,2014-15
Sun Oct 5 2014,RC Celta Vigo,Villarreal CF,1,3,La Liga,2014-15
Sun Oct 5 2014,RCD Espanyol,Real Sociedad,2,0,La Liga,2014-15
Sun Oct 5 2014,Real Madrid,Athletic Club Bilbao,5,0,La Liga,2014-15
Fri Oct 17 2014,Granada CF,Rayo Vallecano,0,1,La Liga,2014-15
Sat Oct 18 2014,Levante UD,Real Madrid,0,5,La Liga,2014-15
Sat Oct 18 2014,Athletic Club Bilbao,RC Celta Vigo,1,1,La Liga,2014-15
Sat Oct 18 2014,FC Barcelona,SD Eibar,3,0,La Liga,2014-15
Sat Oct 18 2014,Córdoba CF,Málaga CF,1,2,La Liga,2014-15
Sun Oct 19 2014,Atlético Madrid,RCD Espanyol,2,0,La Liga,2014-15
Sun Oct 19 2014,RCD La Coruña,Valencia CF,3,0,La Liga,2014-15
Sun Oct 19 2014,Elche CF,Sevilla FC,0,2,La Liga,2014-15
Sun Oct 19 2014,Villarreal CF,UD Almería,2,0,La Liga,2014-15
Mon Oct 20 2014,Real Sociedad,Getafe CF,1,2,La Liga,2014-15
Fri Oct 24 2014,RC Celta Vigo,Levante UD,3,0,La Liga,2014-15
Sat Oct 25 2014,UD Almería,Athletic Club Bilbao,0,1,La Liga,2014-15
Sat Oct 25 2014,Real Madrid,FC Barcelona,3,1,La Liga,2014-15
Sat Oct 25 2014,Valencia CF,Elche CF,3,1,La Liga,2014-15
Sat Oct 25 2014,SD Eibar,Granada CF,1,1,La Liga,2014-15
Sat Oct 25 2014,Córdoba CF,Real Sociedad,1,1,La Liga,2014-15
Sun Oct 26 2014,Málaga CF,Rayo Vallecano,4,0,La Liga,2014-15
Sun Oct 26 2014,RCD Espanyol,RCD La Coruña,0,0,La Liga,2014-15
Sun Oct 26 2014,Sevilla FC,Villarreal CF,2,1,La Liga,2014-15
Sun Oct 26 2014,Getafe CF,Atlético Madrid,0,1,La Liga,2014-15
Fri Oct 31 2014,RCD La Coruña,Getafe CF,1,2,La Liga,2014-15
Sat Nov 1 2014,Granada CF,Real Madrid,0,4,La Liga,2014-15
Sat Nov 1 2014,Atlético Madrid,Córdoba CF,4,2,La Liga,2014-15
Sat Nov 1 2014,FC Barcelona,RC Celta Vigo,0,1,La Liga,2014-15
Sat Nov 1 2014,Real Sociedad,Málaga CF,0,1,La Liga,2014-15
Sun Nov 2 2014,Athletic Club Bilbao,Sevilla FC,1,0,La Liga,2014-15
Sun Nov 2 2014,Villarreal CF,Valencia CF,1,3,La Liga,2014-15
Sun Nov 2 2014,Levante UD,UD Almería,2,1,La Liga,2014-15
Sun Nov 2 2014,Elche CF,RCD Espanyol,2,1,La Liga,2014-15
Mon Nov 3 2014,Rayo Vallecano,SD Eibar,2,3,La Liga,2014-15
Fri Nov 7 2014,Córdoba CF,RCD La Coruña,0,0,La Liga,2014-15
Sat Nov 8 2014,UD Almería,FC Barcelona,1,2,La Liga,2014-15
Sat Nov 8 2014,Getafe CF,Elche CF,0,0,La Liga,2014-15
Sat Nov 8 2014,Real Madrid,Rayo Vallecano,5,1,La Liga,2014-15
Sat Nov 8 2014,Málaga CF,SD Eibar,2,1,La Liga,2014-15
Sat Nov 8 2014,RC Celta Vigo,Granada CF,0,0,La Liga,2014-15
Sun Nov 9 2014,Sevilla FC,Levante UD,1,1,La Liga,2014-15
Sun Nov 9 2014,RCD Espanyol,Villarreal CF,1,1,La Liga,2014-15
Sun Nov 9 2014,Valencia CF,Athletic Club Bilbao,0,0,La Liga,2014-15
Sun Nov 9 2014,Real Sociedad,Atlético Madrid,2,1,La Liga,2014-15
Fri Nov 21 2014,Athletic Club Bilbao,RCD Espanyol,3,1,La Liga,2014-15
Sat Nov 22 2014,Atlético Madrid,Málaga CF,3,1,La Liga,2014-15
Sat Nov 22 2014,SD Eibar,Real Madrid,0,4,La Liga,2014-15
Sat Nov 22 2014,FC Barcelona,Sevilla FC,5,1,La Liga,2014-15
Sat Nov 22 2014,RCD La Coruña,Real Sociedad,0,0,La Liga,2014-15
Sun Nov 23 2014,Rayo Vallecano,RC Celta Vigo,1,0,La Liga,2014-15
Sun Nov 23 2014,Levante UD,Valencia CF,2,1,La Liga,2014-15
Sun Nov 23 2014,Elche CF,Córdoba CF,2,2,La Liga,2014-15
Sun Nov 23 2014,Villarreal CF,Getafe CF,2,1,La Liga,2014-15
Mon Nov 24 2014,Granada CF,UD Almería,0,0,La Liga,2014-15
Fri Nov 28 2014,Real Sociedad,Elche CF,3,0,La Liga,2014-15
Sat Nov 29 2014,Getafe CF,Athletic Club Bilbao,1,2,La Liga,2014-15
Sat Nov 29 2014,RCD Espanyol,Levante UD,2,1,La Liga,2014-15
Sat Nov 29 2014,Málaga CF,Real Madrid,1,2,La Liga,2014-15
Sat Nov 29 2014,RC Celta Vigo,SD Eibar,0,1,La Liga,2014-15
Sun Nov 30 2014,Atlético Madrid,RCD La Coruña,2,0,La Liga,2014-15
Sun Nov 30 2014,Sevilla FC,Granada CF,5,1,La Liga,2014-15
Sun Nov 30 2014,Córdoba CF,Villarreal CF,0,2,La Liga,2014-15
Sun Nov 30 2014,Valencia CF,FC Barcelona,0,1,La Liga,2014-15
Mon Dec 1 2014,UD Almería,Rayo Vallecano,0,1,La Liga,2014-15
Sat Dec 6 2014,Elche CF,Atlético Madrid,0,2,La Liga,2014-15
Sat Dec 6 2014,Athletic Club Bilbao,Córdoba CF,0,1,La Liga,2014-15
Sat Dec 6 2014,Real Madrid,RC Celta Vigo,3,0,La Liga,2014-15
Sat Dec 6 2014,RCD La Coruña,Málaga CF,0,1,La Liga,2014-15
Sun Dec 7 2014,Rayo Vallecano,Sevilla FC,0,1,La Liga,2014-15
Sun Dec 7 2014,FC Barcelona,RCD Espanyol,5,1,La Liga,2014-15
Sun Dec 7 2014,Villarreal CF,Real Sociedad,4,0,La Liga,2014-15
Sun Dec 7 2014,Granada CF,Valencia CF,1,1,La Liga,2014-15
Mon Dec 8 2014,SD Eibar,UD Almería,5,2,La Liga,2014-15
Mon Dec 8 2014,Levante UD,Getafe CF,1,1,La Liga,2014-15
Fri Dec 12 2014,UD Almería,Real Madrid,1,4,La Liga,2014-15
Sat Dec 13 2014,Getafe CF,FC Barcelona,0,0,La Liga,2014-15
Sat Dec 13 2014,Valencia CF,Rayo Vallecano,3,0,La Liga,2014-15
Sat Dec 13 2014,Córdoba CF,Levante UD,0,0,La Liga,2014-15
Sat Dec 13 2014,Málaga CF,RC Celta Vigo,1,0,La Liga,2014-15
Sun Dec 14 2014,RCD Espanyol,Granada CF,2,1,La Liga,2014-15
Sun Dec 14 2014,Sevilla FC,SD Eibar,0,0,La Liga,2014-15
Sun Dec 14 2014,Atlético Madrid,Villarreal CF,0,1,La Liga,2014-15
Sun Dec 14 2014,Real Sociedad,Athletic Club Bilbao,1,1,La Liga,2014-15
Mon Dec 15 2014,RCD La Coruña,Elche CF,1,0,La Liga,2014-15
Fri Dec 19 2014,RC Celta Vigo,UD Almería,0,1,La Liga,2014-15
Sat Dec 20 2014,FC Barcelona,Córdoba CF,5,0,La Liga,2014-15
Sat Dec 20 2014,Levante UD,Real Sociedad,1,1,La Liga,2014-15
Sat Dec 20 2014,SD Eibar,Valencia CF,0,1,La Liga,2014-15
Sat Dec 20 2014,Rayo Vallecano,RCD Espanyol,1,3,La Liga,2014-15
Sun Dec 21 2014,Villarreal CF,RCD La Coruña,3,0,La Liga,2014-15
Sun Dec 21 2014,Granada CF,Getafe CF,1,1,La Liga,2014-15
Sun Dec 21 2014,Elche CF,Málaga CF,1,2,La Liga,2014-15
Sun Dec 21 2014,Athletic Club Bilbao,Atlético Madrid,1,4,La Liga,2014-15
Sat Jan 3 2015,Atlético Madrid,Levante UD,3,1,La Liga,2014-15
Sat Jan 3 2015,Sevilla FC,RC Celta Vigo,1,0,La Liga,2014-15
Sat Jan 3 2015,Elche CF,Villarreal CF,2,2,La Liga,2014-15
Sat Jan 3 2015,RCD La Coruña,Athletic Club Bilbao,1,0,La Liga,2014-15
Sat Jan 3 2015,Málaga CF,UD Almería,1,2,La Liga,2014-15
Sun Jan 4 2015,Getafe CF,Rayo Vallecano,1,2,La Liga,2014-15
Sun Jan 4 2015,Valencia CF,Real Madrid,2,1,La Liga,2014-15
Sun Jan 4 2015,RCD Espanyol,SD Eibar,1,2,La Liga,2014-15
Sun Jan 4 2015,Real Sociedad,FC Barcelona,1,0,La Liga,2014-15
Mon Jan 5 2015,Córdoba CF,Granada CF,2,0,La Liga,2014-15
Fri Jan 9 2015,Levante UD,RCD La Coruña,0,0,La Liga,2014-15
Sat Jan 10 2015,Real Madrid,RCD Espanyol,3,0,La Liga,2014-15
Sat Jan 10 2015,Málaga CF,Villarreal CF,1,1,La Liga,2014-15
Sat Jan 10 2015,RC Celta Vigo,Valencia CF,1,1,La Liga,2014-15
Sat Jan 10 2015,SD Eibar,Getafe CF,2,1,La Liga,2014-15
Sun Jan 11 2015,UD Almería,Sevilla FC,0,2,La Liga,2014-15
Sun Jan 11 2015,Athletic Club Bilbao,Elche CF,1,2,La Liga,2014-15
Sun Jan 11 2015,Granada CF,Real Sociedad,1,1,La Liga,2014-15
Sun Jan 11 2015,FC Barcelona,Atlético Madrid,3,1,La Liga,2014-15
Mon Jan 12 2015,Rayo Vallecano,Córdoba CF,0,1,La Liga,2014-15
Fri Jan 16 2015,Córdoba CF,SD Eibar,1,1,La Liga,2014-15
Sat Jan 17 2015,Real Sociedad,Rayo Vallecano,0,1,La Liga,2014-15
Sat Jan 17 2015,Valencia CF,UD Almería,3,2,La Liga,2014-15
Sat Jan 17 2015,Villarreal CF,Athletic Club Bilbao,2,0,La Liga,2014-15
Sat Jan 17 2015,RCD Espanyol,RC Celta Vigo,1,0,La Liga,2014-15
Sun Jan 18 2015,Getafe CF,Real Madrid,0,3,La Liga,2014-15
Sun Jan 18 2015,Atlético Madrid,Granada CF,2,0,La Liga,2014-15
Sun Jan 18 2015,RCD La Coruña,FC Barcelona,0,4,La Liga,2014-15
Sun Jan 18 2015,Sevilla FC,Málaga CF,2,0,La Liga,2014-15
Sun Jan 18 2015,Elche CF,Levante UD,1,0,La Liga,2014-15
Sat Jan 24 2015,Córdoba CF,Real Madrid,1,2,La Liga,2014-15
Sat Jan 24 2015,Elche CF,FC Barcelona,0,6,La Liga,2014-15
Sat Jan 24 2015,Atlético Madrid,Rayo Vallecano,3,1,La Liga,2014-15
Sat Jan 24 2015,Real Sociedad,SD Eibar,1,0,La Liga,2014-15
Sat Jan 24 2015,Villarreal CF,Levante UD,1,0,La Liga,2014-15
Sun Jan 25 2015,RCD La Coruña,Granada CF,2,2,La Liga,2014-15
Sun Jan 25 2015,Athletic Club Bilbao,Málaga CF,1,1,La Liga,2014-15
Sun Jan 25 2015,RCD Espanyol,UD Almería,3,0,La Liga,2014-15
Sun Jan 25 2015,Valencia CF,Sevilla FC,3,1,La Liga,2014-15
Mon Jan 26 2015,Getafe CF,RC Celta Vigo,2,1,La Liga,2014-15
Fri Jan 30 2015,Rayo Vallecano,RCD La Coruña,1,2,La Liga,2014-15
Sat Jan 31 2015,Real Madrid,Real Sociedad,4,1,La Liga,2014-15
Sat Jan 31 2015,SD Eibar,Atlético Madrid,1,3,La Liga,2014-15
Sat Jan 31 2015,Granada CF,Elche CF,1,0,La Liga,2014-15
Sat Jan 31 2015,RC Celta Vigo,Córdoba CF,1,0,La Liga,2014-15
Sun Feb 1 2015,Levante UD,Athletic Club Bilbao,0,2,La Liga,2014-15
Sun Feb 1 2015,UD Almería,Getafe CF,1,0,La Liga,2014-15
Sun Feb 1 2015,Sevilla FC,RCD Espanyol,3,2,La Liga,2014-15
Sun Feb 1 2015,FC Barcelona,Villarreal CF,3,2,La Liga,2014-15
Mon Feb 2 2015,Málaga CF,Valencia CF,1,0,La Liga,2014-15
Wed Feb 4 2015,Real Madrid,Sevilla FC,2,1,La Liga,2014-15
Fri Feb 6 2015,RCD La Coruña,SD Eibar,2,0,La Liga,2014-15
Sat Feb 7 2015,Atlético Madrid,Real Madrid,4,0,La Liga,2014-15
Sat Feb 7 2015,Villarreal CF,Granada CF,2,0,La Liga,2014-15
Sat Feb 7 2015,Levante UD,Málaga CF,4,1,La Liga,2014-15
Sat Feb 7 2015,Real Sociedad,RC Celta Vigo,1,1,La Liga,2014-15
Sun Feb 8 2015,Córdoba CF,UD Almería,1,2,La Liga,2014-15
Sun Feb 8 2015,Getafe CF,Sevilla FC,2,1,La Liga,2014-15
Sun Feb 8 2015,RCD Espanyol,Valencia CF,1,2,La Liga,2014-15
Sun Feb 8 2015,Athletic Club Bilbao,FC Barcelona,2,5,La Liga,2014-15
Mon Feb 9 2015,Elche CF,Rayo Vallecano,2,0,La Liga,2014-15
Fri Feb 13 2015,UD Almería,Real Sociedad,2,2,La Liga,2014-15
Sat Feb 14 2015,Sevilla FC,Córdoba CF,3,0,La Liga,2014-15
Sat Feb 14 2015,Real Madrid,RCD La Coruña,2,0,La Liga,2014-15
Sat Feb 14 2015,Granada CF,Athletic Club Bilbao,0,0,La Liga,2014-15
Sat Feb 14 2015,Málaga CF,RCD Espanyol,0,2,La Liga,2014-15
Sun Feb 15 2015,Valencia CF,Getafe CF,1,0,La Liga,2014-15
Sun Feb 15 2015,FC Barcelona,Levante UD,5,0,La Liga,2014-15
Sun Feb 15 2015,Rayo Vallecano,Villarreal CF,2,0,La Liga,2014-15
Sun Feb 15 2015,RC Celta Vigo,Atlético Madrid,2,0,La Liga,2014-15
Mon Feb 16 2015,SD Eibar,Elche CF,0,1,La Liga,2014-15
Fri Feb 20 2015,Getafe CF,RCD Espanyol,2,1,La Liga,2014-15
Sat Feb 21 2015,FC Barcelona,Málaga CF,0,1,La Liga,2014-15
Sat Feb 21 2015,Córdoba CF,Valencia CF,1,2,La Liga,2014-15
Sat Feb 21 2015,Atlético Madrid,UD Almería,3,0,La Liga,2014-15
Sat Feb 21 2015,RCD La Coruña,RC Celta Vigo,0,2,La Liga,2014-15
Sun Feb 22 2015,Real Sociedad,Sevilla FC,4,3,La Liga,2014-15
Sun Feb 22 2015,Athletic Club Bilbao,Rayo Vallecano,1,0,La Liga,2014-15
Sun Feb 22 2015,Villarreal CF,SD Eibar,1,0,La Liga,2014-15
Sun Feb 22 2015,Elche CF,Real Madrid,0,2,La Liga,2014-15
Mon Feb 23 2015,Levante UD,Granada CF,2,1,La Liga,2014-15
Fri Feb 27 2015,RCD Espanyol,Córdoba CF,1,0,La Liga,2014-15
Sat Feb 28 2015,Granada CF,FC Barcelona,1,3,La Liga,2014-15
Sat Feb 28 2015,Rayo Vallecano,Levante UD,4,2,La Liga,2014-15
Sat Feb 28 2015,UD Almería,RCD La Coruña,0,0,La Liga,2014-15
Sat Feb 28 2015,Málaga CF,Getafe CF,3,2,La Liga,2014-15
Sun Mar 1 2015,Valencia CF,Real Sociedad,2,0,La Liga,2014-15
Sun Mar 1 2015,SD Eibar,Athletic Club Bilbao,0,1,La Liga,2014-15
Sun Mar 1 2015,Sevilla FC,Atlético Madrid,0,0,La Liga,2014-15
Sun Mar 1 2015,Real Madrid,Villarreal CF,1,1,La Liga,2014-15
Mon Mar 2 2015,RC Celta Vigo,Elche CF,1,1,La Liga,2014-15
Fri Mar 6 2015,Levante UD,SD Eibar,2,1,La Liga,2014-15
Sat Mar 7 2015,RCD La Coruña,Sevilla FC,3,4,La Liga,2014-15
Sat Mar 7 2015,Athletic Club Bilbao,Real Madrid,1,0,La Liga,2014-15
Sat Mar 7 2015,Elche CF,UD Almería,1,0,La Liga,2014-15
Sat Mar 7 2015,Granada CF,Málaga CF,1,0,La Liga,2014-15
Sun Mar 8 2015,FC Barcelona,Rayo Vallecano,6,1,La Liga,2014-15
Sun Mar 8 2015,Real Sociedad,RCD Espanyol,1,0,La Liga,2014-15
Sun Mar 8 2015,Villarreal CF,RC Celta Vigo,4,1,La Liga,2014-15
Sun Mar 8 2015,Atlético Madrid,Valencia CF,1,1,La Liga,2014-15
Mon Mar 9 2015,Córdoba CF,Getafe CF,1,2,La Liga,2014-15
Fri Mar 13 2015,Valencia CF,RCD La Coruña,2,0,La Liga,2014-15
Sat Mar 14 2015,RCD Espanyol,Atlético Madrid,0,0,La Liga,2014-15
Sat Mar 14 2015,SD Eibar,FC Barcelona,0,2,La Liga,2014-15
Sat Mar 14 2015,Rayo Vallecano,Granada CF,3,1,La Liga,2014-15
Sat Mar 14 2015,RC Celta Vigo,Athletic Club Bilbao,1,2,La Liga,2014-15
Sun Mar 15 2015,UD Almería,Villarreal CF,0,0,La Liga,2014-15
Sun Mar 15 2015,Málaga CF,Córdoba CF,2,0,La Liga,2014-15
Sun Mar 15 2015,Sevilla FC,Elche CF,3,0,La Liga,2014-15
Sun Mar 15 2015,Real Madrid,Levante UD,2,0,La Liga,2014-15
Mon Mar 16 2015,Getafe CF,Real Sociedad,0,1,La Liga,2014-15
Fri Mar 20 2015,Elche CF,Valencia CF,0,4,La Liga,2014-15
Sat Mar 21 2015,Atlético Madrid,Getafe CF,2,0,La Liga,2014-15
Sat Mar 21 2015,Rayo Vallecano,Málaga CF,1,0,La Liga,2014-15
Sat Mar 21 2015,Levante UD,RC Celta Vigo,0,1,La Liga,2014-15
Sat Mar 21 2015,Athletic Club Bilbao,UD Almería,2,1,La Liga,2014-15
Sat Mar 21 2015,Granada CF,SD Eibar,0,0,La Liga,2014-15
Sun Mar 22 2015,RCD La Coruña,RCD Espanyol,0,0,La Liga,2014-15
Sun Mar 22 2015,Villarreal CF,Sevilla FC,0,2,La Liga,2014-15
Sun Mar 22 2015,Real Sociedad,Córdoba CF,3,1,La Liga,2014-15
Sun Mar 22 2015,FC Barcelona,Real Madrid,2,1,La Liga,2014-15
Fri Apr 3 2015,SD Eibar,Rayo Vallecano,1,2,La Liga,2014-15
Sat Apr 4 2015,Sevilla FC,Athletic Club Bilbao,2,0,La Liga,2014-15
Sat Apr 4 2015,Córdoba CF,Atlético Madrid,0,2,La Liga,2014-15
Sat Apr 4 2015,UD Almería,Levante UD,1,4,La Liga,2014-15
Sat Apr 4 2015,Málaga CF,Real Sociedad,1,1,La Liga,2014-15
Sun Apr 5 2015,Real Madrid,Granada CF,9,1,La Liga,2014-15
Sun Apr 5 2015,Valencia CF,Villarreal CF,0,0,La Liga,2014-15
Sun Apr 5 2015,Getafe CF,RCD La Coruña,2,1,La Liga,2014-15
Sun Apr 5 2015,RC Celta Vigo,FC Barcelona,0,1,La Liga,2014-15
Mon Apr 6 2015,RCD Espanyol,Elche CF,1,1,La Liga,2014-15
Tue Apr 7 2015,Atlético Madrid,Real Sociedad,2,0,La Liga,2014-15
Tue Apr 7 2015,Levante UD,Sevilla FC,1,2,La Liga,2014-15
Tue Apr 7 2015,SD Eibar,Málaga CF,1,0,La Liga,2014-15
Wed Apr 8 2015,RCD La Coruña,Córdoba CF,1,1,La Liga,2014-15
Wed Apr 8 2015,FC Barcelona,UD Almería,4,0,La Liga,2014-15
Wed Apr 8 2015,Rayo Vallecano,Real Madrid,0,2,La Liga,2014-15
Wed Apr 8 2015,Granada CF,RC Celta Vigo,1,1,La Liga,2014-15
Thu Apr 9 2015,Athletic Club Bilbao,Valencia CF,1,1,La Liga,2014-15
Thu Apr 9 2015,Elche CF,Getafe CF,0,1,La Liga,2014-15
Thu Apr 9 2015,Villarreal CF,RCD Espanyol,0,3,La Liga,2014-15
Sat Apr 11 2015,Real Madrid,SD Eibar,3,0,La Liga,2014-15
Sat Apr 11 2015,Málaga CF,Atlético Madrid,2,2,La Liga,2014-15
Sat Apr 11 2015,Sevilla FC,FC Barcelona,2,2,La Liga,2014-15
Sat Apr 11 2015,RC Celta Vigo,Rayo Vallecano,6,1,La Liga,2014-15
Sat Apr 11 2015,UD Almería,Granada CF,3,0,La Liga,2014-15
Sun Apr 12 2015,Getafe CF,Villarreal CF,1,1,La Liga,2014-15
Sun Apr 12 2015,RCD Espanyol,Athletic Club Bilbao,1,0,La Liga,2014-15
Sun Apr 12 2015,Real Sociedad,RCD La Coruña,2,2,La Liga,2014-15
Sun Apr 12 2015,Córdoba CF,Elche CF,0,2,La Liga,2014-15
Mon Apr 13 2015,Valencia CF,Levante UD,3,0,La Liga,2014-15
Fri Apr 17 2015,Levante UD,RCD Espanyol,2,2,La Liga,2014-15
Sat Apr 18 2015,FC Barcelona,Valencia CF,2,0,La Liga,2014-15
Sat Apr 18 2015,RCD La Coruña,Atlético Madrid,1,2,La Liga,2014-15
Sat Apr 18 2015,Real Madrid,Málaga CF,3,1,La Liga,2014-15
Sat Apr 18 2015,Athletic Club Bilbao,Getafe CF,4,0,La Liga,2014-15
Sun Apr 19 2015,Rayo Vallecano,UD Almería,2,0,La Liga,2014-15
Sun Apr 19 2015,Granada CF,Sevilla FC,1,1,La Liga,2014-15
Sun Apr 19 2015,Villarreal CF,Córdoba CF,0,0,La Liga,2014-15
Sun Apr 19 2015,SD Eibar,RC Celta Vigo,0,1,La Liga,2014-15
Mon Apr 20 2015,Elche CF,Real Sociedad,1,0,La Liga,2014-15
Fri Apr 24 2015,Córdoba CF,Athletic Club Bilbao,0,1,La Liga,2014-15
Sat Apr 25 2015,RCD Espanyol,FC Barcelona,0,2,La Liga,2014-15
Sat Apr 25 2015,Atlético Madrid,Elche CF,3,0,La Liga,2014-15
Sat Apr 25 2015,Getafe CF,Levante UD,0,1,La Liga,2014-15
Sat Apr 25 2015,Real Sociedad,Villarreal CF,0,0,La Liga,2014-15
Sun Apr 26 2015,Málaga CF,RCD La Coruña,1,1,La Liga,2014-15
Sun Apr 26 2015,UD Almería,SD Eibar,2,0,La Liga,2014-15
Sun Apr 26 2015,Sevilla FC,Rayo Vallecano,2,0,La Liga,2014-15
Sun Apr 26 2015,RC Celta Vigo,Real Madrid,2,4,La Liga,2014-15
Mon Apr 27 2015,Valencia CF,Granada CF,4,0,La Liga,2014-15
Tue Apr 28 2015,FC Barcelona,Getafe CF,6,0,La Liga,2014-15
Tue Apr 28 2015,Levante UD,Córdoba CF,1,0,La Liga,2014-15
Tue Apr 28 2015,Athletic Club Bilbao,Real Sociedad,1,1,La Liga,2014-15
Wed Apr 29 2015,SD Eibar,Sevilla FC,1,3,La Liga,2014-15
Wed Apr 29 2015,Real Madrid,UD Almería,3,0,La Liga,2014-15
Wed Apr 29 2015,RC Celta Vigo,Málaga CF,1,0,La Liga,2014-15
Wed Apr 29 2015,Elche CF,RCD La Coruña,4,0,La Liga,2014-15
Wed Apr 29 2015,Villarreal CF,Atlético Madrid,0,1,La Liga,2014-15
Thu Apr 30 2015,Rayo Vallecano,Valencia CF,1,1,La Liga,2014-15
Thu Apr 30 2015,Granada CF,RCD Espanyol,1,2,La Liga,2014-15
Fri May 1 2015,Real Sociedad,Levante UD,3,0,La Liga,2014-15
Sat May 2 2015,Córdoba CF,FC Barcelona,0,8,La Liga,2014-15
Sat May 2 2015,Atlético Madrid,Athletic Club Bilbao,0,0,La Liga,2014-15
Sat May 2 2015,Sevilla FC,Real Madrid,2,3,La Liga,2014-15
Sat May 2 2015,RCD La Coruña,Villarreal CF,1,1,La Liga,2014-15
Sun May 3 2015,RCD Espanyol,Rayo Vallecano,1,1,La Liga,2014-15
Sun May 3 2015,Getafe CF,Granada CF,1,2,La Liga,2014-15
Sun May 3 2015,Valencia CF,SD Eibar,3,1,La Liga,2014-15
Sun May 3 2015,Málaga CF,Elche CF,1,2,La Liga,2014-15
Mon May 4 2015,UD Almería,RC Celta Vigo,2,2,La Liga,2014-15
Fri May 8 2015,SD Eibar,RCD Espanyol,0,2,La Liga,2014-15
Sat May 9 2015,Granada CF,Córdoba CF,2,0,La Liga,2014-15
Sat May 9 2015,FC Barcelona,Real Sociedad,2,0,La Liga,2014-15
Sat May 9 2015,Real Madrid,Valencia CF,2,2,La Liga,2014-15
Sat May 9 2015,Athletic Club Bilbao,RCD La Coruña,1,1,La Liga,2014-15
Sun May 10 2015,Levante UD,Atlético Madrid,2,2,La Liga,2014-15
Sun May 10 2015,Villarreal CF,Elche CF,1,0,La Liga,2014-15
Sun May 10 2015,UD Almería,Málaga CF,1,2,La Liga,2014-15
Sun May 10 2015,RC Celta Vigo,Sevilla FC,1,1,La Liga,2014-15
Mon May 11 2015,Rayo Vallecano,Getafe CF,2,0,La Liga,2014-15
Sun May 17 2015,Getafe CF,SD Eibar,1,1,La Liga,2014-15
Sun May 17 2015,Atlético Madrid,FC Barcelona,0,1,La Liga,2014-15
Sun May 17 2015,Valencia CF,RC Celta Vigo,1,1,La Liga,2014-15
Sun May 17 2015,Córdoba CF,Rayo Vallecano,1,2,La Liga,2014-15
Sun May 17 2015,Real Sociedad,Granada CF,0,3,La Liga,2014-15
Sun May 17 2015,RCD Espanyol,Real Madrid,1,4,La Liga,2014-15
Sun May 17 2015,Sevilla FC,UD Almería,2,1,La Liga,2014-15
Sun May 17 2015,RCD La Coruña,Levante UD,2,0,La Liga,2014-15
Sun May 17 2015,Villarreal CF,Málaga CF,2,1,La Liga,2014-15
Sun May 17 2015,Elche CF,Athletic Club Bilbao,2,3,La Liga,2014-15
Sat May 23 2015,Levante UD,Elche CF,0,0,La Liga,2014-15
Sat May 23 2015,Athletic Club Bilbao,Villarreal CF,4,0,La Liga,2014-15
Sat May 23 2015,Málaga CF,Sevilla FC,2,3,La Liga,2014-15
Sat May 23 2015,FC Barcelona,RCD La Coruña,2,2,La Liga,2014-15
Sat May 23 2015,SD Eibar,Córdoba CF,3,0,La Liga,2014-15
Sat May 23 2015,RC Celta Vigo,RCD Espanyol,3,2,La Liga,2014-15
Sat May 23 2015,UD Almería,Valencia CF,2,3,La Liga,2014-15
Sat May 23 2015,Granada CF,Atlético Madrid,0,0,La Liga,2014-15
Sat May 23 2015,Rayo Vallecano,Real Sociedad,2,4,La Liga,2014-15
Sat May 23 2015,Real Madrid,Getafe CF,7,3,La Liga,2014-15
Fri Aug 21 2015,Málaga CF,Sevilla FC,0,0,La Liga,2015-16
Sat Aug 22 2015,RCD La Coruña,Real Sociedad,0,0,La Liga,2015-16
Sat Aug 22 2015,RCD Espanyol,Getafe CF,1,0,La Liga,2015-16
Sat Aug 22 2015,Atlético Madrid,UD Las Palmas,1,0,La Liga,2015-16
Sat Aug 22 2015,Rayo Vallecano,Valencia CF,0,0,La Liga,2015-16
Sun Aug 23 2015,Athletic Club Bilbao,FC Barcelona,0,1,La Liga,2015-16
Sun Aug 23 2015,Sporting Gijón,Real Madrid,0,0,La Liga,2015-16
Sun Aug 23 2015,Levante UD,RC Celta Vigo,1,2,La Liga,2015-16
Sun Aug 23 2015,Real Betis,Villarreal CF,1,1,La Liga,2015-16
Mon Aug 24 2015,Granada CF,SD Eibar,1,3,La Liga,2015-16
Fri Aug 28 2015,Villarreal CF,RCD Espanyol,3,1,La Liga,2015-16
Sat Aug 29 2015,Real Sociedad,Sporting Gijón,0,0,La Liga,2015-16
Sat Aug 29 2015,FC Barcelona,Málaga CF,1,0,La Liga,2015-16
Sat Aug 29 2015,RC Celta Vigo,Rayo Vallecano,3,0,La Liga,2015-16
Sat Aug 29 2015,Real Madrid,Real Betis,5,0,La Liga,2015-16
Sun Aug 30 2015,SD Eibar,Athletic Club Bilbao,2,0,La Liga,2015-16
Sun Aug 30 2015,Valencia CF,RCD La Coruña,1,1,La Liga,2015-16
Sun Aug 30 2015,Sevilla FC,Atlético Madrid,0,3,La Liga,2015-16
Sun Aug 30 2015,UD Las Palmas,Levante UD,0,0,La Liga,2015-16
Sun Aug 30 2015,Getafe CF,Granada CF,1,2,La Liga,2015-16
Fri Sep 11 2015,Levante UD,Sevilla FC,1,1,La Liga,2015-16
Sat Sep 12 2015,RCD Espanyol,Real Madrid,0,6,La Liga,2015-16
Sat Sep 12 2015,Sporting Gijón,Valencia CF,0,1,La Liga,2015-16
Sat Sep 12 2015,Atlético Madrid,FC Barcelona,1,2,La Liga,2015-16
Sat Sep 12 2015,Real Betis,Real Sociedad,1,0,La Liga,2015-16
Sun Sep 13 2015,Granada CF,Villarreal CF,1,3,La Liga,2015-16
Sun Sep 13 2015,Athletic Club Bilbao,Getafe CF,3,1,La Liga,2015-16
Sun Sep 13 2015,RC Celta Vigo,UD Las Palmas,3,3,La Liga,2015-16
Sun Sep 13 2015,Málaga CF,SD Eibar,0,0,La Liga,2015-16
Mon Sep 14 2015,Rayo Vallecano,RCD La Coruña,1,3,La Liga,2015-16
Fri Sep 18 2015,Getafe CF,Málaga CF,1,0,La Liga,2015-16
Sat Sep 19 2015,Real Madrid,Granada CF,1,0,La Liga,2015-16
Sat Sep 19 2015,Valencia CF,Real Betis,0,0,La Liga,2015-16
Sat Sep 19 2015,SD Eibar,Atlético Madrid,0,2,La Liga,2015-16
Sat Sep 19 2015,Real Sociedad,RCD Espanyol,2,3,La Liga,2015-16
Sun Sep 20 2015,Sevilla FC,RC Celta Vigo,1,2,La Liga,2015-16
Sun Sep 20 2015,RCD La Coruña,Sporting Gijón,2,3,La Liga,2015-16
Sun Sep 20 2015,Villarreal CF,Athletic Club Bilbao,3,1,La Liga,2015-16
Sun Sep 20 2015,UD Las Palmas,Rayo Vallecano,0,1,La Liga,2015-16
Sun Sep 20 2015,FC Barcelona,Levante UD,4,1,La Liga,2015-16
Tue Sep 22 2015,RCD Espanyol,Valencia CF,1,0,La Liga,2015-16
Tue Sep 22 2015,Atlético Madrid,Getafe CF,2,0,La Liga,2015-16
Tue Sep 22 2015,Granada CF,Real Sociedad,0,3,La Liga,2015-16
Wed Sep 23 2015,Rayo Vallecano,Sporting Gijón,2,1,La Liga,2015-16
Wed Sep 23 2015,RC Celta Vigo,FC Barcelona,4,1,La Liga,2015-16
Wed Sep 23 2015,Levante UD,SD Eibar,2,2,La Liga,2015-16
Wed Sep 23 2015,Athletic Club Bilbao,Real Madrid,1,2,La Liga,2015-16
Wed Sep 23 2015,UD Las Palmas,Sevilla FC,2,0,La Liga,2015-16
Wed Sep 23 2015,Málaga CF,Villarreal CF,0,1,La Liga,2015-16
Thu Sep 24 2015,Real Betis,RCD La Coruña,1,2,La Liga,2015-16
Fri Sep 25 2015,Valencia CF,Granada CF,1,0,La Liga,2015-16
Sat Sep 26 2015,FC Barcelona,UD Las Palmas,2,1,La Liga,2015-16
Sat Sep 26 2015,Real Madrid,Málaga CF,0,0,La Liga,2015-16
Sat Sep 26 2015,Villarreal CF,Atlético Madrid,1,0,La Liga,2015-16
Sat Sep 26 2015,Sevilla FC,Rayo Vallecano,3,2,La Liga,2015-16
Sat Sep 26 2015,SD Eibar,RC Celta Vigo,1,1,La Liga,2015-16
Sun Sep 27 2015,Sporting Gijón,Real Betis,1,2,La Liga,2015-16
Sun Sep 27 2015,RCD La Coruña,RCD Espanyol,3,0,La Liga,2015-16
Sun Sep 27 2015,Getafe CF,Levante UD,3,0,La Liga,2015-16
Sun Sep 27 2015,Real Sociedad,Athletic Club Bilbao,0,0,La Liga,2015-16
Fri Oct 2 2015,RC Celta Vigo,Getafe CF,0,0,La Liga,2015-16
Sat Oct 3 2015,Sevilla FC,FC Barcelona,2,1,La Liga,2015-16
Sat Oct 3 2015,Granada CF,RCD La Coruña,1,1,La Liga,2015-16
Sat Oct 3 2015,RCD Espanyol,Sporting Gijón,1,2,La Liga,2015-16
Sat Oct 3 2015,UD Las Palmas,SD Eibar,0,2,La Liga,2015-16
Sat Oct 3 2015,Málaga CF,Real Sociedad,3,1,La Liga,2015-16
Sun Oct 4 2015,Rayo Vallecano,Real Betis,0,2,La Liga,2015-16
Sun Oct 4 2015,Athletic Club Bilbao,Valencia CF,3,1,La Liga,2015-16
Sun Oct 4 2015,Levante UD,Villarreal CF,1,0,La Liga,2015-16
Sun Oct 4 2015,Atlético Madrid,Real Madrid,1,1,La Liga,2015-16
Sat Oct 17 2015,Real Madrid,Levante UD,3,0,La Liga,2015-16
Sat Oct 17 2015,SD Eibar,Sevilla FC,1,1,La Liga,2015-16
Sat Oct 17 2015,FC Barcelona,Rayo Vallecano,5,2,La Liga,2015-16
Sat Oct 17 2015,Valencia CF,Málaga CF,3,0,La Liga,2015-16
Sat Oct 17 2015,Real Betis,RCD Espanyol,1,3,La Liga,2015-16
Sun Oct 18 2015,Villarreal CF,RC Celta Vigo,1,2,La Liga,2015-16
Sun Oct 18 2015,Real Sociedad,Atlético Madrid,0,2,La Liga,2015-16
Sun Oct 18 2015,Getafe CF,UD Las Palmas,4,0,La Liga,2015-16
Sun Oct 18 2015,RCD La Coruña,Athletic Club Bilbao,2,2,La Liga,2015-16
Mon Oct 19 2015,Sporting Gijón,Granada CF,3,3,La Liga,2015-16
Fri Oct 23 2015,Rayo Vallecano,RCD Espanyol,3,0,La Liga,2015-16
Sat Oct 24 2015,RC Celta Vigo,Real Madrid,1,3,La Liga,2015-16
Sat Oct 24 2015,Granada CF,Real Betis,1,1,La Liga,2015-16
Sat Oct 24 2015,Sevilla FC,Getafe CF,5,0,La Liga,2015-16
Sat Oct 24 2015,Málaga CF,RCD La Coruña,2,0,La Liga,2015-16
Sun Oct 25 2015,Levante UD,Real Sociedad,0,4,La Liga,2015-16
Sun Oct 25 2015,UD Las Palmas,Villarreal CF,0,0,La Liga,2015-16
Sun Oct 25 2015,FC Barcelona,SD Eibar,3,1,La Liga,2015-16
Sun Oct 25 2015,Atlético Madrid,Valencia CF,2,1,La Liga,2015-16
Mon Oct 26 2015,Athletic Club Bilbao,Sporting Gijón,3,0,La Liga,2015-16
Fri Oct 30 2015,RCD La Coruña,Atlético Madrid,1,1,La Liga,2015-16
Sat Oct 31 2015,Real Madrid,UD Las Palmas,3,1,La Liga,2015-16
Sat Oct 31 2015,Villarreal CF,Sevilla FC,2,1,La Liga,2015-16
Sat Oct 31 2015,Valencia CF,Levante UD,3,0,La Liga,2015-16
Sat Oct 31 2015,Getafe CF,FC Barcelona,0,2,La Liga,2015-16
Sat Oct 31 2015,Real Sociedad,RC Celta Vigo,2,3,La Liga,2015-16
Sun Nov 1 2015,SD Eibar,Rayo Vallecano,1,0,La Liga,2015-16
Sun Nov 1 2015,RCD Espanyol,Granada CF,1,1,La Liga,2015-16
Sun Nov 1 2015,Sporting Gijón,Málaga CF,1,0,La Liga,2015-16
Sun Nov 1 2015,Real Betis,Athletic Club Bilbao,1,3,La Liga,2015-16
Fri Nov 6 2015,UD Las Palmas,Real Sociedad,2,0,La Liga,2015-16
Sat Nov 7 2015,RC Celta Vigo,Valencia CF,1,5,La Liga,2015-16
Sat Nov 7 2015,Levante UD,RCD La Coruña,1,1,La Liga,2015-16
Sat Nov 7 2015,SD Eibar,Getafe CF,3,1,La Liga,2015-16
Sat Nov 7 2015,Rayo Vallecano,Granada CF,2,1,La Liga,2015-16
Sat Nov 7 2015,Málaga CF,Real Betis,0,1,La Liga,2015-16
Sun Nov 8 2015,Athletic Club Bilbao,RCD Espanyol,2,1,La Liga,2015-16
Sun Nov 8 2015,FC Barcelona,Villarreal CF,3,0,La Liga,2015-16
Sun Nov 8 2015,Atlético Madrid,Sporting Gijón,1,0,La Liga,2015-16
Sun Nov 8 2015,Sevilla FC,Real Madrid,3,2,La Liga,2015-16
Sat Nov 21 2015,Real Sociedad,Sevilla FC,2,0,La Liga,2015-16
Sat Nov 21 2015,Real Madrid,FC Barcelona,0,4,La Liga,2015-16
Sat Nov 21 2015,RCD Espanyol,Málaga CF,2,0,La Liga,2015-16
Sat Nov 21 2015,Valencia CF,UD Las Palmas,1,1,La Liga,2015-16
Sat Nov 21 2015,RCD La Coruña,RC Celta Vigo,2,0,La Liga,2015-16
Sun Nov 22 2015,Sporting Gijón,Levante UD,0,3,La Liga,2015-16
Sun Nov 22 2015,Villarreal CF,SD Eibar,1,1,La Liga,2015-16
Sun Nov 22 2015,Granada CF,Athletic Club Bilbao,2,0,La Liga,2015-16
Sun Nov 22 2015,Real Betis,Atlético Madrid,0,1,La Liga,2015-16
Mon Nov 23 2015,Getafe CF,Rayo Vallecano,1,1,La Liga,2015-16
Fri Nov 27 2015,Levante UD,Real Betis,0,1,La Liga,2015-16
Sat Nov 28 2015,FC Barcelona,Real Sociedad,4,0,La Liga,2015-16
Sat Nov 28 2015,Atlético Madrid,RCD Espanyol,1,0,La Liga,2015-16
Sat Nov 28 2015,Málaga CF,Granada CF,2,2,La Liga,2015-16
Sat Nov 28 2015,UD Las Palmas,RCD La Coruña,0,2,La Liga,2015-16
Sat Nov 28 2015,RC Celta Vigo,Sporting Gijón,2,1,La Liga,2015-16
Sun Nov 29 2015,Getafe CF,Villarreal CF,2,0,La Liga,2015-16
Sun Nov 29 2015,SD Eibar,Real Madrid,0,2,La Liga,2015-16
Sun Nov 29 2015,Rayo Vallecano,Athletic Club Bilbao,0,3,La Liga,2015-16
Sun Nov 29 2015,Sevilla FC,Valencia CF,1,0,La Liga,2015-16
Sat Dec 5 2015,Real Madrid,Getafe CF,4,1,La Liga,2015-16
Sat Dec 5 2015,Granada CF,Atlético Madrid,0,2,La Liga,2015-16
Sat Dec 5 2015,Valencia CF,FC Barcelona,1,1,La Liga,2015-16
Sat Dec 5 2015,RCD La Coruña,Sevilla FC,1,1,La Liga,2015-16
Sat Dec 5 2015,Real Betis,RC Celta Vigo,1,1,La Liga,2015-16
Sun Dec 6 2015,Real Sociedad,SD Eibar,2,1,La Liga,2015-16
Sun Dec 6 2015,Villarreal CF,Rayo Vallecano,2,1,La Liga,2015-16
Sun Dec 6 2015,Sporting Gijón,UD Las Palmas,3,1,La Liga,2015-16
Sun Dec 6 2015,Athletic Club Bilbao,Málaga CF,0,0,La Liga,2015-16
Mon Dec 7 2015,RCD Espanyol,Levante UD,1,1,La Liga,2015-16
Fri Dec 11 2015,Getafe CF,Real Sociedad,1,1,La Liga,2015-16
Sat Dec 12 2015,FC Barcelona,RCD La Coruña,2,2,La Liga,2015-16
Sat Dec 12 2015,Levante UD,Granada CF,1,2,La Liga,2015-16
Sat Dec 12 2015,RC Celta Vigo,RCD Espanyol,1,0,La Liga,2015-16
Sat Dec 12 2015,Sevilla FC,Sporting Gijón,2,0,La Liga,2015-16
Sat Dec 12 2015,UD Las Palmas,Real Betis,1,0,La Liga,2015-16
Sun Dec 13 2015,Rayo Vallecano,Málaga CF,1,2,La Liga,2015-16
Sun Dec 13 2015,SD Eibar,Valencia CF,1,1,La Liga,2015-16
Sun Dec 13 2015,Atlético Madrid,Athletic Club Bilbao,2,1,La Liga,2015-16
Sun Dec 13 2015,Villarreal CF,Real Madrid,1,0,La Liga,2015-16
Sat Dec 19 2015,Valencia CF,Getafe CF,2,2,La Liga,2015-16
Sat Dec 19 2015,RCD Espanyol,UD Las Palmas,1,0,La Liga,2015-16
Sat Dec 19 2015,Real Betis,Sevilla FC,0,0,La Liga,2015-16
Sat Dec 19 2015,RCD La Coruña,SD Eibar,2,0,La Liga,2015-16
Sun Dec 20 2015,Real Madrid,Rayo Vallecano,10,2,La Liga,2015-16
Sun Dec 20 2015,Athletic Club Bilbao,Levante UD,2,0,La Liga,2015-16
Sun Dec 20 2015,Real Sociedad,Villarreal CF,0,2,La Liga,2015-16
Sun Dec 20 2015,Granada CF,RC Celta Vigo,0,2,La Liga,2015-16
Sun Dec 20 2015,Málaga CF,Atlético Madrid,1,0,La Liga,2015-16
Wed Dec 30 2015,Real Madrid,Real Sociedad,3,1,La Liga,2015-16
Wed Dec 30 2015,Levante UD,Málaga CF,0,1,La Liga,2015-16
Wed Dec 30 2015,Sevilla FC,RCD Espanyol,2,0,La Liga,2015-16
Wed Dec 30 2015,Rayo Vallecano,Atlético Madrid,0,2,La Liga,2015-16
Wed Dec 30 2015,SD Eibar,Sporting Gijón,2,0,La Liga,2015-16
Wed Dec 30 2015,FC Barcelona,Real Betis,4,0,La Liga,2015-16
Wed Dec 30 2015,RC Celta Vigo,Athletic Club Bilbao,0,1,La Liga,2015-16
Wed Dec 30 2015,Getafe CF,RCD La Coruña,0,0,La Liga,2015-16
Wed Dec 30 2015,UD Las Palmas,Granada CF,4,1,La Liga,2015-16
Thu Dec 31 2015,Villarreal CF,Valencia CF,1,0,La Liga,2015-16
Sat Jan 2 2016,RCD Espanyol,FC Barcelona,0,0,La Liga,2015-16
Sat Jan 2 2016,Atlético Madrid,Levante UD,1,0,La Liga,2015-16
Sat Jan 2 2016,Málaga CF,RC Celta Vigo,2,0,La Liga,2015-16
Sun Jan 3 2016,Rayo Vallecano,Real Sociedad,2,2,La Liga,2015-16
Sun Jan 3 2016,Granada CF,Sevilla FC,2,1,La Liga,2015-16
Sun Jan 3 2016,Real Betis,SD Eibar,0,4,La Liga,2015-16
Sun Jan 3 2016,Athletic Club Bilbao,UD Las Palmas,2,2,La Liga,2015-16
Sun Jan 3 2016,RCD La Coruña,Villarreal CF,1,2,La Liga,2015-16
Sun Jan 3 2016,Valencia CF,Real Madrid,2,2,La Liga,2015-16
Mon Jan 4 2016,Sporting Gijón,Getafe CF,1,2,La Liga,2015-16
Sat Jan 9 2016,FC Barcelona,Granada CF,4,0,La Liga,2015-16
Sat Jan 9 2016,Getafe CF,Real Betis,1,0,La Liga,2015-16
Sat Jan 9 2016,Sevilla FC,Athletic Club Bilbao,2,0,La Liga,2015-16
Sat Jan 9 2016,Real Madrid,RCD La Coruña,5,0,La Liga,2015-16
Sat Jan 9 2016,Levante UD,Rayo Vallecano,2,1,La Liga,2015-16
Sun Jan 10 2016,Villarreal CF,Sporting Gijón,2,0,La Liga,2015-16
Sun Jan 10 2016,Real Sociedad,Valencia CF,2,0,La Liga,2015-16
Sun Jan 10 2016,UD Las Palmas,Málaga CF,1,1,La Liga,2015-16
Sun Jan 10 2016,SD Eibar,RCD Espanyol,2,1,La Liga,2015-16
Sun Jan 10 2016,RC Celta Vigo,Atlético Madrid,0,2,La Liga,2015-16
Sat Jan 16 2016,Sevilla FC,Málaga CF,2,1,La Liga,2015-16
Sat Jan 16 2016,RC Celta Vigo,Levante UD,4,3,La Liga,2015-16
Sat Jan 16 2016,Villarreal CF,Real Betis,0,0,La Liga,2015-16
Sat Jan 16 2016,Real Sociedad,RCD La Coruña,1,1,La Liga,2015-16
Sun Jan 17 2016,Valencia CF,Rayo Vallecano,2,2,La Liga,2015-16
Sun Jan 17 2016,Real Madrid,Sporting Gijón,5,1,La Liga,2015-16
Sun Jan 17 2016,UD Las Palmas,Atlético Madrid,0,3,La Liga,2015-16
Sun Jan 17 2016,Getafe CF,RCD Espanyol,3,1,La Liga,2015-16
Sun Jan 17 2016,FC Barcelona,Athletic Club Bilbao,6,0,La Liga,2015-16
Mon Jan 18 2016,SD Eibar,Granada CF,5,1,La Liga,2015-16
Fri Jan 22 2016,Sporting Gijón,Real Sociedad,5,1,La Liga,2015-16
Sat Jan 23 2016,Málaga CF,FC Barcelona,1,2,La Liga,2015-16
Sat Jan 23 2016,RCD Espanyol,Villarreal CF,2,2,La Liga,2015-16
Sat Jan 23 2016,Granada CF,Getafe CF,3,2,La Liga,2015-16
Sat Jan 23 2016,Rayo Vallecano,RC Celta Vigo,3,0,La Liga,2015-16
Sun Jan 24 2016,Athletic Club Bilbao,SD Eibar,5,2,La Liga,2015-16
Sun Jan 24 2016,Atlético Madrid,Sevilla FC,0,0,La Liga,2015-16
Sun Jan 24 2016,RCD La Coruña,Valencia CF,1,1,La Liga,2015-16
Sun Jan 24 2016,Real Betis,Real Madrid,1,1,La Liga,2015-16
Mon Jan 25 2016,Levante UD,UD Las Palmas,3,2,La Liga,2015-16
Sat Jan 30 2016,FC Barcelona,Atlético Madrid,2,1,La Liga,2015-16
Sat Jan 30 2016,SD Eibar,Málaga CF,1,2,La Liga,2015-16
Sat Jan 30 2016,Getafe CF,Athletic Club Bilbao,0,1,La Liga,2015-16
Sat Jan 30 2016,Villarreal CF,Granada CF,1,0,La Liga,2015-16
Sat Jan 30 2016,Real Sociedad,Real Betis,2,1,La Liga,2015-16
Sun Jan 31 2016,Sevilla FC,Levante UD,3,1,La Liga,2015-16
Sun Jan 31 2016,Valencia CF,Sporting Gijón,0,1,La Liga,2015-16
Sun Jan 31 2016,UD Las Palmas,RC Celta Vigo,2,1,La Liga,2015-16
Sun Jan 31 2016,Real Madrid,RCD Espanyol,6,0,La Liga,2015-16
Mon Feb 1 2016,RCD La Coruña,Rayo Vallecano,2,2,La Liga,2015-16
Fri Feb 5 2016,Málaga CF,Getafe CF,3,0,La Liga,2015-16
Sat Feb 6 2016,Atlético Madrid,SD Eibar,3,1,La Liga,2015-16
Sat Feb 6 2016,Rayo Vallecano,UD Las Palmas,2,0,La Liga,2015-16
Sat Feb 6 2016,Athletic Club Bilbao,Villarreal CF,0,0,La Liga,2015-16
Sat Feb 6 2016,Sporting Gijón,RCD La Coruña,1,1,La Liga,2015-16
Sun Feb 7 2016,Levante UD,FC Barcelona,0,2,La Liga,2015-16
Sun Feb 7 2016,Real Betis,Valencia CF,1,0,La Liga,2015-16
Sun Feb 7 2016,RC Celta Vigo,Sevilla FC,1,1,La Liga,2015-16
Sun Feb 7 2016,Granada CF,Real Madrid,1,2,La Liga,2015-16
Mon Feb 8 2016,RCD Espanyol,Real Sociedad,0,5,La Liga,2015-16
Fri Feb 12 2016,Sporting Gijón,Rayo Vallecano,2,2,La Liga,2015-16
Sat Feb 13 2016,Real Madrid,Athletic Club Bilbao,4,2,La Liga,2015-16
Sat Feb 13 2016,Villarreal CF,Málaga CF,1,0,La Liga,2015-16
Sat Feb 13 2016,Valencia CF,RCD Espanyol,2,1,La Liga,2015-16
Sat Feb 13 2016,RCD La Coruña,Real Betis,2,2,La Liga,2015-16
Sun Feb 14 2016,Real Sociedad,Granada CF,3,0,La Liga,2015-16
Sun Feb 14 2016,Sevilla FC,UD Las Palmas,2,0,La Liga,2015-16
Sun Feb 14 2016,Getafe CF,Atlético Madrid,0,1,La Liga,2015-16
Sun Feb 14 2016,SD Eibar,Levante UD,2,0,La Liga,2015-16
Sun Feb 14 2016,FC Barcelona,RC Celta Vigo,6,1,La Liga,2015-16
Wed Feb 17 2016,Sporting Gijón,FC Barcelona,1,3,La Liga,2015-16
Fri Feb 19 2016,Levante UD,Getafe CF,3,0,La Liga,2015-16
Sat Feb 20 2016,UD Las Palmas,FC Barcelona,1,2,La Liga,2015-16
Sat Feb 20 2016,RCD Espanyol,RCD La Coruña,1,0,La Liga,2015-16
Sat Feb 20 2016,Real Betis,Sporting Gijón,1,1,La Liga,2015-16
Sat Feb 20 2016,RC Celta Vigo,SD Eibar,3,2,La Liga,2015-16
Sun Feb 21 2016,Rayo Vallecano,Sevilla FC,2,2,La Liga,2015-16
Sun Feb 21 2016,Málaga CF,Real Madrid,1,1,La Liga,2015-16
Sun Feb 21 2016,Granada CF,Valencia CF,1,2,La Liga,2015-16
Sun Feb 21 2016,Athletic Club Bilbao,Real Sociedad,0,1,La Liga,2015-16
Sun Feb 21 2016,Atlético Madrid,Villarreal CF,0,0,La Liga,2015-16
Fri Feb 26 2016,SD Eibar,UD Las Palmas,0,1,La Liga,2015-16
Sat Feb 27 2016,Real Madrid,Atlético Madrid,0,1,La Liga,2015-16
Sat Feb 27 2016,Getafe CF,RC Celta Vigo,0,1,La Liga,2015-16
Sat Feb 27 2016,Sporting Gijón,RCD Espanyol,2,4,La Liga,2015-16
Sat Feb 27 2016,Real Betis,Rayo Vallecano,2,2,La Liga,2015-16
Sat Feb 27 2016,Real Sociedad,Málaga CF,1,1,La Liga,2015-16
Sun Feb 28 2016,Villarreal CF,Levante UD,3,0,La Liga,2015-16
Sun Feb 28 2016,Valencia CF,Athletic Club Bilbao,0,3,La Liga,2015-16
Sun Feb 28 2016,RCD La Coruña,Granada CF,0,1,La Liga,2015-16
Sun Feb 28 2016,FC Barcelona,Sevilla FC,2,1,La Liga,2015-16
Tue Mar 1 2016,Atlético Madrid,Real Sociedad,3,0,La Liga,2015-16
Tue Mar 1 2016,UD Las Palmas,Getafe CF,4,0,La Liga,2015-16
Wed Mar 2 2016,RC Celta Vigo,Villarreal CF,0,0,La Liga,2015-16
Wed Mar 2 2016,Sevilla FC,SD Eibar,1,0,La Liga,2015-16
Wed Mar 2 2016,Athletic Club Bilbao,RCD La Coruña,4,1,La Liga,2015-16
Wed Mar 2 2016,Málaga CF,Valencia CF,1,2,La Liga,2015-16
Wed Mar 2 2016,Levante UD,Real Madrid,1,3,La Liga,2015-16
Thu Mar 3 2016,Granada CF,Sporting Gijón,2,0,La Liga,2015-16
Thu Mar 3 2016,RCD Espanyol,Real Betis,0,3,La Liga,2015-16
Thu Mar 3 2016,Rayo Vallecano,FC Barcelona,1,5,La Liga,2015-16
Sat Mar 5 2016,Real Madrid,RC Celta Vigo,7,1,La Liga,2015-16
Sat Mar 5 2016,Villarreal CF,UD Las Palmas,0,1,La Liga,2015-16
Sat Mar 5 2016,Getafe CF,Sevilla FC,1,1,La Liga,2015-16
Sat Mar 5 2016,RCD La Coruña,Málaga CF,3,3,La Liga,2015-16
Sun Mar 6 2016,Real Betis,Granada CF,2,0,La Liga,2015-16
Sun Mar 6 2016,SD Eibar,FC Barcelona,0,4,La Liga,2015-16
Sun Mar 6 2016,Real Sociedad,Levante UD,1,1,La Liga,2015-16
Sun Mar 6 2016,Sporting Gijón,Athletic Club Bilbao,0,2,La Liga,2015-16
Sun Mar 6 2016,Valencia CF,Atlético Madrid,1,3,La Liga,2015-16
Mon Mar 7 2016,RCD Espanyol,Rayo Vallecano,2,1,La Liga,2015-16
Fri Mar 11 2016,Málaga CF,Sporting Gijón,1,0,La Liga,2015-16
Sat Mar 12 2016,FC Barcelona,Getafe CF,6,0,La Liga,2015-16
Sat Mar 12 2016,RC Celta Vigo,Real Sociedad,1,0,La Liga,2015-16
Sat Mar 12 2016,Atlético Madrid,RCD La Coruña,3,0,La Liga,2015-16
Sat Mar 12 2016,Rayo Vallecano,SD Eibar,1,1,La Liga,2015-16
Sun Mar 13 2016,Levante UD,Valencia CF,1,0,La Liga,2015-16
Sun Mar 13 2016,Sevilla FC,Villarreal CF,4,2,La Liga,2015-16
Sun Mar 13 2016,Athletic Club Bilbao,Real Betis,3,1,La Liga,2015-16
Sun Mar 13 2016,UD Las Palmas,Real Madrid,1,2,La Liga,2015-16
Mon Mar 14 2016,Granada CF,RCD Espanyol,1,1,La Liga,2015-16
Fri Mar 18 2016,Getafe CF,SD Eibar,1,1,La Liga,2015-16
Sat Mar 19 2016,Sporting Gijón,Atlético Madrid,2,1,La Liga,2015-16
Sat Mar 19 2016,Granada CF,Rayo Vallecano,2,2,La Liga,2015-16
Sat Mar 19 2016,Real Sociedad,UD Las Palmas,0,1,La Liga,2015-16
Sat Mar 19 2016,RCD La Coruña,Levante UD,2,1,La Liga,2015-16
Sat Mar 19 2016,Real Betis,Málaga CF,0,1,La Liga,2015-16
Sun Mar 20 2016,RCD Espanyol,Athletic Club Bilbao,2,1,La Liga,2015-16
Sun Mar 20 2016,Villarreal CF,FC Barcelona,2,2,La Liga,2015-16
Sun Mar 20 2016,Valencia CF,RC Celta Vigo,0,2,La Liga,2015-16
Sun Mar 20 2016,Real Madrid,Sevilla FC,4,0,La Liga,2015-16
Fri Apr 1 2016,Rayo Vallecano,Getafe CF,2,0,La Liga,2015-16
Sat Apr 2 2016,Atlético Madrid,Real Betis,5,1,La Liga,2015-16
Sat Apr 2 2016,UD Las Palmas,Valencia CF,2,1,La Liga,2015-16
Sat Apr 2 2016,FC Barcelona,Real Madrid,1,2,La Liga,2015-16
Sat Apr 2 2016,RC Celta Vigo,RCD La Coruña,1,1,La Liga,2015-16
Sun Apr 3 2016,Athletic Club Bilbao,Granada CF,1,1,La Liga,2015-16
Sun Apr 3 2016,Málaga CF,RCD Espanyol,1,1,La Liga,2015-16
Sun Apr 3 2016,SD Eibar,Villarreal CF,1,2,La Liga,2015-16
Sun Apr 3 2016,Sevilla FC,Real Sociedad,1,2,La Liga,2015-16
Mon Apr 4 2016,Levante UD,Sporting Gijón,0,0,La Liga,2015-16
Fri Apr 8 2016,Granada CF,Málaga CF,0,0,La Liga,2015-16
Sat Apr 9 2016,Real Madrid,SD Eibar,4,0,La Liga,2015-16
Sat Apr 9 2016,RCD Espanyol,Atlético Madrid,1,3,La Liga,2015-16
Sat Apr 9 2016,Real Sociedad,FC Barcelona,1,0,La Liga,2015-16
Sat Apr 9 2016,Real Betis,Levante UD,1,0,La Liga,2015-16
Sun Apr 10 2016,Sporting Gijón,RC Celta Vigo,0,1,La Liga,2015-16
Sun Apr 10 2016,Valencia CF,Sevilla FC,2,1,La Liga,2015-16
Sun Apr 10 2016,Villarreal CF,Getafe CF,2,0,La Liga,2015-16
Sun Apr 10 2016,Athletic Club Bilbao,Rayo Vallecano,1,0,La Liga,2015-16
Mon Apr 11 2016,RCD La Coruña,UD Las Palmas,1,3,La Liga,2015-16
Fri Apr 15 2016,Levante UD,RCD Espanyol,2,1,La Liga,2015-16
Sat Apr 16 2016,Getafe CF,Real Madrid,1,5,La Liga,2015-16
Sat Apr 16 2016,UD Las Palmas,Sporting Gijón,1,1,La Liga,2015-16
Sat Apr 16 2016,SD Eibar,Real Sociedad,2,1,La Liga,2015-16
Sat Apr 16 2016,RC Celta Vigo,Real Betis,1,1,La Liga,2015-16
Sun Apr 17 2016,Málaga CF,Athletic Club Bilbao,0,1,La Liga,2015-16
Sun Apr 17 2016,Sevilla FC,RCD La Coruña,1,1,La Liga,2015-16
Sun Apr 17 2016,Atlético Madrid,Granada CF,3,0,La Liga,2015-16
Sun Apr 17 2016,Rayo Vallecano,Villarreal CF,2,1,La Liga,2015-16
Sun Apr 17 2016,FC Barcelona,Valencia CF,1,2,La Liga,2015-16
Tue Apr 19 2016,RCD Espanyol,RC Celta Vigo,1,1,La Liga,2015-16
Tue Apr 19 2016,Real Betis,UD Las Palmas,1,0,La Liga,2015-16
Wed Apr 20 2016,RCD La Coruña,FC Barcelona,0,8,La Liga,2015-16
Wed Apr 20 2016,Valencia CF,SD Eibar,4,0,La Liga,2015-16
Wed Apr 20 2016,Málaga CF,Rayo Vallecano,1,1,La Liga,2015-16
Wed Apr 20 2016,Sporting Gijón,Sevilla FC,2,1,La Liga,2015-16
Wed Apr 20 2016,Athletic Club Bilbao,Atlético Madrid,0,1,La Liga,2015-16
Wed Apr 20 2016,Real Madrid,Villarreal CF,3,0,La Liga,2015-16
Thu Apr 21 2016,Real Sociedad,Getafe CF,1,2,La Liga,2015-16
Thu Apr 21 2016,Granada CF,Levante UD,5,1,La Liga,2015-16
Fri Apr 22 2016,UD Las Palmas,RCD Espanyol,4,0,La Liga,2015-16
Sat Apr 23 2016,Rayo Vallecano,Real Madrid,2,3,La Liga,2015-16
Sat Apr 23 2016,Atlético Madrid,Málaga CF,1,0,La Liga,2015-16
Sat Apr 23 2016,FC Barcelona,Sporting Gijón,6,0,La Liga,2015-16
Sat Apr 23 2016,SD Eibar,RCD La Coruña,1,1,La Liga,2015-16
Sun Apr 24 2016,Levante UD,Athletic Club Bilbao,2,2,La Liga,2015-16
Sun Apr 24 2016,Sevilla FC,Real Betis,2,0,La Liga,2015-16
Sun Apr 24 2016,Getafe CF,Valencia CF,2,2,La Liga,2015-16
Sun Apr 24 2016,Villarreal CF,Real Sociedad,0,0,La Liga,2015-16
Mon Apr 25 2016,RC Celta Vigo,Granada CF,2,1,La Liga,2015-16
Fri Apr 29 2016,Sporting Gijón,SD Eibar,2,0,La Liga,2015-16
Sat Apr 30 2016,Real Sociedad,Real Madrid,0,1,La Liga,2015-16
Sat Apr 30 2016,Atlético Madrid,Rayo Vallecano,1,0,La Liga,2015-16
Sat Apr 30 2016,Real Betis,FC Barcelona,0,2,La Liga,2015-16
Sat Apr 30 2016,Granada CF,UD Las Palmas,3,2,La Liga,2015-16
Sun May 1 2016,Athletic Club Bilbao,RC Celta Vigo,2,1,La Liga,2015-16
Sun May 1 2016,RCD Espanyol,Sevilla FC,1,0,La Liga,2015-16
Sun May 1 2016,RCD La Coruña,Getafe CF,0,2,La Liga,2015-16
Sun May 1 2016,Valencia CF,Villarreal CF,0,2,La Liga,2015-16
Mon May 2 2016,Málaga CF,Levante UD,3,1,La Liga,2015-16
Sun May 8 2016,UD Las Palmas,Athletic Club Bilbao,0,0,La Liga,2015-16
Sun May 8 2016,Villarreal CF,RCD La Coruña,0,2,La Liga,2015-16
Sun May 8 2016,Real Madrid,Valencia CF,3,2,La Liga,2015-16
Sun May 8 2016,Getafe CF,Sporting Gijón,1,1,La Liga,2015-16
Sun May 8 2016,FC Barcelona,RCD Espanyol,5,0,La Liga,2015-16
Sun May 8 2016,RC Celta Vigo,Málaga CF,1,0,La Liga,2015-16
Sun May 8 2016,SD Eibar,Real Betis,1,1,La Liga,2015-16
Sun May 8 2016,Sevilla FC,Granada CF,1,4,La Liga,2015-16
Sun May 8 2016,Real Sociedad,Rayo Vallecano,2,1,La Liga,2015-16
Sun May 8 2016,Levante UD,Atlético Madrid,2,1,La Liga,2015-16
Fri May 13 2016,Valencia CF,Real Sociedad,0,1,La Liga,2015-16
Sat May 14 2016,Granada CF,FC Barcelona,0,3,La Liga,2015-16
Sat May 14 2016,RCD La Coruña,Real Madrid,0,2,La Liga,2015-16
Sat May 14 2016,Athletic Club Bilbao,Sevilla FC,3,1,La Liga,2015-16
Sat May 14 2016,Atlético Madrid,RC Celta Vigo,2,0,La Liga,2015-16
Sun May 15 2016,Málaga CF,UD Las Palmas,4,1,La Liga,2015-16
Sun May 15 2016,RCD Espanyol,SD Eibar,4,2,La Liga,2015-16
Sun May 15 2016,Rayo Vallecano,Levante UD,3,1,La Liga,2015-16
Sun May 15 2016,Real Betis,Getafe CF,2,1,La Liga,2015-16
Sun May 15 2016,Sporting Gijón,Villarreal CF,2,0,La Liga,2015-16
Fri Aug 19 2016,Málaga CF,CA Osasuna,1,1,La Liga,2016-17
Fri Aug 19 2016,RCD La Coruña,SD Eibar,2,1,La Liga,2016-17
Sat Aug 20 2016,FC Barcelona,Real Betis,6,2,La Liga,2016-17
Sat Aug 20 2016,Granada CF,Villarreal CF,1,1,La Liga,2016-17
Sat Aug 20 2016,Sevilla FC,RCD Espanyol,6,4,La Liga,2016-17
Sun Aug 21 2016,Sporting Gijón,Athletic Club Bilbao,2,1,La Liga,2016-17
Sun Aug 21 2016,Real Sociedad,Real Madrid,0,3,La Liga,2016-17
Sun Aug 21 2016,Atlético Madrid,Deportivo Alavés,1,1,La Liga,2016-17
Mon Aug 22 2016,RC Celta Vigo,CD Leganés,0,1,La Liga,2016-17
Mon Aug 22 2016,Valencia CF,UD Las Palmas,2,4,La Liga,2016-17
Fri Aug 26 2016,Real Betis,RCD La Coruña,0,0,La Liga,2016-17
Fri Aug 26 2016,RCD Espanyol,Málaga CF,2,2,La Liga,2016-17
Sat Aug 27 2016,CA Osasuna,Real Sociedad,0,2,La Liga,2016-17
Sat Aug 27 2016,SD Eibar,Valencia CF,1,0,La Liga,2016-17
Sat Aug 27 2016,Real Madrid,RC Celta Vigo,2,1,La Liga,2016-17
Sat Aug 27 2016,CD Leganés,Atlético Madrid,0,0,La Liga,2016-17
Sun Aug 28 2016,UD Las Palmas,Granada CF,5,1,La Liga,2016-17
Sun Aug 28 2016,Deportivo Alavés,Sporting Gijón,0,0,La Liga,2016-17
Sun Aug 28 2016,Athletic Club Bilbao,FC Barcelona,0,1,La Liga,2016-17
Sun Aug 28 2016,Villarreal CF,Sevilla FC,0,0,La Liga,2016-17
Fri Sep 9 2016,Real Sociedad,RCD Espanyol,1,1,La Liga,2016-17
Sat Sep 10 2016,RC Celta Vigo,Atlético Madrid,0,4,La Liga,2016-17
Sat Sep 10 2016,Real Madrid,CA Osasuna,5,2,La Liga,2016-17
Sat Sep 10 2016,Málaga CF,Villarreal CF,0,2,La Liga,2016-17
Sat Sep 10 2016,Sevilla FC,UD Las Palmas,2,1,La Liga,2016-17
Sat Sep 10 2016,FC Barcelona,Deportivo Alavés,1,2,La Liga,2016-17
Sun Sep 11 2016,Sporting Gijón,CD Leganés,2,1,La Liga,2016-17
Sun Sep 11 2016,Valencia CF,Real Betis,2,3,La Liga,2016-17
Sun Sep 11 2016,Granada CF,SD Eibar,1,2,La Liga,2016-17
Sun Sep 11 2016,RCD La Coruña,Athletic Club Bilbao,0,1,La Liga,2016-17
Fri Sep 16 2016,Real Betis,Granada CF,2,2,La Liga,2016-17
Sat Sep 17 2016,CD Leganés,FC Barcelona,1,5,La Liga,2016-17
Sat Sep 17 2016,Atlético Madrid,Sporting Gijón,5,0,La Liga,2016-17
Sat Sep 17 2016,SD Eibar,Sevilla FC,1,1,La Liga,2016-17
Sat Sep 17 2016,UD Las Palmas,Málaga CF,1,0,La Liga,2016-17
Sun Sep 18 2016,CA Osasuna,RC Celta Vigo,0,0,La Liga,2016-17
Sun Sep 18 2016,Athletic Club Bilbao,Valencia CF,2,1,La Liga,2016-17
Sun Sep 18 2016,Villarreal CF,Real Sociedad,2,1,La Liga,2016-17
Sun Sep 18 2016,RCD Espanyol,Real Madrid,0,2,La Liga,2016-17
Mon Sep 19 2016,Deportivo Alavés,RCD La Coruña,0,0,La Liga,2016-17
Tue Sep 20 2016,Málaga CF,SD Eibar,2,1,La Liga,2016-17
Tue Sep 20 2016,Sevilla FC,Real Betis,1,0,La Liga,2016-17
Wed Sep 21 2016,Real Madrid,Villarreal CF,1,1,La Liga,2016-17
Wed Sep 21 2016,RC Celta Vigo,Sporting Gijón,2,1,La Liga,2016-17
Wed Sep 21 2016,Granada CF,Athletic Club Bilbao,1,2,La Liga,2016-17
Wed Sep 21 2016,Real Sociedad,UD Las Palmas,4,1,La Liga,2016-17
Wed Sep 21 2016,FC Barcelona,Atlético Madrid,1,1,La Liga,2016-17
Thu Sep 22 2016,RCD La Coruña,CD Leganés,1,2,La Liga,2016-17
Thu Sep 22 2016,CA Osasuna,RCD Espanyol,1,2,La Liga,2016-17
Thu Sep 22 2016,Valencia CF,Deportivo Alavés,2,1,La Liga,2016-17
Fri Sep 23 2016,Real Betis,Málaga CF,1,0,La Liga,2016-17
Sat Sep 24 2016,SD Eibar,Real Sociedad,2,0,La Liga,2016-17
Sat Sep 24 2016,Sporting Gijón,FC Barcelona,0,5,La Liga,2016-17
Sat Sep 24 2016,Athletic Club Bilbao,Sevilla FC,3,1,La Liga,2016-17
Sat Sep 24 2016,UD Las Palmas,Real Madrid,2,2,La Liga,2016-17
Sun Sep 25 2016,CD Leganés,Valencia CF,1,2,La Liga,2016-17
Sun Sep 25 2016,Atlético Madrid,RCD La Coruña,1,0,La Liga,2016-17
Sun Sep 25 2016,Villarreal CF,CA Osasuna,3,1,La Liga,2016-17
Sun Sep 25 2016,RCD Espanyol,RC Celta Vigo,0,2,La Liga,2016-17
Mon Sep 26 2016,Deportivo Alavés,Granada CF,3,1,La Liga,2016-17
Fri Sep 30 2016,Real Sociedad,Real Betis,1,0,La Liga,2016-17
Sat Oct 1 2016,Granada CF,CD Leganés,0,1,La Liga,2016-17
Sat Oct 1 2016,Sevilla FC,Deportivo Alavés,2,1,La Liga,2016-17
Sat Oct 1 2016,CA Osasuna,UD Las Palmas,2,2,La Liga,2016-17
Sat Oct 1 2016,RCD La Coruña,Sporting Gijón,2,1,La Liga,2016-17
Sun Oct 2 2016,Valencia CF,Atlético Madrid,0,2,La Liga,2016-17
Sun Oct 2 2016,Real Madrid,SD Eibar,1,1,La Liga,2016-17
Sun Oct 2 2016,RCD Espanyol,Villarreal CF,0,0,La Liga,2016-17
Sun Oct 2 2016,Málaga CF,Athletic Club Bilbao,2,1,La Liga,2016-17
Sun Oct 2 2016,RC Celta Vigo,FC Barcelona,4,3,La Liga,2016-17
Fri Oct 14 2016,UD Las Palmas,RCD Espanyol,0,0,La Liga,2016-17
Sat Oct 15 2016,CD Leganés,Sevilla FC,2,3,La Liga,2016-17
Sat Oct 15 2016,FC Barcelona,RCD La Coruña,4,0,La Liga,2016-17
Sat Oct 15 2016,Atlético Madrid,Granada CF,7,1,La Liga,2016-17
Sat Oct 15 2016,Real Betis,Real Madrid,1,6,La Liga,2016-17
Sun Oct 16 2016,Deportivo Alavés,Málaga CF,1,1,La Liga,2016-17
Sun Oct 16 2016,Athletic Club Bilbao,Real Sociedad,3,2,La Liga,2016-17
Sun Oct 16 2016,Sporting Gijón,Valencia CF,1,2,La Liga,2016-17
Sun Oct 16 2016,Villarreal CF,RC Celta Vigo,5,0,La Liga,2016-17
Mon Oct 17 2016,SD Eibar,CA Osasuna,2,3,La Liga,2016-17
Fri Oct 21 2016,CA Osasuna,Real Betis,1,2,La Liga,2016-17
Sat Oct 22 2016,RCD Espanyol,SD Eibar,3,3,La Liga,2016-17
Sat Oct 22 2016,Valencia CF,FC Barcelona,2,3,La Liga,2016-17
Sat Oct 22 2016,Real Sociedad,Deportivo Alavés,3,0,La Liga,2016-17
Sat Oct 22 2016,Granada CF,Sporting Gijón,0,0,La Liga,2016-17
Sun Oct 23 2016,RC Celta Vigo,RCD La Coruña,4,1,La Liga,2016-17
Sun Oct 23 2016,Sevilla FC,Atlético Madrid,1,0,La Liga,2016-17
Sun Oct 23 2016,Villarreal CF,UD Las Palmas,2,1,La Liga,2016-17
Sun Oct 23 2016,Málaga CF,CD Leganés,4,0,La Liga,2016-17
Sun Oct 23 2016,Real Madrid,Athletic Club Bilbao,2,1,La Liga,2016-17
Fri Oct 28 2016,CD Leganés,Real Sociedad,0,2,La Liga,2016-17
Sat Oct 29 2016,Sporting Gijón,Sevilla FC,1,1,La Liga,2016-17
Sat Oct 29 2016,Deportivo Alavés,Real Madrid,1,4,La Liga,2016-17
Sat Oct 29 2016,Atlético Madrid,Málaga CF,4,2,La Liga,2016-17
Sat Oct 29 2016,FC Barcelona,Granada CF,1,0,La Liga,2016-17
Sun Oct 30 2016,SD Eibar,Villarreal CF,2,1,La Liga,2016-17
Sun Oct 30 2016,Athletic Club Bilbao,CA Osasuna,1,1,La Liga,2016-17
Sun Oct 30 2016,Real Betis,RCD Espanyol,0,1,La Liga,2016-17
Sun Oct 30 2016,UD Las Palmas,RC Celta Vigo,3,3,La Liga,2016-17
Mon Oct 31 2016,RCD La Coruña,Valencia CF,1,1,La Liga,2016-17
Fri Nov 4 2016,Málaga CF,Sporting Gijón,3,2,La Liga,2016-17
Sat Nov 5 2016,Granada CF,RCD La Coruña,1,1,La Liga,2016-17
Sat Nov 5 2016,Real Sociedad,Atlético Madrid,2,0,La Liga,2016-17
Sat Nov 5 2016,CA Osasuna,Deportivo Alavés,0,1,La Liga,2016-17
Sat Nov 5 2016,UD Las Palmas,SD Eibar,1,0,La Liga,2016-17
Sun Nov 6 2016,Real Madrid,CD Leganés,3,0,La Liga,2016-17
Sun Nov 6 2016,RCD Espanyol,Athletic Club Bilbao,0,0,La Liga,2016-17
Sun Nov 6 2016,RC Celta Vigo,Valencia CF,2,1,La Liga,2016-17
Sun Nov 6 2016,Villarreal CF,Real Betis,2,0,La Liga,2016-17
Sun Nov 6 2016,Sevilla FC,FC Barcelona,1,2,La Liga,2016-17
Fri Nov 18 2016,Real Betis,UD Las Palmas,2,0,La Liga,2016-17
Sat Nov 19 2016,RCD La Coruña,Sevilla FC,2,3,La Liga,2016-17
Sat Nov 19 2016,FC Barcelona,Málaga CF,0,0,La Liga,2016-17
Sat Nov 19 2016,SD Eibar,RC Celta Vigo,1,0,La Liga,2016-17
Sat Nov 19 2016,Atlético Madrid,Real Madrid,0,3,La Liga,2016-17
Sun Nov 20 2016,Deportivo Alavés,RCD Espanyol,0,1,La Liga,2016-17
Sun Nov 20 2016,Valencia CF,Granada CF,1,1,La Liga,2016-17
Sun Nov 20 2016,Sporting Gijón,Real Sociedad,1,3,La Liga,2016-17
Sun Nov 20 2016,Athletic Club Bilbao,Villarreal CF,1,0,La Liga,2016-17
Mon Nov 21 2016,CD Leganés,CA Osasuna,2,0,La Liga,2016-17
Fri Nov 25 2016,SD Eibar,Real Betis,3,1,La Liga,2016-17
Sat Nov 26 2016,Málaga CF,RCD La Coruña,4,3,La Liga,2016-17
Sat Nov 26 2016,Real Madrid,Sporting Gijón,2,1,La Liga,2016-17
Sat Nov 26 2016,RCD Espanyol,CD Leganés,3,0,La Liga,2016-17
Sat Nov 26 2016,Sevilla FC,Valencia CF,2,1,La Liga,2016-17
Sun Nov 27 2016,Villarreal CF,Deportivo Alavés,0,2,La Liga,2016-17
Sun Nov 27 2016,CA Osasuna,Atlético Madrid,0,3,La Liga,2016-17
Sun Nov 27 2016,RC Celta Vigo,Granada CF,3,1,La Liga,2016-17
Sun Nov 27 2016,Real Sociedad,FC Barcelona,1,1,La Liga,2016-17
Mon Nov 28 2016,UD Las Palmas,Athletic Club Bilbao,3,1,La Liga,2016-17
Sat Dec 3 2016,Granada CF,Sevilla FC,2,1,La Liga,2016-17
Sat Dec 3 2016,FC Barcelona,Real Madrid,1,1,La Liga,2016-17
Sat Dec 3 2016,CD Leganés,Villarreal CF,0,0,La Liga,2016-17
Sat Dec 3 2016,Atlético Madrid,RCD Espanyol,0,0,La Liga,2016-17
Sun Dec 4 2016,Real Betis,RC Celta Vigo,3,3,La Liga,2016-17
Sun Dec 4 2016,Athletic Club Bilbao,SD Eibar,3,1,La Liga,2016-17
Sun Dec 4 2016,Sporting Gijón,CA Osasuna,3,1,La Liga,2016-17
Sun Dec 4 2016,Deportivo Alavés,UD Las Palmas,1,1,La Liga,2016-17
Sun Dec 4 2016,Valencia CF,Málaga CF,2,2,La Liga,2016-17
Mon Dec 5 2016,RCD La Coruña,Real Sociedad,5,1,La Liga,2016-17
Fri Dec 9 2016,Málaga CF,Granada CF,1,1,La Liga,2016-17
Sat Dec 10 2016,CA Osasuna,FC Barcelona,0,3,La Liga,2016-17
Sat Dec 10 2016,Real Sociedad,Valencia CF,3,2,La Liga,2016-17
Sat Dec 10 2016,UD Las Palmas,CD Leganés,1,1,La Liga,2016-17
Sat Dec 10 2016,Real Madrid,RCD La Coruña,3,2,La Liga,2016-17
Sun Dec 11 2016,SD Eibar,Deportivo Alavés,0,0,La Liga,2016-17
Sun Dec 11 2016,RC Celta Vigo,Sevilla FC,0,3,La Liga,2016-17
Sun Dec 11 2016,RCD Espanyol,Sporting Gijón,2,1,La Liga,2016-17
Sun Dec 11 2016,Real Betis,Athletic Club Bilbao,1,0,La Liga,2016-17
Mon Dec 12 2016,Villarreal CF,Atlético Madrid,3,0,La Liga,2016-17
Fri Dec 16 2016,Deportivo Alavés,Real Betis,1,0,La Liga,2016-17
Sat Dec 17 2016,Sporting Gijón,Villarreal CF,1,3,La Liga,2016-17
Sat Dec 17 2016,Atlético Madrid,UD Las Palmas,1,0,La Liga,2016-17
Sat Dec 17 2016,Granada CF,Real Sociedad,0,2,La Liga,2016-17
Sat Dec 17 2016,Sevilla FC,Málaga CF,4,1,La Liga,2016-17
Sun Dec 18 2016,CD Leganés,SD Eibar,1,1,La Liga,2016-17
Sun Dec 18 2016,RCD La Coruña,CA Osasuna,2,0,La Liga,2016-17
Sun Dec 18 2016,FC Barcelona,RCD Espanyol,4,1,La Liga,2016-17
Mon Dec 19 2016,Athletic Club Bilbao,RC Celta Vigo,2,1,La Liga,2016-17
Fri Jan 6 2017,RCD Espanyol,RCD La Coruña,1,1,La Liga,2016-17
Sat Jan 7 2017,Real Madrid,Granada CF,5,0,La Liga,2016-17
Sat Jan 7 2017,SD Eibar,Atlético Madrid,0,2,La Liga,2016-17
Sat Jan 7 2017,UD Las Palmas,Sporting Gijón,1,0,La Liga,2016-17
Sat Jan 7 2017,Real Sociedad,Sevilla FC,0,4,La Liga,2016-17
Sun Jan 8 2017,Athletic Club Bilbao,Deportivo Alavés,0,0,La Liga,2016-17
Sun Jan 8 2017,Real Betis,CD Leganés,2,0,La Liga,2016-17
Sun Jan 8 2017,RC Celta Vigo,Málaga CF,3,1,La Liga,2016-17
Sun Jan 8 2017,Villarreal CF,FC Barcelona,1,1,La Liga,2016-17
Mon Jan 9 2017,CA Osasuna,Valencia CF,3,3,La Liga,2016-17
Sat Jan 14 2017,CD Leganés,Athletic Club Bilbao,0,0,La Liga,2016-17
Sat Jan 14 2017,FC Barcelona,UD Las Palmas,5,0,La Liga,2016-17
Sat Jan 14 2017,Atlético Madrid,Real Betis,1,0,La Liga,2016-17
Sat Jan 14 2017,RCD La Coruña,Villarreal CF,0,0,La Liga,2016-17
Sun Jan 15 2017,Valencia CF,RCD Espanyol,2,1,La Liga,2016-17
Sun Jan 15 2017,RC Celta Vigo,Deportivo Alavés,1,0,La Liga,2016-17
Sun Jan 15 2017,Granada CF,CA Osasuna,1,1,La Liga,2016-17
Sun Jan 15 2017,Sporting Gijón,SD Eibar,2,3,La Liga,2016-17
Sun Jan 15 2017,Sevilla FC,Real Madrid,2,1,La Liga,2016-17
Mon Jan 16 2017,Málaga CF,Real Sociedad,0,2,La Liga,2016-17
Fri Jan 20 2017,UD Las Palmas,RCD La Coruña,1,1,La Liga,2016-17
Sat Jan 21 2017,RCD Espanyol,Granada CF,3,1,La Liga,2016-17
Sat Jan 21 2017,Real Madrid,Málaga CF,2,1,La Liga,2016-17
Sat Jan 21 2017,Deportivo Alavés,CD Leganés,2,2,La Liga,2016-17
Sat Jan 21 2017,Villarreal CF,Valencia CF,0,2,La Liga,2016-17
Sun Jan 22 2017,CA Osasuna,Sevilla FC,3,4,La Liga,2016-17
Sun Jan 22 2017,Athletic Club Bilbao,Atlético Madrid,2,2,La Liga,2016-17
Sun Jan 22 2017,Real Betis,Sporting Gijón,0,0,La Liga,2016-17
Sun Jan 22 2017,Real Sociedad,RC Celta Vigo,1,0,La Liga,2016-17
Sun Jan 22 2017,SD Eibar,FC Barcelona,0,4,La Liga,2016-17
Fri Jan 27 2017,CA Osasuna,Málaga CF,1,1,La Liga,2016-17
Sat Jan 28 2017,Villarreal CF,Granada CF,2,0,La Liga,2016-17
Sat Jan 28 2017,Deportivo Alavés,Atlético Madrid,0,0,La Liga,2016-17
Sat Jan 28 2017,SD Eibar,RCD La Coruña,3,1,La Liga,2016-17
Sat Jan 28 2017,CD Leganés,RC Celta Vigo,0,2,La Liga,2016-17
Sun Jan 29 2017,Real Betis,FC Barcelona,1,1,La Liga,2016-17
Sun Jan 29 2017,RCD Espanyol,Sevilla FC,3,1,La Liga,2016-17
Sun Jan 29 2017,Athletic Club Bilbao,Sporting Gijón,2,1,La Liga,2016-17
Sun Jan 29 2017,Real Madrid,Real Sociedad,3,0,La Liga,2016-17
Mon Jan 30 2017,UD Las Palmas,Valencia CF,3,1,La Liga,2016-17
Sat Feb 4 2017,Málaga CF,RCD Espanyol,0,1,La Liga,2016-17
Sat Feb 4 2017,FC Barcelona,Athletic Club Bilbao,3,0,La Liga,2016-17
Sat Feb 4 2017,Atlético Madrid,CD Leganés,2,0,La Liga,2016-17
Sat Feb 4 2017,Valencia CF,SD Eibar,0,4,La Liga,2016-17
Sun Feb 5 2017,Sevilla FC,Villarreal CF,0,0,La Liga,2016-17
Sun Feb 5 2017,Sporting Gijón,Deportivo Alavés,2,4,La Liga,2016-17
Sun Feb 5 2017,Real Sociedad,CA Osasuna,3,2,La Liga,2016-17
Mon Feb 6 2017,Granada CF,UD Las Palmas,1,0,La Liga,2016-17
Fri Feb 10 2017,RCD Espanyol,Real Sociedad,1,2,La Liga,2016-17
Sat Feb 11 2017,Real Betis,Valencia CF,0,0,La Liga,2016-17
Sat Feb 11 2017,Deportivo Alavés,FC Barcelona,0,6,La Liga,2016-17
Sat Feb 11 2017,Athletic Club Bilbao,RCD La Coruña,2,1,La Liga,2016-17
Sat Feb 11 2017,CA Osasuna,Real Madrid,1,3,La Liga,2016-17
Sun Feb 12 2017,Villarreal CF,Málaga CF,1,1,La Liga,2016-17
Sun Feb 12 2017,CD Leganés,Sporting Gijón,0,2,La Liga,2016-17
Sun Feb 12 2017,UD Las Palmas,Sevilla FC,0,1,La Liga,2016-17
Sun Feb 12 2017,Atlético Madrid,RC Celta Vigo,3,2,La Liga,2016-17
Mon Feb 13 2017,SD Eibar,Granada CF,4,0,La Liga,2016-17
Fri Feb 17 2017,Granada CF,Real Betis,4,1,La Liga,2016-17
Sat Feb 18 2017,Sporting Gijón,Atlético Madrid,1,4,La Liga,2016-17
Sat Feb 18 2017,Real Madrid,RCD Espanyol,2,0,La Liga,2016-17
Sat Feb 18 2017,RCD La Coruña,Deportivo Alavés,0,1,La Liga,2016-17
Sat Feb 18 2017,Sevilla FC,SD Eibar,2,0,La Liga,2016-17
Sun Feb 19 2017,Real Sociedad,Villarreal CF,0,1,La Liga,2016-17
Sun Feb 19 2017,Valencia CF,Athletic Club Bilbao,2,0,La Liga,2016-17
Sun Feb 19 2017,RC Celta Vigo,CA Osasuna,3,0,La Liga,2016-17
Sun Feb 19 2017,FC Barcelona,CD Leganés,2,1,La Liga,2016-17
Mon Feb 20 2017,Málaga CF,UD Las Palmas,2,1,La Liga,2016-17
Wed Feb 22 2017,Valencia CF,Real Madrid,2,1,La Liga,2016-17
Fri Feb 24 2017,UD Las Palmas,Real Sociedad,0,1,La Liga,2016-17
Sat Feb 25 2017,Deportivo Alavés,Valencia CF,2,1,La Liga,2016-17
Sat Feb 25 2017,Real Betis,Sevilla FC,1,2,La Liga,2016-17
Sat Feb 25 2017,CD Leganés,RCD La Coruña,4,0,La Liga,2016-17
Sat Feb 25 2017,SD Eibar,Málaga CF,3,0,La Liga,2016-17
Sun Feb 26 2017,RCD Espanyol,CA Osasuna,3,0,La Liga,2016-17
Sun Feb 26 2017,Atlético Madrid,FC Barcelona,1,2,La Liga,2016-17
Sun Feb 26 2017,Sporting Gijón,RC Celta Vigo,1,1,La Liga,2016-17
Sun Feb 26 2017,Athletic Club Bilbao,Granada CF,3,1,La Liga,2016-17
Sun Feb 26 2017,Villarreal CF,Real Madrid,2,3,La Liga,2016-17
Tue Feb 28 2017,Real Sociedad,SD Eibar,2,2,La Liga,2016-17
Tue Feb 28 2017,Málaga CF,Real Betis,1,2,La Liga,2016-17
Tue Feb 28 2017,Valencia CF,CD Leganés,1,0,La Liga,2016-17
Wed Mar 1 2017,CA Osasuna,Villarreal CF,1,4,La Liga,2016-17
Wed Mar 1 2017,FC Barcelona,Sporting Gijón,6,1,La Liga,2016-17
Wed Mar 1 2017,RC Celta Vigo,RCD Espanyol,2,2,La Liga,2016-17
Wed Mar 1 2017,Real Madrid,UD Las Palmas,3,3,La Liga,2016-17
Wed Mar 1 2017,Granada CF,Deportivo Alavés,2,1,La Liga,2016-17
Thu Mar 2 2017,RCD La Coruña,Atlético Madrid,1,1,La Liga,2016-17
Thu Mar 2 2017,Sevilla FC,Athletic Club Bilbao,1,0,La Liga,2016-17
Fri Mar 3 2017,Real Betis,Real Sociedad,2,3,La Liga,2016-17
Sat Mar 4 2017,CD Leganés,Granada CF,1,0,La Liga,2016-17
Sat Mar 4 2017,SD Eibar,Real Madrid,1,4,La Liga,2016-17
Sat Mar 4 2017,Villarreal CF,RCD Espanyol,2,0,La Liga,2016-17
Sat Mar 4 2017,FC Barcelona,RC Celta Vigo,5,0,La Liga,2016-17
Sun Mar 5 2017,Sporting Gijón,RCD La Coruña,0,1,La Liga,2016-17
Sun Mar 5 2017,Atlético Madrid,Valencia CF,3,0,La Liga,2016-17
Sun Mar 5 2017,UD Las Palmas,CA Osasuna,5,2,La Liga,2016-17
Sun Mar 5 2017,Athletic Club Bilbao,Málaga CF,1,0,La Liga,2016-17
Mon Mar 6 2017,Deportivo Alavés,Sevilla FC,1,1,La Liga,2016-17
Wed Mar 8 2017,RCD La Coruña,Real Betis,1,1,La Liga,2016-17
Fri Mar 10 2017,RCD Espanyol,UD Las Palmas,4,3,La Liga,2016-17
Sat Mar 11 2017,Valencia CF,Sporting Gijón,1,1,La Liga,2016-17
Sat Mar 11 2017,Sevilla FC,CD Leganés,1,1,La Liga,2016-17
Sat Mar 11 2017,Málaga CF,Deportivo Alavés,1,2,La Liga,2016-17
Sat Mar 11 2017,Granada CF,Atlético Madrid,0,1,La Liga,2016-17
Sun Mar 12 2017,Real Sociedad,Athletic Club Bilbao,0,2,La Liga,2016-17
Sun Mar 12 2017,RCD La Coruña,FC Barcelona,2,1,La Liga,2016-17
Sun Mar 12 2017,RC Celta Vigo,Villarreal CF,0,1,La Liga,2016-17
Sun Mar 12 2017,Real Madrid,Real Betis,2,1,La Liga,2016-17
Mon Mar 13 2017,CA Osasuna,SD Eibar,1,1,La Liga,2016-17
Fri Mar 17 2017,UD Las Palmas,Villarreal CF,1,0,La Liga,2016-17
Sat Mar 18 2017,SD Eibar,RCD Espanyol,1,1,La Liga,2016-17
Sat Mar 18 2017,Athletic Club Bilbao,Real Madrid,1,2,La Liga,2016-17
Sat Mar 18 2017,Deportivo Alavés,Real Sociedad,1,0,La Liga,2016-17
Sat Mar 18 2017,Real Betis,CA Osasuna,2,0,La Liga,2016-17
Sun Mar 19 2017,CD Leganés,Málaga CF,0,0,La Liga,2016-17
Sun Mar 19 2017,Atlético Madrid,Sevilla FC,3,1,La Liga,2016-17
Sun Mar 19 2017,RCD La Coruña,RC Celta Vigo,0,1,La Liga,2016-17
Sun Mar 19 2017,Sporting Gijón,Granada CF,3,1,La Liga,2016-17
Sun Mar 19 2017,FC Barcelona,Valencia CF,4,2,La Liga,2016-17
Fri Mar 31 2017,RCD Espanyol,Real Betis,2,1,La Liga,2016-17
Sat Apr 1 2017,Villarreal CF,SD Eibar,2,3,La Liga,2016-17
Sat Apr 1 2017,CA Osasuna,Athletic Club Bilbao,1,2,La Liga,2016-17
Sat Apr 1 2017,Real Sociedad,CD Leganés,1,1,La Liga,2016-17
Sat Apr 1 2017,Málaga CF,Atlético Madrid,0,2,La Liga,2016-17
Sun Apr 2 2017,Sevilla FC,Sporting Gijón,0,0,La Liga,2016-17
Sun Apr 2 2017,Real Madrid,Deportivo Alavés,3,0,La Liga,2016-17
Sun Apr 2 2017,Valencia CF,RCD La Coruña,3,0,La Liga,2016-17
Sun Apr 2 2017,Granada CF,FC Barcelona,1,4,La Liga,2016-17
Mon Apr 3 2017,RC Celta Vigo,UD Las Palmas,3,1,La Liga,2016-17
Tue Apr 4 2017,Athletic Club Bilbao,RCD Espanyol,2,0,La Liga,2016-17
Tue Apr 4 2017,Real Betis,Villarreal CF,0,1,La Liga,2016-17
Tue Apr 4 2017,Atlético Madrid,Real Sociedad,1,0,La Liga,2016-17
Wed Apr 5 2017,FC Barcelona,Sevilla FC,3,0,La Liga,2016-17
Wed Apr 5 2017,Sporting Gijón,Málaga CF,0,1,La Liga,2016-17
Wed Apr 5 2017,Deportivo Alavés,CA Osasuna,0,1,La Liga,2016-17
Wed Apr 5 2017,RCD La Coruña,Granada CF,0,0,La Liga,2016-17
Wed Apr 5 2017,CD Leganés,Real Madrid,2,4,La Liga,2016-17
Thu Apr 6 2017,SD Eibar,UD Las Palmas,3,1,La Liga,2016-17
Thu Apr 6 2017,Valencia CF,RC Celta Vigo,3,2,La Liga,2016-17
Fri Apr 7 2017,Villarreal CF,Athletic Club Bilbao,3,1,La Liga,2016-17
Sat Apr 8 2017,RCD Espanyol,Deportivo Alavés,1,0,La Liga,2016-17
Sat Apr 8 2017,Real Madrid,Atlético Madrid,1,1,La Liga,2016-17
Sat Apr 8 2017,Sevilla FC,RCD La Coruña,4,2,La Liga,2016-17
Sat Apr 8 2017,Málaga CF,FC Barcelona,2,0,La Liga,2016-17
Sun Apr 9 2017,Granada CF,Valencia CF,1,3,La Liga,2016-17
Sun Apr 9 2017,RC Celta Vigo,SD Eibar,0,2,La Liga,2016-17
Sun Apr 9 2017,CA Osasuna,CD Leganés,2,1,La Liga,2016-17
Sun Apr 9 2017,UD Las Palmas,Real Betis,4,1,La Liga,2016-17
Mon Apr 10 2017,Real Sociedad,Sporting Gijón,3,1,La Liga,2016-17
Fri Apr 14 2017,Athletic Club Bilbao,UD Las Palmas,5,1,La Liga,2016-17
Sat Apr 15 2017,RCD La Coruña,Málaga CF,2,0,La Liga,2016-17
Sat Apr 15 2017,Sporting Gijón,Real Madrid,2,3,La Liga,2016-17
Sat Apr 15 2017,Atlético Madrid,CA Osasuna,3,0,La Liga,2016-17
Sat Apr 15 2017,FC Barcelona,Real Sociedad,3,2,La Liga,2016-17
Sun Apr 16 2017,CD Leganés,RCD Espanyol,0,1,La Liga,2016-17
Sun Apr 16 2017,Valencia CF,Sevilla FC,0,0,La Liga,2016-17
Sun Apr 16 2017,Real Betis,SD Eibar,2,0,La Liga,2016-17
Sun Apr 16 2017,Granada CF,RC Celta Vigo,0,3,La Liga,2016-17
Mon Apr 17 2017,Deportivo Alavés,Villarreal CF,2,1,La Liga,2016-17
Fri Apr 21 2017,Sevilla FC,Granada CF,2,0,La Liga,2016-17
Sat Apr 22 2017,Málaga CF,Valencia CF,2,0,La Liga,2016-17
Sat Apr 22 2017,Villarreal CF,CD Leganés,2,1,La Liga,2016-17
Sat Apr 22 2017,CA Osasuna,Sporting Gijón,2,2,La Liga,2016-17
Sat Apr 22 2017,RCD Espanyol,Atlético Madrid,0,1,La Liga,2016-17
Sun Apr 23 2017,Real Sociedad,RCD La Coruña,1,0,La Liga,2016-17
Sun Apr 23 2017,RC Celta Vigo,Real Betis,0,1,La Liga,2016-17
Sun Apr 23 2017,UD Las Palmas,Deportivo Alavés,1,1,La Liga,2016-17
Sun Apr 23 2017,Real Madrid,FC Barcelona,2,3,La Liga,2016-17
Mon Apr 24 2017,SD Eibar,Athletic Club Bilbao,0,1,La Liga,2016-17
Tue Apr 25 2017,Sporting Gijón,RCD Espanyol,1,1,La Liga,2016-17
Tue Apr 25 2017,Granada CF,Málaga CF,0,2,La Liga,2016-17
Tue Apr 25 2017,Atlético Madrid,Villarreal CF,0,1,La Liga,2016-17
Wed Apr 26 2017,FC Barcelona,CA Osasuna,7,1,La Liga,2016-17
Wed Apr 26 2017,CD Leganés,UD Las Palmas,3,0,La Liga,2016-17
Wed Apr 26 2017,Valencia CF,Real Sociedad,2,3,La Liga,2016-17
Wed Apr 26 2017,RCD La Coruña,Real Madrid,2,6,La Liga,2016-17
Thu Apr 27 2017,Deportivo Alavés,SD Eibar,0,0,La Liga,2016-17
Thu Apr 27 2017,Sevilla FC,RC Celta Vigo,2,1,La Liga,2016-17
Thu Apr 27 2017,Athletic Club Bilbao,Real Betis,2,1,La Liga,2016-17
Fri Apr 28 2017,Villarreal CF,Sporting Gijón,3,1,La Liga,2016-17
Sat Apr 29 2017,Real Sociedad,Granada CF,2,1,La Liga,2016-17
Sat Apr 29 2017,Real Madrid,Valencia CF,2,1,La Liga,2016-17
Sat Apr 29 2017,UD Las Palmas,Atlético Madrid,0,5,La Liga,2016-17
Sat Apr 29 2017,RCD Espanyol,FC Barcelona,0,3,La Liga,2016-17
Sun Apr 30 2017,CA Osasuna,RCD La Coruña,2,2,La Liga,2016-17
Sun Apr 30 2017,Real Betis,Deportivo Alavés,1,4,La Liga,2016-17
Sun Apr 30 2017,SD Eibar,CD Leganés,2,0,La Liga,2016-17
Sun Apr 30 2017,RC Celta Vigo,Athletic Club Bilbao,0,3,La Liga,2016-17
Mon May 1 2017,Málaga CF,Sevilla FC,4,2,La Liga,2016-17
Fri May 5 2017,Sevilla FC,Real Sociedad,1,1,La Liga,2016-17
Sat May 6 2017,Sporting Gijón,UD Las Palmas,1,0,La Liga,2016-17
Sat May 6 2017,Atlético Madrid,SD Eibar,1,0,La Liga,2016-17
Sat May 6 2017,FC Barcelona,Villarreal CF,4,1,La Liga,2016-17
Sat May 6 2017,Granada CF,Real Madrid,0,4,La Liga,2016-17
Sun May 7 2017,Deportivo Alavés,Athletic Club Bilbao,1,0,La Liga,2016-17
Sun May 7 2017,Valencia CF,CA Osasuna,4,1,La Liga,2016-17
Sun May 7 2017,RCD La Coruña,RCD Espanyol,1,2,La Liga,2016-17
Sun May 7 2017,Málaga CF,RC Celta Vigo,3,0,La Liga,2016-17
Mon May 8 2017,CD Leganés,Real Betis,4,0,La Liga,2016-17
Sat May 13 2017,RCD Espanyol,Valencia CF,0,1,La Liga,2016-17
Sat May 13 2017,CA Osasuna,Granada CF,2,1,La Liga,2016-17
Sun May 14 2017,Deportivo Alavés,RC Celta Vigo,3,1,La Liga,2016-17
Sun May 14 2017,UD Las Palmas,FC Barcelona,1,4,La Liga,2016-17
Sun May 14 2017,Athletic Club Bilbao,CD Leganés,1,1,La Liga,2016-17
Sun May 14 2017,SD Eibar,Sporting Gijón,0,1,La Liga,2016-17
Sun May 14 2017,Villarreal CF,RCD La Coruña,0,0,La Liga,2016-17
Sun May 14 2017,Real Madrid,Sevilla FC,4,1,La Liga,2016-17
Sun May 14 2017,Real Sociedad,Málaga CF,2,2,La Liga,2016-17
Sun May 14 2017,Real Betis,Atlético Madrid,1,1,La Liga,2016-17
Wed May 17 2017,RC Celta Vigo,Real Madrid,1,4,La Liga,2016-17
Fri May 19 2017,Granada CF,RCD Espanyol,1,2,La Liga,2016-17
Sat May 20 2017,Sporting Gijón,Real Betis,2,2,La Liga,2016-17
Sat May 20 2017,CD Leganés,Deportivo Alavés,1,1,La Liga,2016-17
Sat May 20 2017,RCD La Coruña,UD Las Palmas,3,0,La Liga,2016-17
Sat May 20 2017,Sevilla FC,CA Osasuna,5,0,La Liga,2016-17
Sun May 21 2017,RC Celta Vigo,Real Sociedad,2,2,La Liga,2016-17
Sun May 21 2017,Valencia CF,Villarreal CF,1,3,La Liga,2016-17
Sun May 21 2017,Atlético Madrid,Athletic Club Bilbao,3,1,La Liga,2016-17
Sun May 21 2017,FC Barcelona,SD Eibar,4,2,La Liga,2016-17
Sun May 21 2017,Málaga CF,Real Madrid,0,2,La Liga,2016-17
Fri Aug 18 2017,CD Leganés,Deportivo Alavés,1,0,La Liga,2017-18
Fri Aug 18 2017,Valencia CF,UD Las Palmas,1,0,La Liga,2017-18
Sat Aug 19 2017,RC Celta Vigo,Real Sociedad,2,3,La Liga,2017-18
Sat Aug 19 2017,Girona FC,Atlético Madrid,2,2,La Liga,2017-18
Sat Aug 19 2017,Sevilla FC,RCD Espanyol,1,1,La Liga,2017-18
Sun Aug 20 2017,Athletic Club Bilbao,Getafe CF,0,0,La Liga,2017-18
Sun Aug 20 2017,FC Barcelona,Real Betis,2,0,La Liga,2017-18
Sun Aug 20 2017,RCD La Coruña,Real Madrid,0,3,La Liga,2017-18
Mon Aug 21 2017,Levante UD,Villarreal CF,1,0,La Liga,2017-18
Mon Aug 21 2017,Málaga CF,SD Eibar,0,1,La Liga,2017-18
Fri Aug 25 2017,Real Sociedad,Villarreal CF,3,0,La Liga,2017-18
Fri Aug 25 2017,Real Betis,RC Celta Vigo,2,1,La Liga,2017-18
Sat Aug 26 2017,Deportivo Alavés,FC Barcelona,0,2,La Liga,2017-18
Sat Aug 26 2017,Girona FC,Málaga CF,1,0,La Liga,2017-18
Sat Aug 26 2017,Levante UD,RCD La Coruña,2,2,La Liga,2017-18
Sat Aug 26 2017,UD Las Palmas,Atlético Madrid,1,5,La Liga,2017-18
Sun Aug 27 2017,SD Eibar,Athletic Club Bilbao,0,1,La Liga,2017-18
Sun Aug 27 2017,RCD Espanyol,CD Leganés,0,1,La Liga,2017-18
Sun Aug 27 2017,Getafe CF,Sevilla FC,0,1,La Liga,2017-18
Sun Aug 27 2017,Real Madrid,Valencia CF,2,2,La Liga,2017-18
Fri Sep 8 2017,CD Leganés,Getafe CF,1,2,La Liga,2017-18
Sat Sep 9 2017,Real Madrid,Levante UD,1,1,La Liga,2017-18
Sat Sep 9 2017,Valencia CF,Atlético Madrid,0,0,La Liga,2017-18
Sat Sep 9 2017,Sevilla FC,SD Eibar,3,0,La Liga,2017-18
Sat Sep 9 2017,FC Barcelona,RCD Espanyol,5,0,La Liga,2017-18
Sun Sep 10 2017,RCD La Coruña,Real Sociedad,2,4,La Liga,2017-18
Sun Sep 10 2017,Athletic Club Bilbao,Girona FC,2,0,La Liga,2017-18
Sun Sep 10 2017,RC Celta Vigo,Deportivo Alavés,1,0,La Liga,2017-18
Sun Sep 10 2017,Villarreal CF,Real Betis,3,1,La Liga,2017-18
Mon Sep 11 2017,Málaga CF,UD Las Palmas,1,3,La Liga,2017-18
Fri Sep 15 2017,SD Eibar,CD Leganés,1,0,La Liga,2017-18
Sat Sep 16 2017,Levante UD,Valencia CF,1,1,La Liga,2017-18
Sat Sep 16 2017,Getafe CF,FC Barcelona,1,2,La Liga,2017-18
Sat Sep 16 2017,Real Betis,RCD La Coruña,2,1,La Liga,2017-18
Sat Sep 16 2017,Atlético Madrid,Málaga CF,1,0,La Liga,2017-18
Sun Sep 17 2017,Deportivo Alavés,Villarreal CF,0,3,La Liga,2017-18
Sun Sep 17 2017,Girona FC,Sevilla FC,0,1,La Liga,2017-18
Sun Sep 17 2017,UD Las Palmas,Athletic Club Bilbao,1,0,La Liga,2017-18
Sun Sep 17 2017,Real Sociedad,Real Madrid,1,3,La Liga,2017-18
Mon Sep 18 2017,RCD Espanyol,RC Celta Vigo,2,1,La Liga,2017-18
Tue Sep 19 2017,Valencia CF,Málaga CF,5,0,La Liga,2017-18
Tue Sep 19 2017,FC Barcelona,SD Eibar,6,1,La Liga,2017-18
Wed Sep 20 2017,Athletic Club Bilbao,Atlético Madrid,1,2,La Liga,2017-18
Wed Sep 20 2017,CD Leganés,Girona FC,0,0,La Liga,2017-18
Wed Sep 20 2017,RCD La Coruña,Deportivo Alavés,1,0,La Liga,2017-18
Wed Sep 20 2017,Sevilla FC,UD Las Palmas,1,0,La Liga,2017-18
Wed Sep 20 2017,Real Madrid,Real Betis,0,1,La Liga,2017-18
Thu Sep 21 2017,Villarreal CF,RCD Espanyol,0,0,La Liga,2017-18
Thu Sep 21 2017,RC Celta Vigo,Getafe CF,1,1,La Liga,2017-18
Thu Sep 21 2017,Levante UD,Real Sociedad,3,0,La Liga,2017-18
Sat Sep 23 2017,Atlético Madrid,Sevilla FC,2,0,La Liga,2017-18
Sat Sep 23 2017,Deportivo Alavés,Real Madrid,1,2,La Liga,2017-18
Sat Sep 23 2017,Málaga CF,Athletic Club Bilbao,3,3,La Liga,2017-18
Sat Sep 23 2017,Girona FC,FC Barcelona,0,3,La Liga,2017-18
Sun Sep 24 2017,RCD Espanyol,RCD La Coruña,4,1,La Liga,2017-18
Sun Sep 24 2017,Getafe CF,Villarreal CF,4,0,La Liga,2017-18
Sun Sep 24 2017,UD Las Palmas,CD Leganés,0,2,La Liga,2017-18
Sun Sep 24 2017,SD Eibar,RC Celta Vigo,0,4,La Liga,2017-18
Sun Sep 24 2017,Real Sociedad,Valencia CF,2,3,La Liga,2017-18
Mon Sep 25 2017,Real Betis,Levante UD,4,0,La Liga,2017-18
Fri Sep 29 2017,RC Celta Vigo,Girona FC,3,3,La Liga,2017-18
Sat Sep 30 2017,RCD La Coruña,Getafe CF,2,1,La Liga,2017-18
Sat Sep 30 2017,Sevilla FC,Málaga CF,2,0,La Liga,2017-18
Sat Sep 30 2017,Levante UD,Deportivo Alavés,0,2,La Liga,2017-18
Sat Sep 30 2017,CD Leganés,Atlético Madrid,0,0,La Liga,2017-18
Sun Oct 1 2017,Real Sociedad,Real Betis,4,4,La Liga,2017-18
Sun Oct 1 2017,FC Barcelona,UD Las Palmas,3,0,La Liga,2017-18
Sun Oct 1 2017,Valencia CF,Athletic Club Bilbao,3,2,La Liga,2017-18
Sun Oct 1 2017,Villarreal CF,SD Eibar,3,0,La Liga,2017-18
Sun Oct 1 2017,Real Madrid,RCD Espanyol,2,0,La Liga,2017-18
Fri Oct 13 2017,RCD Espanyol,Levante UD,0,0,La Liga,2017-18
Sat Oct 14 2017,Athletic Club Bilbao,Sevilla FC,1,0,La Liga,2017-18
Sat Oct 14 2017,Getafe CF,Real Madrid,1,2,La Liga,2017-18
Sat Oct 14 2017,Deportivo Alavés,Real Sociedad,0,2,La Liga,2017-18
Sat Oct 14 2017,Atlético Madrid,FC Barcelona,1,1,La Liga,2017-18
Sun Oct 15 2017,SD Eibar,RCD La Coruña,0,0,La Liga,2017-18
Sun Oct 15 2017,Girona FC,Villarreal CF,1,2,La Liga,2017-18
Sun Oct 15 2017,Málaga CF,CD Leganés,0,2,La Liga,2017-18
Sun Oct 15 2017,Real Betis,Valencia CF,3,6,La Liga,2017-18
Mon Oct 16 2017,UD Las Palmas,RC Celta Vigo,2,5,La Liga,2017-18
Sat Oct 21 2017,Levante UD,Getafe CF,1,1,La Liga,2017-18
Sat Oct 21 2017,Real Betis,Deportivo Alavés,2,0,La Liga,2017-18
Sat Oct 21 2017,Valencia CF,Sevilla FC,4,0,La Liga,2017-18
Sat Oct 21 2017,FC Barcelona,Málaga CF,2,0,La Liga,2017-18
Sun Oct 22 2017,Villarreal CF,UD Las Palmas,4,0,La Liga,2017-18
Sun Oct 22 2017,RC Celta Vigo,Atlético Madrid,0,1,La Liga,2017-18
Sun Oct 22 2017,CD Leganés,Athletic Club Bilbao,1,0,La Liga,2017-18
Sun Oct 22 2017,Real Madrid,SD Eibar,3,0,La Liga,2017-18
Mon Oct 23 2017,Real Sociedad,RCD Espanyol,1,1,La Liga,2017-18
Mon Oct 23 2017,RCD La Coruña,Girona FC,1,2,La Liga,2017-18
Sat Oct 28 2017,Deportivo Alavés,Valencia CF,1,2,La Liga,2017-18
Sat Oct 28 2017,Atlético Madrid,Villarreal CF,1,1,La Liga,2017-18
Sat Oct 28 2017,Athletic Club Bilbao,FC Barcelona,0,2,La Liga,2017-18
Sat Oct 28 2017,Sevilla FC,CD Leganés,2,1,La Liga,2017-18
Sun Oct 29 2017,Getafe CF,Real Sociedad,2,1,La Liga,2017-18
Sun Oct 29 2017,Girona FC,Real Madrid,2,1,La Liga,2017-18
Sun Oct 29 2017,SD Eibar,Levante UD,2,2,La Liga,2017-18
Sun Oct 29 2017,Málaga CF,RC Celta Vigo,2,1,La Liga,2017-18
Mon Oct 30 2017,UD Las Palmas,RCD La Coruña,1,3,La Liga,2017-18
Mon Oct 30 2017,RCD Espanyol,Real Betis,1,0,La Liga,2017-18
Fri Nov 3 2017,Real Betis,Getafe CF,2,2,La Liga,2017-18
Sat Nov 4 2017,Valencia CF,CD Leganés,3,0,La Liga,2017-18
Sat Nov 4 2017,RCD La Coruña,Atlético Madrid,0,1,La Liga,2017-18
Sat Nov 4 2017,Deportivo Alavés,RCD Espanyol,1,0,La Liga,2017-18
Sat Nov 4 2017,FC Barcelona,Sevilla FC,2,1,La Liga,2017-18
Sun Nov 5 2017,Levante UD,Girona FC,1,2,La Liga,2017-18
Sun Nov 5 2017,RC Celta Vigo,Athletic Club Bilbao,3,1,La Liga,2017-18
Sun Nov 5 2017,Villarreal CF,Málaga CF,2,0,La Liga,2017-18
Sun Nov 5 2017,Real Sociedad,SD Eibar,3,1,La Liga,2017-18
Sun Nov 5 2017,Real Madrid,UD Las Palmas,3,0,La Liga,2017-18
Fri Nov 17 2017,Girona FC,Real Sociedad,1,1,La Liga,2017-18
Sat Nov 18 2017,Getafe CF,Deportivo Alavés,4,1,La Liga,2017-18
Sat Nov 18 2017,CD Leganés,FC Barcelona,0,3,La Liga,2017-18
Sat Nov 18 2017,Sevilla FC,RC Celta Vigo,2,1,La Liga,2017-18
Sat Nov 18 2017,Atlético Madrid,Real Madrid,0,0,La Liga,2017-18
Sun Nov 19 2017,Málaga CF,RCD La Coruña,3,2,La Liga,2017-18
Sun Nov 19 2017,RCD Espanyol,Valencia CF,0,2,La Liga,2017-18
Sun Nov 19 2017,UD Las Palmas,Levante UD,0,2,La Liga,2017-18
Sun Nov 19 2017,Athletic Club Bilbao,Villarreal CF,1,1,La Liga,2017-18
Mon Nov 20 2017,SD Eibar,Real Betis,5,0,La Liga,2017-18
Fri Nov 24 2017,RC Celta Vigo,CD Leganés,1,0,La Liga,2017-18
Sat Nov 25 2017,Deportivo Alavés,SD Eibar,1,2,La Liga,2017-18
Sat Nov 25 2017,Real Madrid,Málaga CF,3,2,La Liga,2017-18
Sat Nov 25 2017,Real Betis,Girona FC,2,2,La Liga,2017-18
Sat Nov 25 2017,Levante UD,Atlético Madrid,0,5,La Liga,2017-18
Sun Nov 26 2017,RCD La Coruña,Athletic Club Bilbao,2,2,La Liga,2017-18
Sun Nov 26 2017,Real Sociedad,UD Las Palmas,2,2,La Liga,2017-18
Sun Nov 26 2017,Villarreal CF,Sevilla FC,2,3,La Liga,2017-18
Sun Nov 26 2017,Valencia CF,FC Barcelona,1,1,La Liga,2017-18
Mon Nov 27 2017,RCD Espanyol,Getafe CF,1,0,La Liga,2017-18
Fri Dec 1 2017,Málaga CF,Levante UD,0,0,La Liga,2017-18
Sat Dec 2 2017,FC Barcelona,RC Celta Vigo,2,2,La Liga,2017-18
Sat Dec 2 2017,Atlético Madrid,Real Sociedad,2,1,La Liga,2017-18
Sat Dec 2 2017,Sevilla FC,RCD La Coruña,2,0,La Liga,2017-18
Sat Dec 2 2017,Athletic Club Bilbao,Real Madrid,0,0,La Liga,2017-18
Sun Dec 3 2017,CD Leganés,Villarreal CF,3,1,La Liga,2017-18
Sun Dec 3 2017,Getafe CF,Valencia CF,1,0,La Liga,2017-18
Sun Dec 3 2017,SD Eibar,RCD Espanyol,3,1,La Liga,2017-18
Sun Dec 3 2017,UD Las Palmas,Real Betis,1,0,La Liga,2017-18
Mon Dec 4 2017,Girona FC,Deportivo Alavés,2,3,La Liga,2017-18
Fri Dec 8 2017,Deportivo Alavés,UD Las Palmas,2,0,La Liga,2017-18
Sat Dec 9 2017,Getafe CF,SD Eibar,0,0,La Liga,2017-18
Sat Dec 9 2017,Real Madrid,Sevilla FC,5,0,La Liga,2017-18
Sat Dec 9 2017,RCD La Coruña,CD Leganés,1,0,La Liga,2017-18
Sat Dec 9 2017,Valencia CF,RC Celta Vigo,2,1,La Liga,2017-18
Sun Dec 10 2017,Real Sociedad,Málaga CF,0,2,La Liga,2017-18
Sun Dec 10 2017,Real Betis,Atlético Madrid,0,1,La Liga,2017-18
Sun Dec 10 2017,Levante UD,Athletic Club Bilbao,1,2,La Liga,2017-18
Sun Dec 10 2017,Villarreal CF,FC Barcelona,0,2,La Liga,2017-18
Mon Dec 11 2017,RCD Espanyol,Girona FC,0,1,La Liga,2017-18
Fri Dec 15 2017,Sevilla FC,Levante UD,0,0,La Liga,2017-18
Sat Dec 16 2017,Athletic Club Bilbao,Real Sociedad,0,0,La Liga,2017-18
Sat Dec 16 2017,SD Eibar,Valencia CF,2,1,La Liga,2017-18
Sat Dec 16 2017,Atlético Madrid,Deportivo Alavés,1,0,La Liga,2017-18
Sun Dec 17 2017,Girona FC,Getafe CF,1,0,La Liga,2017-18
Sun Dec 17 2017,RC Celta Vigo,Villarreal CF,0,1,La Liga,2017-18
Sun Dec 17 2017,UD Las Palmas,RCD Espanyol,2,2,La Liga,2017-18
Sun Dec 17 2017,FC Barcelona,RCD La Coruña,4,0,La Liga,2017-18
Mon Dec 18 2017,Málaga CF,Real Betis,0,2,La Liga,2017-18
Tue Dec 19 2017,Levante UD,CD Leganés,0,0,La Liga,2017-18
Wed Dec 20 2017,Getafe CF,UD Las Palmas,2,0,La Liga,2017-18
Wed Dec 20 2017,Real Sociedad,Sevilla FC,3,1,La Liga,2017-18
Thu Dec 21 2017,SD Eibar,Girona FC,4,1,La Liga,2017-18
Thu Dec 21 2017,Deportivo Alavés,Málaga CF,1,0,La Liga,2017-18
Fri Dec 22 2017,Real Betis,Athletic Club Bilbao,0,2,La Liga,2017-18
Fri Dec 22 2017,RCD Espanyol,Atlético Madrid,1,0,La Liga,2017-18
Sat Dec 23 2017,Real Madrid,FC Barcelona,0,3,La Liga,2017-18
Sat Dec 23 2017,Valencia CF,Villarreal CF,0,1,La Liga,2017-18
Sat Dec 23 2017,RCD La Coruña,RC Celta Vigo,1,3,La Liga,2017-18
Sat Jan 6 2018,Atlético Madrid,Getafe CF,2,0,La Liga,2017-18
Sat Jan 6 2018,Valencia CF,Girona FC,2,1,La Liga,2017-18
Sat Jan 6 2018,UD Las Palmas,SD Eibar,1,2,La Liga,2017-18
Sat Jan 6 2018,Sevilla FC,Real Betis,3,5,La Liga,2017-18
Sun Jan 7 2018,CD Leganés,Real Sociedad,1,0,La Liga,2017-18
Sun Jan 7 2018,FC Barcelona,Levante UD,3,0,La Liga,2017-18
Sun Jan 7 2018,Villarreal CF,RCD La Coruña,1,1,La Liga,2017-18
Sun Jan 7 2018,Athletic Club Bilbao,Deportivo Alavés,2,0,La Liga,2017-18
Sun Jan 7 2018,RC Celta Vigo,Real Madrid,2,2,La Liga,2017-18
Mon Jan 8 2018,Málaga CF,RCD Espanyol,0,1,La Liga,2017-18
Fri Jan 12 2018,Getafe CF,Málaga CF,1,0,La Liga,2017-18
Sat Jan 13 2018,Girona FC,UD Las Palmas,6,0,La Liga,2017-18
Sat Jan 13 2018,Real Madrid,Villarreal CF,0,1,La Liga,2017-18
Sat Jan 13 2018,SD Eibar,Atlético Madrid,0,1,La Liga,2017-18
Sat Jan 13 2018,RCD La Coruña,Valencia CF,1,2,La Liga,2017-18
Sun Jan 14 2018,Levante UD,RC Celta Vigo,0,1,La Liga,2017-18
Sun Jan 14 2018,Deportivo Alavés,Sevilla FC,1,0,La Liga,2017-18
Sun Jan 14 2018,RCD Espanyol,Athletic Club Bilbao,1,1,La Liga,2017-18
Sun Jan 14 2018,Real Sociedad,FC Barcelona,2,4,La Liga,2017-18
Mon Jan 15 2018,Real Betis,CD Leganés,3,2,La Liga,2017-18
Fri Jan 19 2018,Getafe CF,Athletic Club Bilbao,2,2,La Liga,2017-18
Sat Jan 20 2018,RCD Espanyol,Sevilla FC,0,3,La Liga,2017-18
Sat Jan 20 2018,Atlético Madrid,Girona FC,1,1,La Liga,2017-18
Sat Jan 20 2018,Villarreal CF,Levante UD,2,1,La Liga,2017-18
Sat Jan 20 2018,UD Las Palmas,Valencia CF,2,1,La Liga,2017-18
Sun Jan 21 2018,Deportivo Alavés,CD Leganés,2,2,La Liga,2017-18
Sun Jan 21 2018,Real Madrid,RCD La Coruña,7,1,La Liga,2017-18
Sun Jan 21 2018,Real Sociedad,RC Celta Vigo,1,2,La Liga,2017-18
Sun Jan 21 2018,Real Betis,FC Barcelona,0,5,La Liga,2017-18
Mon Jan 22 2018,SD Eibar,Málaga CF,1,1,La Liga,2017-18
Fri Jan 26 2018,Athletic Club Bilbao,SD Eibar,1,1,La Liga,2017-18
Sat Jan 27 2018,RCD La Coruña,Levante UD,2,2,La Liga,2017-18
Sat Jan 27 2018,Valencia CF,Real Madrid,1,4,La Liga,2017-18
Sat Jan 27 2018,Málaga CF,Girona FC,0,0,La Liga,2017-18
Sat Jan 27 2018,Villarreal CF,Real Sociedad,4,2,La Liga,2017-18
Sun Jan 28 2018,CD Leganés,RCD Espanyol,3,2,La Liga,2017-18
Sun Jan 28 2018,Atlético Madrid,UD Las Palmas,3,0,La Liga,2017-18
Sun Jan 28 2018,Sevilla FC,Getafe CF,1,1,La Liga,2017-18
Sun Jan 28 2018,FC Barcelona,Deportivo Alavés,2,1,La Liga,2017-18
Mon Jan 29 2018,RC Celta Vigo,Real Betis,3,2,La Liga,2017-18
Fri Feb 2 2018,Real Sociedad,RCD La Coruña,5,0,La Liga,2017-18
Sat Feb 3 2018,SD Eibar,Sevilla FC,5,1,La Liga,2017-18
Sat Feb 3 2018,Real Betis,Villarreal CF,2,1,La Liga,2017-18
Sat Feb 3 2018,Deportivo Alavés,RC Celta Vigo,2,1,La Liga,2017-18
Sat Feb 3 2018,Levante UD,Real Madrid,2,2,La Liga,2017-18
Sun Feb 4 2018,Getafe CF,CD Leganés,0,0,La Liga,2017-18
Sun Feb 4 2018,RCD Espanyol,FC Barcelona,1,1,La Liga,2017-18
Sun Feb 4 2018,Girona FC,Athletic Club Bilbao,2,0,La Liga,2017-18
Sun Feb 4 2018,Atlético Madrid,Valencia CF,1,0,La Liga,2017-18
Mon Feb 5 2018,UD Las Palmas,Málaga CF,1,0,La Liga,2017-18
Fri Feb 9 2018,Athletic Club Bilbao,UD Las Palmas,0,0,La Liga,2017-18
Sat Feb 10 2018,Villarreal CF,Deportivo Alavés,1,2,La Liga,2017-18
Sat Feb 10 2018,Málaga CF,Atlético Madrid,0,1,La Liga,2017-18
Sat Feb 10 2018,CD Leganés,SD Eibar,0,1,La Liga,2017-18
Sat Feb 10 2018,Real Madrid,Real Sociedad,5,2,La Liga,2017-18
Sun Feb 11 2018,Sevilla FC,Girona FC,1,0,La Liga,2017-18
Sun Feb 11 2018,FC Barcelona,Getafe CF,0,0,La Liga,2017-18
Sun Feb 11 2018,RC Celta Vigo,RCD Espanyol,2,2,La Liga,2017-18
Sun Feb 11 2018,Valencia CF,Levante UD,3,1,La Liga,2017-18
Mon Feb 12 2018,RCD La Coruña,Real Betis,0,1,La Liga,2017-18
Fri Feb 16 2018,Girona FC,CD Leganés,3,0,La Liga,2017-18
Sat Feb 17 2018,UD Las Palmas,Sevilla FC,1,2,La Liga,2017-18
Sat Feb 17 2018,SD Eibar,FC Barcelona,0,2,La Liga,2017-18
Sat Feb 17 2018,Deportivo Alavés,RCD La Coruña,1,0,La Liga,2017-18
Sat Feb 17 2018,Málaga CF,Valencia CF,1,2,La Liga,2017-18
Sun Feb 18 2018,Real Sociedad,Levante UD,3,0,La Liga,2017-18
Sun Feb 18 2018,Atlético Madrid,Athletic Club Bilbao,2,0,La Liga,2017-18
Sun Feb 18 2018,RCD Espanyol,Villarreal CF,1,1,La Liga,2017-18
Sun Feb 18 2018,Real Betis,Real Madrid,3,5,La Liga,2017-18
Mon Feb 19 2018,Getafe CF,RC Celta Vigo,3,0,La Liga,2017-18
Wed Feb 21 2018,CD Leganés,Real Madrid,1,3,La Liga,2017-18
Fri Feb 23 2018,RCD La Coruña,RCD Espanyol,0,0,La Liga,2017-18
Sat Feb 24 2018,RC Celta Vigo,SD Eibar,2,0,La Liga,2017-18
Sat Feb 24 2018,Real Madrid,Deportivo Alavés,4,0,La Liga,2017-18
Sat Feb 24 2018,CD Leganés,UD Las Palmas,0,0,La Liga,2017-18
Sat Feb 24 2018,FC Barcelona,Girona FC,6,1,La Liga,2017-18
Sun Feb 25 2018,Villarreal CF,Getafe CF,1,0,La Liga,2017-18
Sun Feb 25 2018,Athletic Club Bilbao,Málaga CF,2,1,La Liga,2017-18
Sun Feb 25 2018,Valencia CF,Real Sociedad,2,1,La Liga,2017-18
Sun Feb 25 2018,Sevilla FC,Atlético Madrid,2,5,La Liga,2017-18
Mon Feb 26 2018,Levante UD,Real Betis,0,2,La Liga,2017-18
Tue Feb 27 2018,RCD Espanyol,Real Madrid,1,0,La Liga,2017-18
Tue Feb 27 2018,Girona FC,RC Celta Vigo,1,0,La Liga,2017-18
Wed Feb 28 2018,Athletic Club Bilbao,Valencia CF,1,1,La Liga,2017-18
Wed Feb 28 2018,Málaga CF,Sevilla FC,0,1,La Liga,2017-18
Wed Feb 28 2018,Getafe CF,RCD La Coruña,3,0,La Liga,2017-18
Wed Feb 28 2018,SD Eibar,Villarreal CF,1,0,La Liga,2017-18
Wed Feb 28 2018,Atlético Madrid,CD Leganés,4,0,La Liga,2017-18
Thu Mar 1 2018,Real Betis,Real Sociedad,0,0,La Liga,2017-18
Thu Mar 1 2018,UD Las Palmas,FC Barcelona,1,1,La Liga,2017-18
Thu Mar 1 2018,Deportivo Alavés,Levante UD,1,0,La Liga,2017-18
Sat Mar 3 2018,Villarreal CF,Girona FC,0,2,La Liga,2017-18
Sat Mar 3 2018,Sevilla FC,Athletic Club Bilbao,2,0,La Liga,2017-18
Sat Mar 3 2018,RCD La Coruña,SD Eibar,1,1,La Liga,2017-18
Sat Mar 3 2018,CD Leganés,Málaga CF,2,0,La Liga,2017-18
Sat Mar 3 2018,Real Madrid,Getafe CF,3,1,La Liga,2017-18
Sun Mar 4 2018,Levante UD,RCD Espanyol,1,1,La Liga,2017-18
Sun Mar 4 2018,FC Barcelona,Atlético Madrid,1,0,La Liga,2017-18
Sun Mar 4 2018,Real Sociedad,Deportivo Alavés,2,1,La Liga,2017-18
Sun Mar 4 2018,Valencia CF,Real Betis,2,0,La Liga,2017-18
Mon Mar 5 2018,RC Celta Vigo,UD Las Palmas,2,1,La Liga,2017-18
Fri Mar 9 2018,Girona FC,RCD La Coruña,2,0,La Liga,2017-18
Sat Mar 10 2018,SD Eibar,Real Madrid,1,2,La Liga,2017-18
Sat Mar 10 2018,Sevilla FC,Valencia CF,0,2,La Liga,2017-18
Sat Mar 10 2018,Getafe CF,Levante UD,0,1,La Liga,2017-18
Sat Mar 10 2018,Málaga CF,FC Barcelona,0,2,La Liga,2017-18
Sun Mar 11 2018,RCD Espanyol,Real Sociedad,2,1,La Liga,2017-18
Sun Mar 11 2018,Atlético Madrid,RC Celta Vigo,3,0,La Liga,2017-18
Sun Mar 11 2018,UD Las Palmas,Villarreal CF,0,2,La Liga,2017-18
Sun Mar 11 2018,Athletic Club Bilbao,CD Leganés,2,0,La Liga,2017-18
Mon Mar 12 2018,Deportivo Alavés,Real Betis,1,3,La Liga,2017-18
Fri Mar 16 2018,Levante UD,SD Eibar,2,1,La Liga,2017-18
Sat Mar 17 2018,RCD La Coruña,UD Las Palmas,1,1,La Liga,2017-18
Sat Mar 17 2018,Valencia CF,Deportivo Alavés,3,1,La Liga,2017-18
Sat Mar 17 2018,Real Sociedad,Getafe CF,1,2,La Liga,2017-18
Sat Mar 17 2018,Real Betis,RCD Espanyol,3,0,La Liga,2017-18
Sun Mar 18 2018,CD Leganés,Sevilla FC,2,1,La Liga,2017-18
Sun Mar 18 2018,FC Barcelona,Athletic Club Bilbao,2,0,La Liga,2017-18
Sun Mar 18 2018,Villarreal CF,Atlético Madrid,2,1,La Liga,2017-18
Sun Mar 18 2018,RC Celta Vigo,Málaga CF,0,0,La Liga,2017-18
Sun Mar 18 2018,Real Madrid,Girona FC,6,3,La Liga,2017-18
Sat Mar 31 2018,Girona FC,Levante UD,1,1,La Liga,2017-18
Sat Mar 31 2018,Athletic Club Bilbao,RC Celta Vigo,1,1,La Liga,2017-18
Sat Mar 31 2018,UD Las Palmas,Real Madrid,0,3,La Liga,2017-18
Sat Mar 31 2018,Sevilla FC,FC Barcelona,2,2,La Liga,2017-18
Sun Apr 1 2018,RCD Espanyol,Deportivo Alavés,0,0,La Liga,2017-18
Sun Apr 1 2018,CD Leganés,Valencia CF,0,1,La Liga,2017-18
Sun Apr 1 2018,Málaga CF,Villarreal CF,1,0,La Liga,2017-18
Sun Apr 1 2018,SD Eibar,Real Sociedad,0,0,La Liga,2017-18
Sun Apr 1 2018,Atlético Madrid,RCD La Coruña,1,0,La Liga,2017-18
Mon Apr 2 2018,Getafe CF,Real Betis,0,1,La Liga,2017-18
Fri Apr 6 2018,RCD La Coruña,Málaga CF,3,2,La Liga,2017-18
Sat Apr 7 2018,Deportivo Alavés,Getafe CF,2,0,La Liga,2017-18
Sat Apr 7 2018,RC Celta Vigo,Sevilla FC,4,0,La Liga,2017-18
Sat Apr 7 2018,Real Betis,SD Eibar,2,0,La Liga,2017-18
Sat Apr 7 2018,FC Barcelona,CD Leganés,3,1,La Liga,2017-18
Sun Apr 8 2018,Levante UD,UD Las Palmas,2,1,La Liga,2017-18
Sun Apr 8 2018,Real Madrid,Atlético Madrid,1,1,La Liga,2017-18
Sun Apr 8 2018,Real Sociedad,Girona FC,5,0,La Liga,2017-18
Sun Apr 8 2018,Valencia CF,RCD Espanyol,1,0,La Liga,2017-18
Mon Apr 9 2018,Villarreal CF,Athletic Club Bilbao,1,3,La Liga,2017-18
Fri Apr 13 2018,Girona FC,Real Betis,0,1,La Liga,2017-18
Sat Apr 14 2018,Sevilla FC,Villarreal CF,2,2,La Liga,2017-18
Sat Apr 14 2018,FC Barcelona,Valencia CF,2,1,La Liga,2017-18
Sat Apr 14 2018,UD Las Palmas,Real Sociedad,0,1,La Liga,2017-18
Sat Apr 14 2018,CD Leganés,RC Celta Vigo,1,0,La Liga,2017-18
Sat Apr 14 2018,Athletic Club Bilbao,RCD La Coruña,2,3,La Liga,2017-18
Sun Apr 15 2018,SD Eibar,Deportivo Alavés,0,1,La Liga,2017-18
Sun Apr 15 2018,Atlético Madrid,Levante UD,3,0,La Liga,2017-18
Sun Apr 15 2018,Getafe CF,RCD Espanyol,1,0,La Liga,2017-18
Sun Apr 15 2018,Málaga CF,Real Madrid,1,2,La Liga,2017-18
Tue Apr 17 2018,RCD La Coruña,Sevilla FC,0,0,La Liga,2017-18
Tue Apr 17 2018,RC Celta Vigo,FC Barcelona,2,2,La Liga,2017-18
Tue Apr 17 2018,Villarreal CF,CD Leganés,2,1,La Liga,2017-18
Wed Apr 18 2018,Valencia CF,Getafe CF,1,2,La Liga,2017-18
Wed Apr 18 2018,RCD Espanyol,SD Eibar,0,1,La Liga,2017-18
Wed Apr 18 2018,Real Madrid,Athletic Club Bilbao,1,1,La Liga,2017-18
Thu Apr 19 2018,Deportivo Alavés,Girona FC,1,2,La Liga,2017-18
Thu Apr 19 2018,Real Sociedad,Atlético Madrid,3,0,La Liga,2017-18
Thu Apr 19 2018,Levante UD,Málaga CF,1,0,La Liga,2017-18
Thu Apr 19 2018,Real Betis,UD Las Palmas,1,0,La Liga,2017-18
Fri Apr 20 2018,CD Leganés,RCD La Coruña,0,0,La Liga,2017-18
Sat Apr 21 2018,SD Eibar,Getafe CF,0,1,La Liga,2017-18
Sat Apr 21 2018,RC Celta Vigo,Valencia CF,1,1,La Liga,2017-18
Sun Apr 22 2018,Girona FC,RCD Espanyol,0,2,La Liga,2017-18
Sun Apr 22 2018,Málaga CF,Real Sociedad,2,0,La Liga,2017-18
Sun Apr 22 2018,UD Las Palmas,Deportivo Alavés,0,4,La Liga,2017-18
Sun Apr 22 2018,Atlético Madrid,Real Betis,0,0,La Liga,2017-18
Mon Apr 23 2018,Athletic Club Bilbao,Levante UD,1,3,La Liga,2017-18
Fri Apr 27 2018,Levante UD,Sevilla FC,2,1,La Liga,2017-18
Sat Apr 28 2018,RCD Espanyol,UD Las Palmas,1,1,La Liga,2017-18
Sat Apr 28 2018,Real Sociedad,Athletic Club Bilbao,3,1,La Liga,2017-18
Sat Apr 28 2018,Real Madrid,CD Leganés,2,1,La Liga,2017-18
Sat Apr 28 2018,Villarreal CF,RC Celta Vigo,4,1,La Liga,2017-18
Sun Apr 29 2018,Getafe CF,Girona FC,1,1,La Liga,2017-18
Sun Apr 29 2018,Deportivo Alavés,Atlético Madrid,0,1,La Liga,2017-18
Sun Apr 29 2018,Valencia CF,SD Eibar,0,0,La Liga,2017-18
Sun Apr 29 2018,RCD La Coruña,FC Barcelona,2,4,La Liga,2017-18
Mon Apr 30 2018,Real Betis,Málaga CF,2,1,La Liga,2017-18
Fri May 4 2018,Sevilla FC,Real Sociedad,1,0,La Liga,2017-18
Sat May 5 2018,Girona FC,SD Eibar,1,4,La Liga,2017-18
Sat May 5 2018,Athletic Club Bilbao,Real Betis,2,0,La Liga,2017-18
Sat May 5 2018,RC Celta Vigo,RCD La Coruña,1,1,La Liga,2017-18
Sat May 5 2018,Villarreal CF,Valencia CF,1,0,La Liga,2017-18
Sun May 6 2018,Málaga CF,Deportivo Alavés,0,3,La Liga,2017-18
Sun May 6 2018,Atlético Madrid,RCD Espanyol,0,2,La Liga,2017-18
Sun May 6 2018,UD Las Palmas,Getafe CF,0,1,La Liga,2017-18
Sun May 6 2018,FC Barcelona,Real Madrid,2,2,La Liga,2017-18
Mon May 7 2018,CD Leganés,Levante UD,0,3,La Liga,2017-18
Wed May 9 2018,FC Barcelona,Villarreal CF,5,1,La Liga,2017-18
Wed May 9 2018,Sevilla FC,Real Madrid,3,2,La Liga,2017-18
Sat May 12 2018,Real Sociedad,CD Leganés,3,2,La Liga,2017-18
Sat May 12 2018,Girona FC,Valencia CF,0,1,La Liga,2017-18
Sat May 12 2018,Getafe CF,Atlético Madrid,0,1,La Liga,2017-18
Sat May 12 2018,RCD La Coruña,Villarreal CF,2,4,La Liga,2017-18
Sat May 12 2018,Deportivo Alavés,Athletic Club Bilbao,3,1,La Liga,2017-18
Sat May 12 2018,Real Betis,Sevilla FC,2,2,La Liga,2017-18
Sat May 12 2018,SD Eibar,UD Las Palmas,1,0,La Liga,2017-18
Sat May 12 2018,Real Madrid,RC Celta Vigo,6,0,La Liga,2017-18
Sun May 13 2018,RCD Espanyol,Málaga CF,4,1,La Liga,2017-18
Sun May 13 2018,Levante UD,FC Barcelona,5,4,La Liga,2017-18
Sat May 19 2018,RC Celta Vigo,Levante UD,4,2,La Liga,2017-18
Sat May 19 2018,CD Leganés,Real Betis,3,2,La Liga,2017-18
Sat May 19 2018,UD Las Palmas,Girona FC,1,2,La Liga,2017-18
Sat May 19 2018,Málaga CF,Getafe CF,0,1,La Liga,2017-18
Sat May 19 2018,Sevilla FC,Deportivo Alavés,1,0,La Liga,2017-18
Sat May 19 2018,Villarreal CF,Real Madrid,2,2,La Liga,2017-18
Sun May 20 2018,Valencia CF,RCD La Coruña,2,1,La Liga,2017-18
Sun May 20 2018,Athletic Club Bilbao,RCD Espanyol,0,1,La Liga,2017-18
Sun May 20 2018,Atlético Madrid,SD Eibar,2,2,La Liga,2017-18
Sun May 20 2018,FC Barcelona,Real Sociedad,1,0,La Liga,2017-18
Fri Aug 17 2018,Girona FC,Real Valladolid CF,0,0,La Liga,2018-19
Fri Aug 17 2018,Real Betis,Levante UD,0,3,La Liga,2018-19
Sat Aug 18 2018,RC Celta Vigo,RCD Espanyol,1,1,La Liga,2018-19
Sat Aug 18 2018,Villarreal CF,Real Sociedad,1,2,La Liga,2018-19
Sat Aug 18 2018,FC Barcelona,Deportivo Alavés,3,0,La Liga,2018-19
Sun Aug 19 2018,SD Eibar,SD Huesca,1,2,La Liga,2018-19
Sun Aug 19 2018,Rayo Vallecano,Sevilla FC,1,4,La Liga,2018-19
Sun Aug 19 2018,Real Madrid,Getafe CF,2,0,La Liga,2018-19
Mon Aug 20 2018,Valencia CF,Atlético Madrid,1,1,La Liga,2018-19
Mon Aug 20 2018,Athletic Club Bilbao,CD Leganés,2,1,La Liga,2018-19
Fri Aug 24 2018,Getafe CF,SD Eibar,2,0,La Liga,2018-19
Fri Aug 24 2018,CD Leganés,Real Sociedad,2,2,La Liga,2018-19
Sat Aug 25 2018,Deportivo Alavés,Real Betis,0,0,La Liga,2018-19
Sat Aug 25 2018,Atlético Madrid,Rayo Vallecano,1,0,La Liga,2018-19
Sat Aug 25 2018,Real Valladolid CF,FC Barcelona,0,1,La Liga,2018-19
Sun Aug 26 2018,RCD Espanyol,Valencia CF,2,0,La Liga,2018-19
Sun Aug 26 2018,Girona FC,Real Madrid,1,4,La Liga,2018-19
Sun Aug 26 2018,Sevilla FC,Villarreal CF,0,0,La Liga,2018-19
Mon Aug 27 2018,Levante UD,RC Celta Vigo,1,2,La Liga,2018-19
Mon Aug 27 2018,Athletic Club Bilbao,SD Huesca,2,2,La Liga,2018-19
Fri Aug 31 2018,Getafe CF,Real Valladolid CF,0,0,La Liga,2018-19
Fri Aug 31 2018,Villarreal CF,Girona FC,0,1,La Liga,2018-19
Fri Aug 31 2018,SD Eibar,Real Sociedad,2,1,La Liga,2018-19
Sat Sep 1 2018,RC Celta Vigo,Atlético Madrid,2,0,La Liga,2018-19
Sat Sep 1 2018,Real Madrid,CD Leganés,4,1,La Liga,2018-19
Sun Sep 2 2018,Levante UD,Valencia CF,2,2,La Liga,2018-19
Sun Sep 2 2018,Deportivo Alavés,RCD Espanyol,2,1,La Liga,2018-19
Sun Sep 2 2018,FC Barcelona,SD Huesca,8,2,La Liga,2018-19
Sun Sep 2 2018,Real Betis,Sevilla FC,1,0,La Liga,2018-19
Fri Sep 14 2018,SD Huesca,Rayo Vallecano,0,1,La Liga,2018-19
Sat Sep 15 2018,Atlético Madrid,SD Eibar,1,1,La Liga,2018-19
Sat Sep 15 2018,Real Sociedad,FC Barcelona,1,2,La Liga,2018-19
Sat Sep 15 2018,Valencia CF,Real Betis,0,0,La Liga,2018-19
Sat Sep 15 2018,Athletic Club Bilbao,Real Madrid,1,1,La Liga,2018-19
Sun Sep 16 2018,CD Leganés,Villarreal CF,0,1,La Liga,2018-19
Sun Sep 16 2018,RCD Espanyol,Levante UD,1,0,La Liga,2018-19
Sun Sep 16 2018,Real Valladolid CF,Deportivo Alavés,0,1,La Liga,2018-19
Sun Sep 16 2018,Sevilla FC,Getafe CF,0,2,La Liga,2018-19
Mon Sep 17 2018,Girona FC,RC Celta Vigo,3,2,La Liga,2018-19
Fri Sep 21 2018,SD Huesca,Real Sociedad,0,1,La Liga,2018-19
Sat Sep 22 2018,Rayo Vallecano,Deportivo Alavés,1,5,La Liga,2018-19
Sat Sep 22 2018,RC Celta Vigo,Real Valladolid CF,3,3,La Liga,2018-19
Sat Sep 22 2018,SD Eibar,CD Leganés,1,0,La Liga,2018-19
Sat Sep 22 2018,Getafe CF,Atlético Madrid,0,2,La Liga,2018-19
Sat Sep 22 2018,Real Madrid,RCD Espanyol,1,0,La Liga,2018-19
Sun Sep 23 2018,Levante UD,Sevilla FC,2,6,La Liga,2018-19
Sun Sep 23 2018,Villarreal CF,Valencia CF,0,0,La Liga,2018-19
Sun Sep 23 2018,Real Betis,Athletic Club Bilbao,2,2,La Liga,2018-19
Sun Sep 23 2018,FC Barcelona,Girona FC,2,2,La Liga,2018-19
Tue Sep 25 2018,RCD Espanyol,SD Eibar,1,0,La Liga,2018-19
Tue Sep 25 2018,Real Sociedad,Rayo Vallecano,2,2,La Liga,2018-19
Tue Sep 25 2018,Atlético Madrid,SD Huesca,3,0,La Liga,2018-19
Wed Sep 26 2018,CD Leganés,FC Barcelona,2,1,La Liga,2018-19
Wed Sep 26 2018,Athletic Club Bilbao,Villarreal CF,0,3,La Liga,2018-19
Wed Sep 26 2018,Sevilla FC,Real Madrid,3,0,La Liga,2018-19
Wed Sep 26 2018,Valencia CF,RC Celta Vigo,1,1,La Liga,2018-19
Thu Sep 27 2018,Real Valladolid CF,Levante UD,2,1,La Liga,2018-19
Thu Sep 27 2018,Deportivo Alavés,Getafe CF,1,1,La Liga,2018-19
Thu Sep 27 2018,Girona FC,Real Betis,0,1,La Liga,2018-19
Fri Sep 28 2018,Rayo Vallecano,RCD Espanyol,2,2,La Liga,2018-19
Sat Sep 29 2018,Real Sociedad,Valencia CF,0,1,La Liga,2018-19
Sat Sep 29 2018,FC Barcelona,Athletic Club Bilbao,1,1,La Liga,2018-19
Sat Sep 29 2018,SD Eibar,Sevilla FC,1,3,La Liga,2018-19
Sat Sep 29 2018,Real Madrid,Atlético Madrid,0,0,La Liga,2018-19
Sun Sep 30 2018,SD Huesca,Girona FC,1,1,La Liga,2018-19
Sun Sep 30 2018,Villarreal CF,Real Valladolid CF,0,1,La Liga,2018-19
Sun Sep 30 2018,Levante UD,Deportivo Alavés,2,1,La Liga,2018-19
Sun Sep 30 2018,Real Betis,CD Leganés,1,0,La Liga,2018-19
Mon Oct 1 2018,RC Celta Vigo,Getafe CF,1,1,La Liga,2018-19
Fri Oct 5 2018,Athletic Club Bilbao,Real Sociedad,1,3,La Liga,2018-19
Sat Oct 6 2018,Girona FC,SD Eibar,2,3,La Liga,2018-19
Sat Oct 6 2018,Getafe CF,Levante UD,0,1,La Liga,2018-19
Sat Oct 6 2018,Deportivo Alavés,Real Madrid,1,0,La Liga,2018-19
Sat Oct 6 2018,CD Leganés,Rayo Vallecano,1,0,La Liga,2018-19
Sun Oct 7 2018,Real Valladolid CF,SD Huesca,1,0,La Liga,2018-19
Sun Oct 7 2018,Atlético Madrid,Real Betis,1,0,La Liga,2018-19
Sun Oct 7 2018,RCD Espanyol,Villarreal CF,3,1,La Liga,2018-19
Sun Oct 7 2018,Sevilla FC,RC Celta Vigo,2,1,La Liga,2018-19
Sun Oct 7 2018,Valencia CF,FC Barcelona,1,1,La Liga,2018-19
Fri Oct 19 2018,RC Celta Vigo,Deportivo Alavés,0,1,La Liga,2018-19
Sat Oct 20 2018,Real Madrid,Levante UD,1,2,La Liga,2018-19
Sat Oct 20 2018,Valencia CF,CD Leganés,1,1,La Liga,2018-19
Sat Oct 20 2018,Villarreal CF,Atlético Madrid,1,1,La Liga,2018-19
Sat Oct 20 2018,FC Barcelona,Sevilla FC,4,2,La Liga,2018-19
Sun Oct 21 2018,Rayo Vallecano,Getafe CF,1,2,La Liga,2018-19
Sun Oct 21 2018,SD Eibar,Athletic Club Bilbao,1,1,La Liga,2018-19
Sun Oct 21 2018,SD Huesca,RCD Espanyol,0,2,La Liga,2018-19
Sun Oct 21 2018,Real Betis,Real Valladolid CF,0,1,La Liga,2018-19
Mon Oct 22 2018,Real Sociedad,Girona FC,0,0,La Liga,2018-19
Wed Oct 24 2018,Rayo Vallecano,Athletic Club Bilbao,1,1,La Liga,2018-19
Fri Oct 26 2018,Real Valladolid CF,RCD Espanyol,1,1,La Liga,2018-19
Sat Oct 27 2018,Girona FC,Rayo Vallecano,2,1,La Liga,2018-19
Sat Oct 27 2018,Athletic Club Bilbao,Valencia CF,0,0,La Liga,2018-19
Sat Oct 27 2018,Levante UD,CD Leganés,2,0,La Liga,2018-19
Sat Oct 27 2018,RC Celta Vigo,SD Eibar,4,0,La Liga,2018-19
Sat Oct 27 2018,Atlético Madrid,Real Sociedad,2,0,La Liga,2018-19
Sun Oct 28 2018,Getafe CF,Real Betis,2,0,La Liga,2018-19
Sun Oct 28 2018,FC Barcelona,Real Madrid,5,1,La Liga,2018-19
Sun Oct 28 2018,Deportivo Alavés,Villarreal CF,2,1,La Liga,2018-19
Sun Oct 28 2018,Sevilla FC,SD Huesca,2,1,La Liga,2018-19
Sat Nov 3 2018,CD Leganés,Atlético Madrid,1,1,La Liga,2018-19
Sat Nov 3 2018,Real Madrid,Real Valladolid CF,2,0,La Liga,2018-19
Sat Nov 3 2018,Valencia CF,Girona FC,0,1,La Liga,2018-19
Sat Nov 3 2018,Rayo Vallecano,FC Barcelona,2,3,La Liga,2018-19
Sun Nov 4 2018,SD Eibar,Deportivo Alavés,2,1,La Liga,2018-19
Sun Nov 4 2018,Villarreal CF,Levante UD,1,1,La Liga,2018-19
Sun Nov 4 2018,Real Sociedad,Sevilla FC,0,0,La Liga,2018-19
Sun Nov 4 2018,SD Huesca,Getafe CF,1,1,La Liga,2018-19
Sun Nov 4 2018,Real Betis,RC Celta Vigo,3,3,La Liga,2018-19
Mon Nov 5 2018,RCD Espanyol,Athletic Club Bilbao,1,0,La Liga,2018-19
Fri Nov 9 2018,Levante UD,Real Sociedad,1,3,La Liga,2018-19
Sat Nov 10 2018,Real Valladolid CF,SD Eibar,0,0,La Liga,2018-19
Sat Nov 10 2018,Getafe CF,Valencia CF,0,1,La Liga,2018-19
Sat Nov 10 2018,Atlético Madrid,Athletic Club Bilbao,3,2,La Liga,2018-19
Sat Nov 10 2018,Girona FC,CD Leganés,0,0,La Liga,2018-19
Sun Nov 11 2018,Deportivo Alavés,SD Huesca,2,1,La Liga,2018-19
Sun Nov 11 2018,FC Barcelona,Real Betis,3,4,La Liga,2018-19
Sun Nov 11 2018,Sevilla FC,RCD Espanyol,2,1,La Liga,2018-19
Sun Nov 11 2018,Rayo Vallecano,Villarreal CF,2,2,La Liga,2018-19
Sun Nov 11 2018,RC Celta Vigo,Real Madrid,2,4,La Liga,2018-19
Fri Nov 23 2018,CD Leganés,Deportivo Alavés,1,0,La Liga,2018-19
Sat Nov 24 2018,SD Eibar,Real Madrid,3,0,La Liga,2018-19
Sat Nov 24 2018,Valencia CF,Rayo Vallecano,3,0,La Liga,2018-19
Sat Nov 24 2018,SD Huesca,Levante UD,2,2,La Liga,2018-19
Sat Nov 24 2018,Atlético Madrid,FC Barcelona,1,1,La Liga,2018-19
Sun Nov 25 2018,Athletic Club Bilbao,Getafe CF,1,1,La Liga,2018-19
Sun Nov 25 2018,Sevilla FC,Real Valladolid CF,1,0,La Liga,2018-19
Sun Nov 25 2018,RCD Espanyol,Girona FC,1,3,La Liga,2018-19
Sun Nov 25 2018,Villarreal CF,Real Betis,2,1,La Liga,2018-19
Mon Nov 26 2018,Real Sociedad,RC Celta Vigo,2,1,La Liga,2018-19
Fri Nov 30 2018,Rayo Vallecano,SD Eibar,1,0,La Liga,2018-19
Sat Dec 1 2018,RC Celta Vigo,SD Huesca,2,0,La Liga,2018-19
Sat Dec 1 2018,Real Valladolid CF,CD Leganés,2,4,La Liga,2018-19
Sat Dec 1 2018,Getafe CF,RCD Espanyol,3,0,La Liga,2018-19
Sat Dec 1 2018,Real Madrid,Valencia CF,2,0,La Liga,2018-19
Sun Dec 2 2018,Real Betis,Real Sociedad,1,0,La Liga,2018-19
Sun Dec 2 2018,Girona FC,Atlético Madrid,1,1,La Liga,2018-19
Sun Dec 2 2018,FC Barcelona,Villarreal CF,2,0,La Liga,2018-19
Sun Dec 2 2018,Deportivo Alavés,Sevilla FC,1,1,La Liga,2018-19
Mon Dec 3 2018,Levante UD,Athletic Club Bilbao,3,0,La Liga,2018-19
Fri Dec 7 2018,CD Leganés,Getafe CF,1,1,La Liga,2018-19
Sat Dec 8 2018,Atlético Madrid,Deportivo Alavés,3,0,La Liga,2018-19
Sat Dec 8 2018,Valencia CF,Sevilla FC,1,1,La Liga,2018-19
Sat Dec 8 2018,Villarreal CF,RC Celta Vigo,2,3,La Liga,2018-19
Sat Dec 8 2018,RCD Espanyol,FC Barcelona,0,4,La Liga,2018-19
Sun Dec 9 2018,SD Eibar,Levante UD,4,4,La Liga,2018-19
Sun Dec 9 2018,SD Huesca,Real Madrid,0,1,La Liga,2018-19
Sun Dec 9 2018,Real Sociedad,Real Valladolid CF,1,2,La Liga,2018-19
Sun Dec 9 2018,Real Betis,Rayo Vallecano,2,0,La Liga,2018-19
Mon Dec 10 2018,Athletic Club Bilbao,Girona FC,1,0,La Liga,2018-19
Fri Dec 14 2018,RC Celta Vigo,CD Leganés,0,0,La Liga,2018-19
Sat Dec 15 2018,Getafe CF,Real Sociedad,1,0,La Liga,2018-19
Sat Dec 15 2018,Real Valladolid CF,Atlético Madrid,2,3,La Liga,2018-19
Sat Dec 15 2018,Real Madrid,Rayo Vallecano,1,0,La Liga,2018-19
Sat Dec 15 2018,SD Eibar,Valencia CF,1,1,La Liga,2018-19
Sun Dec 16 2018,Sevilla FC,Girona FC,2,0,La Liga,2018-19
Sun Dec 16 2018,RCD Espanyol,Real Betis,1,3,La Liga,2018-19
Sun Dec 16 2018,SD Huesca,Villarreal CF,2,2,La Liga,2018-19
Sun Dec 16 2018,Levante UD,FC Barcelona,0,5,La Liga,2018-19
Mon Dec 17 2018,Deportivo Alavés,Athletic Club Bilbao,0,0,La Liga,2018-19
Fri Dec 21 2018,Girona FC,Getafe CF,1,1,La Liga,2018-19
Fri Dec 21 2018,Real Sociedad,Deportivo Alavés,0,1,La Liga,2018-19
Sat Dec 22 2018,Real Betis,SD Eibar,1,1,La Liga,2018-19
Sat Dec 22 2018,Atlético Madrid,RCD Espanyol,1,0,La Liga,2018-19
Sat Dec 22 2018,FC Barcelona,RC Celta Vigo,2,0,La Liga,2018-19
Sat Dec 22 2018,Athletic Club Bilbao,Real Valladolid CF,1,1,La Liga,2018-19
Sun Dec 23 2018,Valencia CF,SD Huesca,2,1,La Liga,2018-19
Sun Dec 23 2018,CD Leganés,Sevilla FC,1,1,La Liga,2018-19
Sun Dec 23 2018,Rayo Vallecano,Levante UD,2,1,La Liga,2018-19
Thu Jan 3 2019,Villarreal CF,Real Madrid,2,2,La Liga,2018-19
Fri Jan 4 2019,Levante UD,Girona FC,2,2,La Liga,2018-19
Fri Jan 4 2019,RCD Espanyol,CD Leganés,1,0,La Liga,2018-19
Sat Jan 5 2019,Real Valladolid CF,Rayo Vallecano,0,1,La Liga,2018-19
Sat Jan 5 2019,Deportivo Alavés,Valencia CF,2,1,La Liga,2018-19
Sat Jan 5 2019,SD Huesca,Real Betis,2,1,La Liga,2018-19
Sun Jan 6 2019,SD Eibar,Villarreal CF,0,0,La Liga,2018-19
Sun Jan 6 2019,Sevilla FC,Atlético Madrid,1,1,La Liga,2018-19
Sun Jan 6 2019,Real Madrid,Real Sociedad,0,2,La Liga,2018-19
Sun Jan 6 2019,Getafe CF,FC Barcelona,1,2,La Liga,2018-19
Mon Jan 7 2019,RC Celta Vigo,Athletic Club Bilbao,1,2,La Liga,2018-19
Fri Jan 11 2019,Rayo Vallecano,RC Celta Vigo,4,2,La Liga,2018-19
Sat Jan 12 2019,CD Leganés,SD Huesca,1,0,La Liga,2018-19
Sat Jan 12 2019,Valencia CF,Real Valladolid CF,1,1,La Liga,2018-19
Sat Jan 12 2019,Girona FC,Deportivo Alavés,1,1,La Liga,2018-19
Sat Jan 12 2019,Villarreal CF,Getafe CF,1,2,La Liga,2018-19
Sun Jan 13 2019,Atlético Madrid,Levante UD,1,0,La Liga,2018-19
Sun Jan 13 2019,Athletic Club Bilbao,Sevilla FC,2,0,La Liga,2018-19
Sun Jan 13 2019,FC Barcelona,SD Eibar,3,0,La Liga,2018-19
Sun Jan 13 2019,Real Betis,Real Madrid,1,2,La Liga,2018-19
Mon Jan 14 2019,Real Sociedad,RCD Espanyol,3,2,La Liga,2018-19
Fri Jan 18 2019,Getafe CF,Deportivo Alavés,4,0,La Liga,2018-19
Sat Jan 19 2019,Real Madrid,Sevilla FC,2,0,La Liga,2018-19
Sat Jan 19 2019,SD Huesca,Atlético Madrid,0,3,La Liga,2018-19
Sat Jan 19 2019,RC Celta Vigo,Valencia CF,1,2,La Liga,2018-19
Sun Jan 20 2019,Real Betis,Girona FC,3,2,La Liga,2018-19
Sun Jan 20 2019,Villarreal CF,Athletic Club Bilbao,1,1,La Liga,2018-19
Sun Jan 20 2019,Levante UD,Real Valladolid CF,2,0,La Liga,2018-19
Sun Jan 20 2019,Rayo Vallecano,Real Sociedad,2,2,La Liga,2018-19
Sun Jan 20 2019,FC Barcelona,CD Leganés,3,1,La Liga,2018-19
Mon Jan 21 2019,SD Eibar,RCD Espanyol,3,0,La Liga,2018-19
Sat Jan 26 2019,Sevilla FC,Levante UD,5,0,La Liga,2018-19
Sat Jan 26 2019,Atlético Madrid,Getafe CF,2,0,La Liga,2018-19
Sat Jan 26 2019,CD Leganés,SD Eibar,2,2,La Liga,2018-19
Sat Jan 26 2019,Valencia CF,Villarreal CF,3,0,La Liga,2018-19
Sun Jan 27 2019,Real Valladolid CF,RC Celta Vigo,2,1,La Liga,2018-19
Sun Jan 27 2019,Girona FC,FC Barcelona,0,2,La Liga,2018-19
Sun Jan 27 2019,Athletic Club Bilbao,Real Betis,1,0,La Liga,2018-19
Sun Jan 27 2019,Real Sociedad,SD Huesca,0,0,La Liga,2018-19
Sun Jan 27 2019,RCD Espanyol,Real Madrid,2,4,La Liga,2018-19
Mon Jan 28 2019,Deportivo Alavés,Rayo Vallecano,0,1,La Liga,2018-19
Fri Feb 1 2019,SD Huesca,Real Valladolid CF,4,0,La Liga,2018-19
Sat Feb 2 2019,Levante UD,Getafe CF,0,0,La Liga,2018-19
Sat Feb 2 2019,Real Sociedad,Athletic Club Bilbao,2,1,La Liga,2018-19
Sat Feb 2 2019,FC Barcelona,Valencia CF,2,2,La Liga,2018-19
Sat Feb 2 2019,RC Celta Vigo,Sevilla FC,1,0,La Liga,2018-19
Sun Feb 3 2019,Villarreal CF,RCD Espanyol,2,2,La Liga,2018-19
Sun Feb 3 2019,Real Betis,Atlético Madrid,1,0,La Liga,2018-19
Sun Feb 3 2019,SD Eibar,Girona FC,3,0,La Liga,2018-19
Sun Feb 3 2019,Real Madrid,Deportivo Alavés,3,0,La Liga,2018-19
Mon Feb 4 2019,Rayo Vallecano,CD Leganés,1,2,La Liga,2018-19
Fri Feb 8 2019,Real Valladolid CF,Villarreal CF,0,0,La Liga,2018-19
Sat Feb 9 2019,Getafe CF,RC Celta Vigo,3,1,La Liga,2018-19
Sat Feb 9 2019,Atlético Madrid,Real Madrid,1,3,La Liga,2018-19
Sat Feb 9 2019,RCD Espanyol,Rayo Vallecano,2,1,La Liga,2018-19
Sat Feb 9 2019,Girona FC,SD Huesca,0,2,La Liga,2018-19
Sun Feb 10 2019,CD Leganés,Real Betis,3,0,La Liga,2018-19
Sun Feb 10 2019,Valencia CF,Real Sociedad,0,0,La Liga,2018-19
Sun Feb 10 2019,Sevilla FC,SD Eibar,2,2,La Liga,2018-19
Sun Feb 10 2019,Athletic Club Bilbao,FC Barcelona,0,0,La Liga,2018-19
Mon Feb 11 2019,Deportivo Alavés,Levante UD,2,0,La Liga,2018-19
Fri Feb 15 2019,SD Eibar,Getafe CF,2,2,La Liga,2018-19
Sat Feb 16 2019,RC Celta Vigo,Levante UD,1,4,La Liga,2018-19
Sat Feb 16 2019,Rayo Vallecano,Atlético Madrid,0,1,La Liga,2018-19
Sat Feb 16 2019,Real Sociedad,CD Leganés,3,0,La Liga,2018-19
Sat Feb 16 2019,FC Barcelona,Real Valladolid CF,1,0,La Liga,2018-19
Sun Feb 17 2019,Real Madrid,Girona FC,1,2,La Liga,2018-19
Sun Feb 17 2019,Valencia CF,RCD Espanyol,0,0,La Liga,2018-19
Sun Feb 17 2019,Villarreal CF,Sevilla FC,3,0,La Liga,2018-19
Sun Feb 17 2019,Real Betis,Deportivo Alavés,1,1,La Liga,2018-19
Mon Feb 18 2019,SD Huesca,Athletic Club Bilbao,0,1,La Liga,2018-19
Fri Feb 22 2019,RCD Espanyol,SD Huesca,1,1,La Liga,2018-19
Sat Feb 23 2019,Getafe CF,Rayo Vallecano,2,1,La Liga,2018-19
Sat Feb 23 2019,Sevilla FC,FC Barcelona,2,4,La Liga,2018-19
Sat Feb 23 2019,Deportivo Alavés,RC Celta Vigo,0,0,La Liga,2018-19
Sat Feb 23 2019,Athletic Club Bilbao,SD Eibar,1,0,La Liga,2018-19
Sun Feb 24 2019,CD Leganés,Valencia CF,1,1,La Liga,2018-19
Sun Feb 24 2019,Atlético Madrid,Villarreal CF,2,0,La Liga,2018-19
Sun Feb 24 2019,Real Valladolid CF,Real Betis,0,2,La Liga,2018-19
Sun Feb 24 2019,Levante UD,Real Madrid,1,2,La Liga,2018-19
Mon Feb 25 2019,Girona FC,Real Sociedad,0,0,La Liga,2018-19
Fri Mar 1 2019,Rayo Vallecano,Girona FC,0,2,La Liga,2018-19
Sat Mar 2 2019,RCD Espanyol,Real Valladolid CF,3,1,La Liga,2018-19
Sat Mar 2 2019,Villarreal CF,Deportivo Alavés,1,2,La Liga,2018-19
Sat Mar 2 2019,SD Huesca,Sevilla FC,2,1,La Liga,2018-19
Sat Mar 2 2019,Real Madrid,FC Barcelona,0,1,La Liga,2018-19
Sun Mar 3 2019,SD Eibar,RC Celta Vigo,1,0,La Liga,2018-19
Sun Mar 3 2019,Real Betis,Getafe CF,1,2,La Liga,2018-19
Sun Mar 3 2019,Real Sociedad,Atlético Madrid,0,2,La Liga,2018-19
Sun Mar 3 2019,Valencia CF,Athletic Club Bilbao,2,0,La Liga,2018-19
Mon Mar 4 2019,CD Leganés,Levante UD,1,0,La Liga,2018-19
Fri Mar 8 2019,Athletic Club Bilbao,RCD Espanyol,1,1,La Liga,2018-19
Sat Mar 9 2019,Deportivo Alavés,SD Eibar,1,1,La Liga,2018-19
Sat Mar 9 2019,Atlético Madrid,CD Leganés,1,0,La Liga,2018-19
Sat Mar 9 2019,FC Barcelona,Rayo Vallecano,3,1,La Liga,2018-19
Sat Mar 9 2019,Getafe CF,SD Huesca,2,1,La Liga,2018-19
Sun Mar 10 2019,RC Celta Vigo,Real Betis,0,1,La Liga,2018-19
Sun Mar 10 2019,Girona FC,Valencia CF,2,3,La Liga,2018-19
Sun Mar 10 2019,Sevilla FC,Real Sociedad,5,2,La Liga,2018-19
Sun Mar 10 2019,Levante UD,Villarreal CF,0,2,La Liga,2018-19
Sun Mar 10 2019,Real Valladolid CF,Real Madrid,1,4,La Liga,2018-19
Fri Mar 15 2019,Real Sociedad,Levante UD,1,1,La Liga,2018-19
Sat Mar 16 2019,SD Huesca,Deportivo Alavés,1,3,La Liga,2018-19
Sat Mar 16 2019,Real Madrid,RC Celta Vigo,2,0,La Liga,2018-19
Sat Mar 16 2019,Athletic Club Bilbao,Atlético Madrid,2,0,La Liga,2018-19
Sat Mar 16 2019,CD Leganés,Girona FC,0,2,La Liga,2018-19
Sun Mar 17 2019,SD Eibar,Real Valladolid CF,1,2,La Liga,2018-19
Sun Mar 17 2019,RCD Espanyol,Sevilla FC,0,1,La Liga,2018-19
Sun Mar 17 2019,Villarreal CF,Rayo Vallecano,3,1,La Liga,2018-19
Sun Mar 17 2019,Valencia CF,Getafe CF,0,0,La Liga,2018-19
Sun Mar 17 2019,Real Betis,FC Barcelona,1,4,La Liga,2018-19
Fri Mar 29 2019,Girona FC,Athletic Club Bilbao,1,2,La Liga,2018-19
Sat Mar 30 2019,Getafe CF,CD Leganés,0,2,La Liga,2018-19
Sat Mar 30 2019,FC Barcelona,RCD Espanyol,2,0,La Liga,2018-19
Sat Mar 30 2019,RC Celta Vigo,Villarreal CF,3,2,La Liga,2018-19
Sat Mar 30 2019,Deportivo Alavés,Atlético Madrid,0,4,La Liga,2018-19
Sun Mar 31 2019,Levante UD,SD Eibar,2,2,La Liga,2018-19
Sun Mar 31 2019,Rayo Vallecano,Real Betis,1,1,La Liga,2018-19
Sun Mar 31 2019,Sevilla FC,Valencia CF,0,1,La Liga,2018-19
Sun Mar 31 2019,Real Valladolid CF,Real Sociedad,1,1,La Liga,2018-19
Sun Mar 31 2019,Real Madrid,SD Huesca,3,2,La Liga,2018-19
Tue Apr 2 2019,Atlético Madrid,Girona FC,2,0,La Liga,2018-19
Tue Apr 2 2019,RCD Espanyol,Getafe CF,1,1,La Liga,2018-19
Tue Apr 2 2019,Villarreal CF,FC Barcelona,4,4,La Liga,2018-19
Wed Apr 3 2019,Athletic Club Bilbao,Levante UD,3,2,La Liga,2018-19
Wed Apr 3 2019,SD Eibar,Rayo Vallecano,2,1,La Liga,2018-19
Wed Apr 3 2019,SD Huesca,RC Celta Vigo,3,3,La Liga,2018-19
Wed Apr 3 2019,Valencia CF,Real Madrid,2,1,La Liga,2018-19
Thu Apr 4 2019,Sevilla FC,Deportivo Alavés,2,0,La Liga,2018-19
Thu Apr 4 2019,CD Leganés,Real Valladolid CF,1,0,La Liga,2018-19
Thu Apr 4 2019,Real Sociedad,Real Betis,2,1,La Liga,2018-19
Sat Apr 6 2019,Girona FC,RCD Espanyol,1,2,La Liga,2018-19
Sat Apr 6 2019,Real Madrid,SD Eibar,2,1,La Liga,2018-19
Sat Apr 6 2019,Rayo Vallecano,Valencia CF,2,0,La Liga,2018-19
Sat Apr 6 2019,FC Barcelona,Atlético Madrid,2,0,La Liga,2018-19
Sun Apr 7 2019,Deportivo Alavés,CD Leganés,1,1,La Liga,2018-19
Sun Apr 7 2019,Getafe CF,Athletic Club Bilbao,1,0,La Liga,2018-19
Sun Apr 7 2019,Real Valladolid CF,Sevilla FC,0,2,La Liga,2018-19
Sun Apr 7 2019,RC Celta Vigo,Real Sociedad,3,1,La Liga,2018-19
Sun Apr 7 2019,Levante UD,SD Huesca,2,2,La Liga,2018-19
Sun Apr 7 2019,Real Betis,Villarreal CF,2,1,La Liga,2018-19
Sat Apr 13 2019,RCD Espanyol,Deportivo Alavés,2,1,La Liga,2018-19
Sat Apr 13 2019,SD Huesca,FC Barcelona,0,0,La Liga,2018-19
Sat Apr 13 2019,Atlético Madrid,RC Celta Vigo,2,0,La Liga,2018-19
Sat Apr 13 2019,Sevilla FC,Real Betis,3,2,La Liga,2018-19
Sun Apr 14 2019,Real Valladolid CF,Getafe CF,2,2,La Liga,2018-19
Sun Apr 14 2019,Athletic Club Bilbao,Rayo Vallecano,3,2,La Liga,2018-19
Sun Apr 14 2019,Real Sociedad,SD Eibar,1,1,La Liga,2018-19
Sun Apr 14 2019,Girona FC,Villarreal CF,0,1,La Liga,2018-19
Sun Apr 14 2019,Valencia CF,Levante UD,3,1,La Liga,2018-19
Mon Apr 15 2019,CD Leganés,Real Madrid,1,1,La Liga,2018-19
Fri Apr 19 2019,Deportivo Alavés,Real Valladolid CF,2,2,La Liga,2018-19
Sat Apr 20 2019,RC Celta Vigo,Girona FC,2,1,La Liga,2018-19
Sat Apr 20 2019,SD Eibar,Atlético Madrid,0,1,La Liga,2018-19
Sat Apr 20 2019,Rayo Vallecano,SD Huesca,0,0,La Liga,2018-19
Sat Apr 20 2019,FC Barcelona,Real Sociedad,2,1,La Liga,2018-19
Sun Apr 21 2019,Levante UD,RCD Espanyol,2,2,La Liga,2018-19
Sun Apr 21 2019,Getafe CF,Sevilla FC,3,0,La Liga,2018-19
Sun Apr 21 2019,Real Madrid,Athletic Club Bilbao,3,0,La Liga,2018-19
Sun Apr 21 2019,Villarreal CF,CD Leganés,2,1,La Liga,2018-19
Sun Apr 21 2019,Real Betis,Valencia CF,1,2,La Liga,2018-19
Tue Apr 23 2019,SD Huesca,SD Eibar,2,0,La Liga,2018-19
Tue Apr 23 2019,Real Valladolid CF,Girona FC,1,0,La Liga,2018-19
Tue Apr 23 2019,Deportivo Alavés,FC Barcelona,0,2,La Liga,2018-19
Wed Apr 24 2019,Atlético Madrid,Valencia CF,3,2,La Liga,2018-19
Wed Apr 24 2019,RCD Espanyol,RC Celta Vigo,1,1,La Liga,2018-19
Wed Apr 24 2019,CD Leganés,Athletic Club Bilbao,0,1,La Liga,2018-19
Wed Apr 24 2019,Levante UD,Real Betis,4,0,La Liga,2018-19
Thu Apr 25 2019,Sevilla FC,Rayo Vallecano,5,0,La Liga,2018-19
Thu Apr 25 2019,Real Sociedad,Villarreal CF,0,1,La Liga,2018-19
Thu Apr 25 2019,Getafe CF,Real Madrid,0,0,La Liga,2018-19
Sat Apr 27 2019,Athletic Club Bilbao,Deportivo Alavés,1,1,La Liga,2018-19
Sat Apr 27 2019,Atlético Madrid,Real Valladolid CF,1,0,La Liga,2018-19
Sat Apr 27 2019,CD Leganés,RC Celta Vigo,0,0,La Liga,2018-19
Sat Apr 27 2019,FC Barcelona,Levante UD,1,0,La Liga,2018-19
Sun Apr 28 2019,Valencia CF,SD Eibar,0,1,La Liga,2018-19
Sun Apr 28 2019,Girona FC,Sevilla FC,1,0,La Liga,2018-19
Sun Apr 28 2019,Real Sociedad,Getafe CF,2,1,La Liga,2018-19
Sun Apr 28 2019,Villarreal CF,SD Huesca,1,1,La Liga,2018-19
Sun Apr 28 2019,Rayo Vallecano,Real Madrid,1,0,La Liga,2018-19
Mon Apr 29 2019,Real Betis,RCD Espanyol,1,1,La Liga,2018-19
Fri May 3 2019,Sevilla FC,CD Leganés,0,3,La Liga,2018-19
Sat May 4 2019,Levante UD,Rayo Vallecano,4,1,La Liga,2018-19
Sat May 4 2019,RCD Espanyol,Atlético Madrid,3,0,La Liga,2018-19
Sat May 4 2019,Deportivo Alavés,Real Sociedad,0,1,La Liga,2018-19
Sat May 4 2019,RC Celta Vigo,FC Barcelona,2,0,La Liga,2018-19
Sun May 5 2019,Getafe CF,Girona FC,2,0,La Liga,2018-19
Sun May 5 2019,SD Eibar,Real Betis,1,0,La Liga,2018-19
Sun May 5 2019,Real Madrid,Villarreal CF,3,2,La Liga,2018-19
Sun May 5 2019,Real Valladolid CF,Athletic Club Bilbao,1,0,La Liga,2018-19
Sun May 5 2019,SD Huesca,Valencia CF,2,6,La Liga,2018-19
Sun May 12 2019,Valencia CF,Deportivo Alavés,3,1,La Liga,2018-19
Sun May 12 2019,FC Barcelona,Getafe CF,2,0,La Liga,2018-19
Sun May 12 2019,CD Leganés,RCD Espanyol,0,2,La Liga,2018-19
Sun May 12 2019,Atlético Madrid,Sevilla FC,1,1,La Liga,2018-19
Sun May 12 2019,Villarreal CF,SD Eibar,1,0,La Liga,2018-19
Sun May 12 2019,Real Betis,SD Huesca,2,1,La Liga,2018-19
Sun May 12 2019,Girona FC,Levante UD,1,2,La Liga,2018-19
Sun May 12 2019,Rayo Vallecano,Real Valladolid CF,1,2,La Liga,2018-19
Sun May 12 2019,Real Sociedad,Real Madrid,3,1,La Liga,2018-19
Sun May 12 2019,Athletic Club Bilbao,RC Celta Vigo,3,1,La Liga,2018-19
Sat May 18 2019,Levante UD,Atlético Madrid,2,2,La Liga,2018-19
Sat May 18 2019,Real Valladolid CF,Valencia CF,0,2,La Liga,2018-19
Sat May 18 2019,Getafe CF,Villarreal CF,2,2,La Liga,2018-19
Sat May 18 2019,Sevilla FC,Athletic Club Bilbao,2,0,La Liga,2018-19
Sat May 18 2019,RCD Espanyol,Real Sociedad,2,0,La Liga,2018-19
Sat May 18 2019,SD Huesca,CD Leganés,2,1,La Liga,2018-19
Sat May 18 2019,RC Celta Vigo,Rayo Vallecano,2,2,La Liga,2018-19
Sat May 18 2019,Deportivo Alavés,Girona FC,2,1,La Liga,2018-19
Sun May 19 2019,Real Madrid,Real Betis,0,2,La Liga,2018-19
Sun May 19 2019,SD Eibar,FC Barcelona,2,2,La Liga,2018-19
Fri Aug 16 2019,Athletic Club Bilbao,FC Barcelona,1,0,La Liga,2019-20
Sat Aug 17 2019,RC Celta Vigo,Real Madrid,1,3,La Liga,2019-20
Sat Aug 17 2019,Valencia CF,Real Sociedad,1,1,La Liga,2019-20
Sat Aug 17 2019,RCD Mallorca,SD Eibar,2,1,La Liga,2019-20
Sat Aug 17 2019,CD Leganés,CA Osasuna,0,1,La Liga,2019-20
Sat Aug 17 2019,Villarreal CF,Granada CF,4,4,La Liga,2019-20
Sun Aug 18 2019,Deportivo Alavés,Levante UD,1,0,La Liga,2019-20
Sun Aug 18 2019,RCD Espanyol,Sevilla FC,0,2,La Liga,2019-20
Sun Aug 18 2019,Real Betis,Real Valladolid CF,1,2,La Liga,2019-20
Sun Aug 18 2019,Atlético Madrid,Getafe CF,1,0,La Liga,2019-20
Fri Aug 23 2019,Granada CF,Sevilla FC,0,1,La Liga,2019-20
Fri Aug 23 2019,Levante UD,Villarreal CF,2,1,La Liga,2019-20
Sat Aug 24 2019,CA Osasuna,SD Eibar,0,0,La Liga,2019-20
Sat Aug 24 2019,Real Madrid,Real Valladolid CF,1,1,La Liga,2019-20
Sat Aug 24 2019,RC Celta Vigo,Valencia CF,1,0,La Liga,2019-20
Sat Aug 24 2019,Getafe CF,Athletic Club Bilbao,1,1,La Liga,2019-20
Sun Aug 25 2019,Deportivo Alavés,RCD Espanyol,0,0,La Liga,2019-20
Sun Aug 25 2019,RCD Mallorca,Real Sociedad,0,1,La Liga,2019-20
Sun Aug 25 2019,CD Leganés,Atlético Madrid,0,1,La Liga,2019-20
Sun Aug 25 2019,FC Barcelona,Real Betis,5,2,La Liga,2019-20
Fri Aug 30 2019,Sevilla FC,RC Celta Vigo,1,1,La Liga,2019-20
Fri Aug 30 2019,Athletic Club Bilbao,Real Sociedad,2,0,La Liga,2019-20
Sat Aug 31 2019,CA Osasuna,FC Barcelona,2,2,La Liga,2019-20
Sat Aug 31 2019,Getafe CF,Deportivo Alavés,1,1,La Liga,2019-20
Sat Aug 31 2019,Levante UD,Real Valladolid CF,2,0,La Liga,2019-20
Sat Aug 31 2019,Real Betis,CD Leganés,2,1,La Liga,2019-20
Sun Sep 1 2019,Valencia CF,RCD Mallorca,2,0,La Liga,2019-20
Sun Sep 1 2019,Atlético Madrid,SD Eibar,3,2,La Liga,2019-20
Sun Sep 1 2019,RCD Espanyol,Granada CF,0,3,La Liga,2019-20
Sun Sep 1 2019,Villarreal CF,Real Madrid,2,2,La Liga,2019-20
Fri Sep 13 2019,RCD Mallorca,Athletic Club Bilbao,0,0,La Liga,2019-20
Sat Sep 14 2019,Real Madrid,Levante UD,3,2,La Liga,2019-20
Sat Sep 14 2019,CD Leganés,Villarreal CF,0,3,La Liga,2019-20
Sat Sep 14 2019,Real Sociedad,Atlético Madrid,2,0,La Liga,2019-20
Sat Sep 14 2019,FC Barcelona,Valencia CF,5,2,La Liga,2019-20
Sun Sep 15 2019,SD Eibar,RCD Espanyol,1,2,La Liga,2019-20
Sun Sep 15 2019,Deportivo Alavés,Sevilla FC,0,1,La Liga,2019-20
Sun Sep 15 2019,RC Celta Vigo,Granada CF,0,2,La Liga,2019-20
Sun Sep 15 2019,Real Valladolid CF,CA Osasuna,1,1,La Liga,2019-20
Sun Sep 15 2019,Real Betis,Getafe CF,1,1,La Liga,2019-20
Fri Sep 20 2019,CA Osasuna,Real Betis,0,0,La Liga,2019-20
Sat Sep 21 2019,Villarreal CF,Real Valladolid CF,2,0,La Liga,2019-20
Sat Sep 21 2019,Levante UD,SD Eibar,0,0,La Liga,2019-20
Sat Sep 21 2019,Atlético Madrid,RC Celta Vigo,0,0,La Liga,2019-20
Sat Sep 21 2019,Granada CF,FC Barcelona,2,0,La Liga,2019-20
Sun Sep 22 2019,Getafe CF,RCD Mallorca,4,2,La Liga,2019-20
Sun Sep 22 2019,RCD Espanyol,Real Sociedad,1,3,La Liga,2019-20
Sun Sep 22 2019,Valencia CF,CD Leganés,1,1,La Liga,2019-20
Sun Sep 22 2019,Athletic Club Bilbao,Deportivo Alavés,2,0,La Liga,2019-20
Sun Sep 22 2019,Sevilla FC,Real Madrid,0,1,La Liga,2019-20
Tue Sep 24 2019,Real Valladolid CF,Granada CF,1,1,La Liga,2019-20
Tue Sep 24 2019,Real Betis,Levante UD,3,1,La Liga,2019-20
Tue Sep 24 2019,FC Barcelona,Villarreal CF,2,1,La Liga,2019-20
Wed Sep 25 2019,CD Leganés,Athletic Club Bilbao,1,1,La Liga,2019-20
Wed Sep 25 2019,RCD Mallorca,Atlético Madrid,0,2,La Liga,2019-20
Wed Sep 25 2019,Valencia CF,Getafe CF,3,3,La Liga,2019-20
Wed Sep 25 2019,Real Madrid,CA Osasuna,2,0,La Liga,2019-20
Thu Sep 26 2019,SD Eibar,Sevilla FC,3,2,La Liga,2019-20
Thu Sep 26 2019,RC Celta Vigo,RCD Espanyol,1,1,La Liga,2019-20
Thu Sep 26 2019,Real Sociedad,Deportivo Alavés,3,0,La Liga,2019-20
Fri Sep 27 2019,Villarreal CF,Real Betis,5,1,La Liga,2019-20
Sat Sep 28 2019,Athletic Club Bilbao,Valencia CF,0,1,La Liga,2019-20
Sat Sep 28 2019,Getafe CF,FC Barcelona,0,2,La Liga,2019-20
Sat Sep 28 2019,Granada CF,CD Leganés,1,0,La Liga,2019-20
Sat Sep 28 2019,Atlético Madrid,Real Madrid,0,0,La Liga,2019-20
Sun Sep 29 2019,RCD Espanyol,Real Valladolid CF,0,2,La Liga,2019-20
Sun Sep 29 2019,SD Eibar,RC Celta Vigo,2,0,La Liga,2019-20
Sun Sep 29 2019,Deportivo Alavés,RCD Mallorca,2,0,La Liga,2019-20
Sun Sep 29 2019,Levante UD,CA Osasuna,1,1,La Liga,2019-20
Sun Sep 29 2019,Sevilla FC,Real Sociedad,3,2,La Liga,2019-20
Fri Oct 4 2019,Real Betis,SD Eibar,1,1,La Liga,2019-20
Sat Oct 5 2019,CD Leganés,Levante UD,1,2,La Liga,2019-20
Sat Oct 5 2019,Real Madrid,Granada CF,4,2,La Liga,2019-20
Sat Oct 5 2019,Valencia CF,Deportivo Alavés,2,1,La Liga,2019-20
Sat Oct 5 2019,CA Osasuna,Villarreal CF,2,1,La Liga,2019-20
Sun Oct 6 2019,RCD Mallorca,RCD Espanyol,2,0,La Liga,2019-20
Sun Oct 6 2019,RC Celta Vigo,Athletic Club Bilbao,1,0,La Liga,2019-20
Sun Oct 6 2019,Real Valladolid CF,Atlético Madrid,0,0,La Liga,2019-20
Sun Oct 6 2019,Real Sociedad,Getafe CF,1,2,La Liga,2019-20
Sun Oct 6 2019,FC Barcelona,Sevilla FC,4,0,La Liga,2019-20
Fri Oct 18 2019,Granada CF,CA Osasuna,1,0,La Liga,2019-20
Sat Oct 19 2019,SD Eibar,FC Barcelona,0,3,La Liga,2019-20
Sat Oct 19 2019,Atlético Madrid,Valencia CF,1,1,La Liga,2019-20
Sat Oct 19 2019,Getafe CF,CD Leganés,2,0,La Liga,2019-20
Sat Oct 19 2019,RCD Mallorca,Real Madrid,1,0,La Liga,2019-20
Sun Oct 20 2019,Deportivo Alavés,RC Celta Vigo,2,0,La Liga,2019-20
Sun Oct 20 2019,Real Sociedad,Real Betis,3,1,La Liga,2019-20
Sun Oct 20 2019,RCD Espanyol,Villarreal CF,0,1,La Liga,2019-20
Sun Oct 20 2019,Athletic Club Bilbao,Real Valladolid CF,1,1,La Liga,2019-20
Sun Oct 20 2019,Sevilla FC,Levante UD,1,0,La Liga,2019-20
Fri Oct 25 2019,Villarreal CF,Deportivo Alavés,4,1,La Liga,2019-20
Sat Oct 26 2019,CD Leganés,RCD Mallorca,1,0,La Liga,2019-20
Sat Oct 26 2019,Real Valladolid CF,SD Eibar,2,0,La Liga,2019-20
Sat Oct 26 2019,Atlético Madrid,Athletic Club Bilbao,2,0,La Liga,2019-20
Sun Oct 27 2019,RC Celta Vigo,Real Sociedad,0,1,La Liga,2019-20
Sun Oct 27 2019,Granada CF,Real Betis,1,0,La Liga,2019-20
Sun Oct 27 2019,Levante UD,RCD Espanyol,0,1,La Liga,2019-20
Sun Oct 27 2019,Sevilla FC,Getafe CF,2,0,La Liga,2019-20
Sun Oct 27 2019,CA Osasuna,Valencia CF,3,1,La Liga,2019-20
Tue Oct 29 2019,Deportivo Alavés,Atlético Madrid,1,1,La Liga,2019-20
Tue Oct 29 2019,FC Barcelona,Real Valladolid CF,5,1,La Liga,2019-20
Wed Oct 30 2019,Real Sociedad,Levante UD,1,2,La Liga,2019-20
Wed Oct 30 2019,Valencia CF,Sevilla FC,1,1,La Liga,2019-20
Wed Oct 30 2019,Athletic Club Bilbao,RCD Espanyol,3,0,La Liga,2019-20
Wed Oct 30 2019,Real Betis,RC Celta Vigo,2,1,La Liga,2019-20
Wed Oct 30 2019,Real Madrid,CD Leganés,5,0,La Liga,2019-20
Thu Oct 31 2019,RCD Mallorca,CA Osasuna,2,2,La Liga,2019-20
Thu Oct 31 2019,SD Eibar,Villarreal CF,2,1,La Liga,2019-20
Thu Oct 31 2019,Getafe CF,Granada CF,3,1,La Liga,2019-20
Sat Nov 2 2019,RCD Espanyol,Valencia CF,1,2,La Liga,2019-20
Sat Nov 2 2019,Levante UD,FC Barcelona,3,1,La Liga,2019-20
Sat Nov 2 2019,Sevilla FC,Atlético Madrid,1,1,La Liga,2019-20
Sat Nov 2 2019,Real Madrid,Real Betis,0,0,La Liga,2019-20
Sun Nov 3 2019,Real Valladolid CF,RCD Mallorca,3,0,La Liga,2019-20
Sun Nov 3 2019,Villarreal CF,Athletic Club Bilbao,0,0,La Liga,2019-20
Sun Nov 3 2019,CA Osasuna,Deportivo Alavés,4,2,La Liga,2019-20
Sun Nov 3 2019,CD Leganés,SD Eibar,1,2,La Liga,2019-20
Sun Nov 3 2019,RC Celta Vigo,Getafe CF,0,1,La Liga,2019-20
Sun Nov 3 2019,Granada CF,Real Sociedad,1,2,La Liga,2019-20
Fri Nov 8 2019,Real Sociedad,CD Leganés,1,1,La Liga,2019-20
Sat Nov 9 2019,Deportivo Alavés,Real Valladolid CF,3,0,La Liga,2019-20
Sat Nov 9 2019,Valencia CF,Granada CF,2,0,La Liga,2019-20
Sat Nov 9 2019,SD Eibar,Real Madrid,0,4,La Liga,2019-20
Sat Nov 9 2019,FC Barcelona,RC Celta Vigo,4,1,La Liga,2019-20
Sun Nov 10 2019,RCD Mallorca,Villarreal CF,3,1,La Liga,2019-20
Sun Nov 10 2019,Athletic Club Bilbao,Levante UD,2,1,La Liga,2019-20
Sun Nov 10 2019,Atlético Madrid,RCD Espanyol,3,1,La Liga,2019-20
Sun Nov 10 2019,Getafe CF,CA Osasuna,0,0,La Liga,2019-20
Sun Nov 10 2019,Real Betis,Sevilla FC,1,2,La Liga,2019-20
Fri Nov 22 2019,Levante UD,RCD Mallorca,2,1,La Liga,2019-20
Sat Nov 23 2019,CD Leganés,FC Barcelona,1,2,La Liga,2019-20
Sat Nov 23 2019,Real Betis,Valencia CF,2,1,La Liga,2019-20
Sat Nov 23 2019,Granada CF,Atlético Madrid,1,1,La Liga,2019-20
Sat Nov 23 2019,Real Madrid,Real Sociedad,3,1,La Liga,2019-20
Sun Nov 24 2019,RCD Espanyol,Getafe CF,1,1,La Liga,2019-20
Sun Nov 24 2019,CA Osasuna,Athletic Club Bilbao,1,2,La Liga,2019-20
Sun Nov 24 2019,SD Eibar,Deportivo Alavés,0,2,La Liga,2019-20
Sun Nov 24 2019,Villarreal CF,RC Celta Vigo,1,3,La Liga,2019-20
Sun Nov 24 2019,Real Valladolid CF,Sevilla FC,0,1,La Liga,2019-20
Fri Nov 29 2019,RC Celta Vigo,Real Valladolid CF,0,0,La Liga,2019-20
Sat Nov 30 2019,Deportivo Alavés,Real Madrid,1,2,La Liga,2019-20
Sat Nov 30 2019,Real Sociedad,SD Eibar,4,1,La Liga,2019-20
Sat Nov 30 2019,RCD Mallorca,Real Betis,1,2,La Liga,2019-20
Sat Nov 30 2019,Valencia CF,Villarreal CF,2,1,La Liga,2019-20
Sun Dec 1 2019,Sevilla FC,CD Leganés,1,0,La Liga,2019-20
Sun Dec 1 2019,Athletic Club Bilbao,Granada CF,2,0,La Liga,2019-20
Sun Dec 1 2019,RCD Espanyol,CA Osasuna,2,4,La Liga,2019-20
Sun Dec 1 2019,Getafe CF,Levante UD,4,0,La Liga,2019-20
Sun Dec 1 2019,Atlético Madrid,FC Barcelona,0,1,La Liga,2019-20
Fri Dec 6 2019,Villarreal CF,Atlético Madrid,0,0,La Liga,2019-20
Sat Dec 7 2019,Real Madrid,RCD Espanyol,2,0,La Liga,2019-20
Sat Dec 7 2019,Granada CF,Deportivo Alavés,3,0,La Liga,2019-20
Sat Dec 7 2019,Levante UD,Valencia CF,2,4,La Liga,2019-20
Sat Dec 7 2019,FC Barcelona,RCD Mallorca,5,2,La Liga,2019-20
Sun Dec 8 2019,SD Eibar,Getafe CF,0,1,La Liga,2019-20
Sun Dec 8 2019,Real Betis,Athletic Club Bilbao,3,2,La Liga,2019-20
Sun Dec 8 2019,Real Valladolid CF,Real Sociedad,0,0,La Liga,2019-20
Sun Dec 8 2019,CD Leganés,RC Celta Vigo,3,2,La Liga,2019-20
Sun Dec 8 2019,CA Osasuna,Sevilla FC,1,1,La Liga,2019-20
Fri Dec 13 2019,Deportivo Alavés,CD Leganés,1,1,La Liga,2019-20
Sat Dec 14 2019,Granada CF,Levante UD,1,2,La Liga,2019-20
Sat Dec 14 2019,Real Sociedad,FC Barcelona,2,2,La Liga,2019-20
Sat Dec 14 2019,Athletic Club Bilbao,SD Eibar,0,0,La Liga,2019-20
Sat Dec 14 2019,Atlético Madrid,CA Osasuna,2,0,La Liga,2019-20
Sun Dec 15 2019,Getafe CF,Real Valladolid CF,2,0,La Liga,2019-20
Sun Dec 15 2019,RC Celta Vigo,RCD Mallorca,2,2,La Liga,2019-20
Sun Dec 15 2019,RCD Espanyol,Real Betis,2,2,La Liga,2019-20
Sun Dec 15 2019,Sevilla FC,Villarreal CF,1,2,La Liga,2019-20
Sun Dec 15 2019,Valencia CF,Real Madrid,1,1,La Liga,2019-20
Wed Dec 18 2019,FC Barcelona,Real Madrid,0,0,La Liga,2019-20
Fri Dec 20 2019,SD Eibar,Granada CF,3,0,La Liga,2019-20
Sat Dec 21 2019,RCD Mallorca,Sevilla FC,0,2,La Liga,2019-20
Sat Dec 21 2019,FC Barcelona,Deportivo Alavés,4,1,La Liga,2019-20
Sat Dec 21 2019,Villarreal CF,Getafe CF,1,0,La Liga,2019-20
Sat Dec 21 2019,Real Valladolid CF,Valencia CF,1,1,La Liga,2019-20
Sun Dec 22 2019,CD Leganés,RCD Espanyol,2,0,La Liga,2019-20
Sun Dec 22 2019,CA Osasuna,Real Sociedad,3,4,La Liga,2019-20
Sun Dec 22 2019,Real Betis,Atlético Madrid,1,2,La Liga,2019-20
Sun Dec 22 2019,Levante UD,RC Celta Vigo,3,1,La Liga,2019-20
Sun Dec 22 2019,Real Madrid,Athletic Club Bilbao,0,0,La Liga,2019-20
Fri Jan 3 2020,Real Valladolid CF,CD Leganés,2,2,La Liga,2019-20
Fri Jan 3 2020,Sevilla FC,Athletic Club Bilbao,1,1,La Liga,2019-20
Sat Jan 4 2020,Valencia CF,SD Eibar,1,0,La Liga,2019-20
Sat Jan 4 2020,Getafe CF,Real Madrid,0,3,La Liga,2019-20
Sat Jan 4 2020,Atlético Madrid,Levante UD,2,1,La Liga,2019-20
Sat Jan 4 2020,RCD Espanyol,FC Barcelona,2,2,La Liga,2019-20
Sun Jan 5 2020,Granada CF,RCD Mallorca,1,0,La Liga,2019-20
Sun Jan 5 2020,Real Sociedad,Villarreal CF,1,2,La Liga,2019-20
Sun Jan 5 2020,Deportivo Alavés,Real Betis,1,1,La Liga,2019-20
Sun Jan 5 2020,RC Celta Vigo,CA Osasuna,1,1,La Liga,2019-20
Fri Jan 17 2020,CD Leganés,Getafe CF,0,3,La Liga,2019-20
Sat Jan 18 2020,Levante UD,Deportivo Alavés,0,1,La Liga,2019-20
Sat Jan 18 2020,Real Madrid,Sevilla FC,2,1,La Liga,2019-20
Sat Jan 18 2020,CA Osasuna,Real Valladolid CF,0,0,La Liga,2019-20
Sat Jan 18 2020,SD Eibar,Atlético Madrid,2,0,La Liga,2019-20
Sun Jan 19 2020,RCD Mallorca,Valencia CF,4,1,La Liga,2019-20
Sun Jan 19 2020,Real Betis,Real Sociedad,3,0,La Liga,2019-20
Sun Jan 19 2020,Villarreal CF,RCD Espanyol,1,2,La Liga,2019-20
Sun Jan 19 2020,Athletic Club Bilbao,RC Celta Vigo,1,1,La Liga,2019-20
Sun Jan 19 2020,FC Barcelona,Granada CF,1,0,La Liga,2019-20
Fri Jan 24 2020,CA Osasuna,Levante UD,2,0,La Liga,2019-20
Sat Jan 25 2020,RCD Espanyol,Athletic Club Bilbao,1,1,La Liga,2019-20
Sat Jan 25 2020,Valencia CF,FC Barcelona,2,0,La Liga,2019-20
Sat Jan 25 2020,Deportivo Alavés,Villarreal CF,1,2,La Liga,2019-20
Sat Jan 25 2020,Sevilla FC,Granada CF,2,0,La Liga,2019-20
Sun Jan 26 2020,Atlético Madrid,CD Leganés,0,0,La Liga,2019-20
Sun Jan 26 2020,RC Celta Vigo,SD Eibar,0,0,La Liga,2019-20
Sun Jan 26 2020,Getafe CF,Real Betis,1,0,La Liga,2019-20
Sun Jan 26 2020,Real Sociedad,RCD Mallorca,3,0,La Liga,2019-20
Sun Jan 26 2020,Real Valladolid CF,Real Madrid,0,1,La Liga,2019-20
Sat Feb 1 2020,Granada CF,RCD Espanyol,2,1,La Liga,2019-20
Sat Feb 1 2020,Real Madrid,Atlético Madrid,1,0,La Liga,2019-20
Sat Feb 1 2020,RCD Mallorca,Real Valladolid CF,0,1,La Liga,2019-20
Sat Feb 1 2020,Valencia CF,RC Celta Vigo,1,0,La Liga,2019-20
Sun Feb 2 2020,CD Leganés,Real Sociedad,2,1,La Liga,2019-20
Sun Feb 2 2020,SD Eibar,Real Betis,1,1,La Liga,2019-20
Sun Feb 2 2020,Athletic Club Bilbao,Getafe CF,0,2,La Liga,2019-20
Sun Feb 2 2020,Sevilla FC,Deportivo Alavés,1,1,La Liga,2019-20
Sun Feb 2 2020,Villarreal CF,CA Osasuna,3,1,La Liga,2019-20
Sun Feb 2 2020,FC Barcelona,Levante UD,2,1,La Liga,2019-20
Fri Feb 7 2020,Deportivo Alavés,SD Eibar,2,1,La Liga,2019-20
Sat Feb 8 2020,Levante UD,CD Leganés,2,0,La Liga,2019-20
Sat Feb 8 2020,Getafe CF,Valencia CF,3,0,La Liga,2019-20
Sat Feb 8 2020,Real Valladolid CF,Villarreal CF,1,1,La Liga,2019-20
Sat Feb 8 2020,Atlético Madrid,Granada CF,1,0,La Liga,2019-20
Sun Feb 9 2020,RCD Espanyol,RCD Mallorca,1,0,La Liga,2019-20
Sun Feb 9 2020,Real Sociedad,Athletic Club Bilbao,2,1,La Liga,2019-20
Sun Feb 9 2020,CA Osasuna,Real Madrid,1,4,La Liga,2019-20
Sun Feb 9 2020,RC Celta Vigo,Sevilla FC,2,1,La Liga,2019-20
Sun Feb 9 2020,Real Betis,FC Barcelona,2,3,La Liga,2019-20
Fri Feb 14 2020,Valencia CF,Atlético Madrid,2,2,La Liga,2019-20
Sat Feb 15 2020,RCD Mallorca,Deportivo Alavés,1,0,La Liga,2019-20
Sat Feb 15 2020,FC Barcelona,Getafe CF,2,1,La Liga,2019-20
Sat Feb 15 2020,Villarreal CF,Levante UD,2,1,La Liga,2019-20
Sat Feb 15 2020,Granada CF,Real Valladolid CF,2,1,La Liga,2019-20
Sun Feb 16 2020,Sevilla FC,RCD Espanyol,2,2,La Liga,2019-20
Sun Feb 16 2020,CD Leganés,Real Betis,0,0,La Liga,2019-20
Sun Feb 16 2020,Athletic Club Bilbao,CA Osasuna,0,1,La Liga,2019-20
Sun Feb 16 2020,Real Madrid,RC Celta Vigo,2,2,La Liga,2019-20
Fri Feb 21 2020,Real Betis,RCD Mallorca,3,3,La Liga,2019-20
Sat Feb 22 2020,RC Celta Vigo,CD Leganés,1,0,La Liga,2019-20
Sat Feb 22 2020,FC Barcelona,SD Eibar,5,0,La Liga,2019-20
Sat Feb 22 2020,Real Sociedad,Valencia CF,3,0,La Liga,2019-20
Sat Feb 22 2020,Levante UD,Real Madrid,1,0,La Liga,2019-20
Sun Feb 23 2020,CA Osasuna,Granada CF,0,3,La Liga,2019-20
Sun Feb 23 2020,Deportivo Alavés,Athletic Club Bilbao,2,1,La Liga,2019-20
Sun Feb 23 2020,Real Valladolid CF,RCD Espanyol,2,1,La Liga,2019-20
Sun Feb 23 2020,Getafe CF,Sevilla FC,0,3,La Liga,2019-20
Sun Feb 23 2020,Atlético Madrid,Villarreal CF,3,1,La Liga,2019-20
Fri Feb 28 2020,Real Sociedad,Real Valladolid CF,1,0,La Liga,2019-20
Sat Feb 29 2020,SD Eibar,Levante UD,3,0,La Liga,2019-20
Sat Feb 29 2020,Valencia CF,Real Betis,2,1,La Liga,2019-20
Sat Feb 29 2020,CD Leganés,Deportivo Alavés,1,1,La Liga,2019-20
Sat Feb 29 2020,Granada CF,RC Celta Vigo,0,0,La Liga,2019-20
Sun Mar 1 2020,Sevilla FC,CA Osasuna,3,2,La Liga,2019-20
Sun Mar 1 2020,Athletic Club Bilbao,Villarreal CF,1,0,La Liga,2019-20
Sun Mar 1 2020,RCD Espanyol,Atlético Madrid,1,1,La Liga,2019-20
Sun Mar 1 2020,RCD Mallorca,Getafe CF,0,1,La Liga,2019-20
Sun Mar 1 2020,Real Madrid,FC Barcelona,2,0,La Liga,2019-20
Fri Mar 6 2020,Deportivo Alavés,Valencia CF,1,1,La Liga,2019-20
Sat Mar 7 2020,SD Eibar,RCD Mallorca,1,2,La Liga,2019-20
Sat Mar 7 2020,Atlético Madrid,Sevilla FC,2,2,La Liga,2019-20
Sat Mar 7 2020,FC Barcelona,Real Sociedad,1,0,La Liga,2019-20
Sat Mar 7 2020,Getafe CF,RC Celta Vigo,0,0,La Liga,2019-20
Sun Mar 8 2020,CA Osasuna,RCD Espanyol,1,0,La Liga,2019-20
Sun Mar 8 2020,Real Valladolid CF,Athletic Club Bilbao,1,4,La Liga,2019-20
Sun Mar 8 2020,Levante UD,Granada CF,1,1,La Liga,2019-20
Sun Mar 8 2020,Villarreal CF,CD Leganés,1,2,La Liga,2019-20
Sun Mar 8 2020,Real Betis,Real Madrid,2,1,La Liga,2019-20
Tue Mar 10 2020,SD Eibar,Real Sociedad,1,2,La Liga,2019-20
Thu Jun 11 2020,Sevilla FC,Real Betis,2,0,La Liga,2019-20
Fri Jun 12 2020,Granada CF,Getafe CF,2,1,La Liga,2019-20
Fri Jun 12 2020,Valencia CF,Levante UD,1,1,La Liga,2019-20
Sat Jun 13 2020,RCD Espanyol,Deportivo Alavés,2,0,La Liga,2019-20
Sat Jun 13 2020,RC Celta Vigo,Villarreal CF,0,1,La Liga,2019-20
Sat Jun 13 2020,CD Leganés,Real Valladolid CF,1,2,La Liga,2019-20
Sat Jun 13 2020,RCD Mallorca,FC Barcelona,0,4,La Liga,2019-20
Sun Jun 14 2020,Athletic Club Bilbao,Atlético Madrid,1,1,La Liga,2019-20
Sun Jun 14 2020,Real Madrid,SD Eibar,3,1,La Liga,2019-20
Sun Jun 14 2020,Real Sociedad,CA Osasuna,1,1,La Liga,2019-20
Mon Jun 15 2020,Levante UD,Sevilla FC,1,1,La Liga,2019-20
Mon Jun 15 2020,Real Betis,Granada CF,2,2,La Liga,2019-20
Tue Jun 16 2020,Getafe CF,RCD Espanyol,0,0,La Liga,2019-20
Tue Jun 16 2020,Villarreal CF,RCD Mallorca,1,0,La Liga,2019-20
Tue Jun 16 2020,FC Barcelona,CD Leganés,2,0,La Liga,2019-20
Wed Jun 17 2020,SD Eibar,Athletic Club Bilbao,2,2,La Liga,2019-20
Wed Jun 17 2020,Real Valladolid CF,RC Celta Vigo,0,0,La Liga,2019-20
Wed Jun 17 2020,CA Osasuna,Atlético Madrid,0,5,La Liga,2019-20
Thu Jun 18 2020,Deportivo Alavés,Real Sociedad,2,0,La Liga,2019-20
Thu Jun 18 2020,Real Madrid,Valencia CF,3,0,La Liga,2019-20
Fri Jun 19 2020,RCD Mallorca,CD Leganés,1,1,La Liga,2019-20
Fri Jun 19 2020,Granada CF,Villarreal CF,0,1,La Liga,2019-20
Fri Jun 19 2020,Sevilla FC,FC Barcelona,0,0,La Liga,2019-20
Sat Jun 20 2020,RCD Espanyol,Levante UD,1,3,La Liga,2019-20
Sat Jun 20 2020,Athletic Club Bilbao,Real Betis,1,0,La Liga,2019-20
Sat Jun 20 2020,Getafe CF,SD Eibar,1,1,La Liga,2019-20
Sat Jun 20 2020,Atlético Madrid,Real Valladolid CF,1,0,La Liga,2019-20
Sun Jun 21 2020,RC Celta Vigo,Deportivo Alavés,6,0,La Liga,2019-20
Sun Jun 21 2020,Valencia CF,CA Osasuna,2,0,La Liga,2019-20
Sun Jun 21 2020,Real Sociedad,Real Madrid,1,2,La Liga,2019-20
Mon Jun 22 2020,Villarreal CF,Sevilla FC,2,2,La Liga,2019-20
Mon Jun 22 2020,CD Leganés,Granada CF,0,0,La Liga,2019-20
Tue Jun 23 2020,Levante UD,Atlético Madrid,0,1,La Liga,2019-20
Tue Jun 23 2020,Real Valladolid CF,Getafe CF,1,1,La Liga,2019-20
Tue Jun 23 2020,FC Barcelona,Athletic Club Bilbao,1,0,La Liga,2019-20
Wed Jun 24 2020,Deportivo Alavés,CA Osasuna,0,1,La Liga,2019-20
Wed Jun 24 2020,Real Sociedad,RC Celta Vigo,0,1,La Liga,2019-20
Wed Jun 24 2020,Real Madrid,RCD Mallorca,2,0,La Liga,2019-20
Thu Jun 25 2020,SD Eibar,Valencia CF,1,0,La Liga,2019-20
Thu Jun 25 2020,Real Betis,RCD Espanyol,1,0,La Liga,2019-20
Fri Jun 26 2020,Sevilla FC,Real Valladolid CF,1,1,La Liga,2019-20
Sat Jun 27 2020,Athletic Club Bilbao,RCD Mallorca,3,1,La Liga,2019-20
Sat Jun 27 2020,RC Celta Vigo,FC Barcelona,2,2,La Liga,2019-20
Sat Jun 27 2020,CA Osasuna,CD Leganés,2,1,La Liga,2019-20
Sat Jun 27 2020,Atlético Madrid,Deportivo Alavés,2,1,La Liga,2019-20
Sun Jun 28 2020,Levante UD,Real Betis,4,2,La Liga,2019-20
Sun Jun 28 2020,Villarreal CF,Valencia CF,2,0,La Liga,2019-20
Sun Jun 28 2020,Granada CF,SD Eibar,1,2,La Liga,2019-20
Sun Jun 28 2020,RCD Espanyol,Real Madrid,0,1,La Liga,2019-20
Mon Jun 29 2020,Getafe CF,Real Sociedad,2,1,La Liga,2019-20
Tue Jun 30 2020,RCD Mallorca,RC Celta Vigo,5,1,La Liga,2019-20
Tue Jun 30 2020,CD Leganés,Sevilla FC,0,3,La Liga,2019-20
Tue Jun 30 2020,FC Barcelona,Atlético Madrid,2,2,La Liga,2019-20
Wed Jul 1 2020,Deportivo Alavés,Granada CF,0,2,La Liga,2019-20
Wed Jul 1 2020,Valencia CF,Athletic Club Bilbao,0,2,La Liga,2019-20
Wed Jul 1 2020,Real Betis,Villarreal CF,0,2,La Liga,2019-20
Wed Jul 1 2020,Real Valladolid CF,Levante UD,0,0,La Liga,2019-20
Thu Jul 2 2020,SD Eibar,CA Osasuna,0,2,La Liga,2019-20
Thu Jul 2 2020,Real Sociedad,RCD Espanyol,2,1,La Liga,2019-20
Thu Jul 2 2020,Real Madrid,Getafe CF,1,0,La Liga,2019-20
Fri Jul 3 2020,Atlético Madrid,RCD Mallorca,3,0,La Liga,2019-20
Sat Jul 4 2020,RC Celta Vigo,Real Betis,1,1,La Liga,2019-20
Sat Jul 4 2020,Real Valladolid CF,Deportivo Alavés,1,0,La Liga,2019-20
Sat Jul 4 2020,Granada CF,Valencia CF,2,2,La Liga,2019-20
Sun Jul 5 2020,Athletic Club Bilbao,Real Madrid,0,1,La Liga,2019-20
Sun Jul 5 2020,RCD Espanyol,CD Leganés,0,1,La Liga,2019-20
Sun Jul 5 2020,CA Osasuna,Getafe CF,0,0,La Liga,2019-20
Sun Jul 5 2020,Villarreal CF,FC Barcelona,1,4,La Liga,2019-20
Mon Jul 6 2020,Levante UD,Real Sociedad,1,1,La Liga,2019-20
Mon Jul 6 2020,Sevilla FC,SD Eibar,1,0,La Liga,2019-20
Tue Jul 7 2020,Valencia CF,Real Valladolid CF,2,1,La Liga,2019-20
Tue Jul 7 2020,RC Celta Vigo,Atlético Madrid,1,1,La Liga,2019-20
Wed Jul 8 2020,Real Betis,CA Osasuna,3,0,La Liga,2019-20
Wed Jul 8 2020,Getafe CF,Villarreal CF,1,3,La Liga,2019-20
Wed Jul 8 2020,FC Barcelona,RCD Espanyol,1,0,La Liga,2019-20
Thu Jul 9 2020,SD Eibar,CD Leganés,0,0,La Liga,2019-20
Thu Jul 9 2020,RCD Mallorca,Levante UD,2,0,La Liga,2019-20
Thu Jul 9 2020,Athletic Club Bilbao,Sevilla FC,1,2,La Liga,2019-20
Fri Jul 10 2020,Real Sociedad,Granada CF,2,3,La Liga,2019-20
Fri Jul 10 2020,Real Madrid,Deportivo Alavés,2,0,La Liga,2019-20
Sat Jul 11 2020,CA Osasuna,RC Celta Vigo,2,1,La Liga,2019-20
Sat Jul 11 2020,Real Valladolid CF,FC Barcelona,0,1,La Liga,2019-20
Sat Jul 11 2020,Atlético Madrid,Real Betis,1,0,La Liga,2019-20
Sun Jul 12 2020,RCD Espanyol,SD Eibar,0,2,La Liga,2019-20
Sun Jul 12 2020,Levante UD,Athletic Club Bilbao,1,2,La Liga,2019-20
Sun Jul 12 2020,CD Leganés,Valencia CF,1,0,La Liga,2019-20
Sun Jul 12 2020,Sevilla FC,RCD Mallorca,2,0,La Liga,2019-20
Mon Jul 13 2020,Deportivo Alavés,Getafe CF,0,0,La Liga,2019-20
Mon Jul 13 2020,Villarreal CF,Real Sociedad,1,2,La Liga,2019-20
Mon Jul 13 2020,Granada CF,Real Madrid,1,2,La Liga,2019-20
Thu Jul 16 2020,SD Eibar,Real Valladolid CF,3,1,La Liga,2019-20
Thu Jul 16 2020,Getafe CF,Atlético Madrid,0,2,La Liga,2019-20
Thu Jul 16 2020,FC Barcelona,CA Osasuna,1,2,La Liga,2019-20
Thu Jul 16 2020,Real Betis,Deportivo Alavés,1,2,La Liga,2019-20
Thu Jul 16 2020,RC Celta Vigo,Levante UD,2,3,La Liga,2019-20
Thu Jul 16 2020,Athletic Club Bilbao,CD Leganés,0,2,La Liga,2019-20
Thu Jul 16 2020,RCD Mallorca,Granada CF,1,2,La Liga,2019-20
Thu Jul 16 2020,Real Madrid,Villarreal CF,2,1,La Liga,2019-20
Thu Jul 16 2020,Real Sociedad,Sevilla FC,0,0,La Liga,2019-20
Thu Jul 16 2020,Valencia CF,RCD Espanyol,1,0,La Liga,2019-20
Sun Jul 19 2020,Deportivo Alavés,FC Barcelona,0,5,La Liga,2019-20
Sun Jul 19 2020,Villarreal CF,SD Eibar,4,0,La Liga,2019-20
Sun Jul 19 2020,Real Valladolid CF,Real Betis,2,0,La Liga,2019-20
Sun Jul 19 2020,Granada CF,Athletic Club Bilbao,4,0,La Liga,2019-20
Sun Jul 19 2020,RCD Espanyol,RC Celta Vigo,0,0,La Liga,2019-20
Sun Jul 19 2020,Atlético Madrid,Real Sociedad,1,1,La Liga,2019-20
Sun Jul 19 2020,CD Leganés,Real Madrid,2,2,La Liga,2019-20
Sun Jul 19 2020,Levante UD,Getafe CF,1,0,La Liga,2019-20
Sun Jul 19 2020,CA Osasuna,RCD Mallorca,2,2,La Liga,2019-20
Sun Jul 19 2020,Sevilla FC,Valencia CF,1,0,La Liga,2019-20
Sat Sep 12 2020,SD Eibar,RC Celta Vigo,0,0,La Liga,2020-21
Sat Sep 12 2020,Granada CF,Athletic Club Bilbao,2,0,La Liga,2020-21
Sat Sep 12 2020,Cádiz CF,CA Osasuna,0,2,La Liga,2020-21
Sun Sep 13 2020,Deportivo Alavés,Real Betis,0,1,La Liga,2020-21
Sun Sep 13 2020,Real Valladolid CF,Real Sociedad,1,1,La Liga,2020-21
Sun Sep 13 2020,Villarreal CF,SD Huesca,1,1,La Liga,2020-21
Sun Sep 13 2020,Valencia CF,Levante UD,4,2,La Liga,2020-21
Sat Sep 19 2020,Villarreal CF,SD Eibar,2,1,La Liga,2020-21
Sat Sep 19 2020,Getafe CF,CA Osasuna,1,0,La Liga,2020-21
Sat Sep 19 2020,RC Celta Vigo,Valencia CF,2,1,La Liga,2020-21
Sun Sep 20 2020,SD Huesca,Cádiz CF,0,2,La Liga,2020-21
Sun Sep 20 2020,Real Betis,Real Valladolid CF,2,0,La Liga,2020-21
Sun Sep 20 2020,Granada CF,Deportivo Alavés,2,1,La Liga,2020-21
Sun Sep 20 2020,Real Sociedad,Real Madrid,0,0,La Liga,2020-21
Sat Sep 26 2020,Deportivo Alavés,Getafe CF,0,0,La Liga,2020-21
Sat Sep 26 2020,Valencia CF,SD Huesca,1,1,La Liga,2020-21
Sat Sep 26 2020,Elche CF,Real Sociedad,0,3,La Liga,2020-21
Sat Sep 26 2020,Real Betis,Real Madrid,2,3,La Liga,2020-21
Sun Sep 27 2020,CA Osasuna,Levante UD,1,3,La Liga,2020-21
Sun Sep 27 2020,SD Eibar,Athletic Club Bilbao,1,2,La Liga,2020-21
Sun Sep 27 2020,Atlético Madrid,Granada CF,6,1,La Liga,2020-21
Sun Sep 27 2020,Cádiz CF,Sevilla FC,1,3,La Liga,2020-21
Sun Sep 27 2020,Real Valladolid CF,RC Celta Vigo,1,1,La Liga,2020-21
Sun Sep 27 2020,FC Barcelona,Villarreal CF,4,0,La Liga,2020-21
Tue Sep 29 2020,Real Sociedad,Valencia CF,0,1,La Liga,2020-21
Tue Sep 29 2020,Getafe CF,Real Betis,3,0,La Liga,2020-21
Wed Sep 30 2020,SD Huesca,Atlético Madrid,0,0,La Liga,2020-21
Wed Sep 30 2020,Villarreal CF,Deportivo Alavés,3,1,La Liga,2020-21
Wed Sep 30 2020,SD Eibar,Elche CF,0,1,La Liga,2020-21
Wed Sep 30 2020,Real Madrid,Real Valladolid CF,1,0,La Liga,2020-21
Thu Oct 1 2020,Athletic Club Bilbao,Cádiz CF,0,1,La Liga,2020-21
Thu Oct 1 2020,Sevilla FC,Levante UD,1,0,La Liga,2020-21
Thu Oct 1 2020,RC Celta Vigo,FC Barcelona,0,3,La Liga,2020-21
Sat Oct 3 2020,Real Valladolid CF,SD Eibar,1,2,La Liga,2020-21
Sat Oct 3 2020,Atlético Madrid,Villarreal CF,0,0,La Liga,2020-21
Sat Oct 3 2020,Real Sociedad,Getafe CF,3,0,La Liga,2020-21
Sat Oct 3 2020,Elche CF,SD Huesca,0,0,La Liga,2020-21
Sat Oct 3 2020,Valencia CF,Real Betis,0,2,La Liga,2020-21
Sun Oct 4 2020,CA Osasuna,RC Celta Vigo,2,0,La Liga,2020-21
Sun Oct 4 2020,Deportivo Alavés,Athletic Club Bilbao,1,0,La Liga,2020-21
Sun Oct 4 2020,Levante UD,Real Madrid,0,2,La Liga,2020-21
Sun Oct 4 2020,Cádiz CF,Granada CF,1,1,La Liga,2020-21
Sun Oct 4 2020,FC Barcelona,Sevilla FC,1,1,La Liga,2020-21
Sat Oct 17 2020,Granada CF,Sevilla FC,1,0,La Liga,2020-21
Sat Oct 17 2020,RC Celta Vigo,Atlético Madrid,0,2,La Liga,2020-21
Sat Oct 17 2020,Real Madrid,Cádiz CF,0,1,La Liga,2020-21
Sat Oct 17 2020,Getafe CF,FC Barcelona,1,0,La Liga,2020-21
Sun Oct 18 2020,SD Eibar,CA Osasuna,0,0,La Liga,2020-21
Sun Oct 18 2020,Athletic Club Bilbao,Levante UD,2,0,La Liga,2020-21
Sun Oct 18 2020,Villarreal CF,Valencia CF,2,1,La Liga,2020-21
Sun Oct 18 2020,Deportivo Alavés,Elche CF,0,2,La Liga,2020-21
Sun Oct 18 2020,SD Huesca,Real Valladolid CF,2,2,La Liga,2020-21
Sun Oct 18 2020,Real Betis,Real Sociedad,0,3,La Liga,2020-21
Fri Oct 23 2020,Elche CF,Valencia CF,2,1,La Liga,2020-21
Sat Oct 24 2020,FC Barcelona,Real Madrid,1,3,La Liga,2020-21
Sat Oct 24 2020,CA Osasuna,Athletic Club Bilbao,1,0,La Liga,2020-21
Sat Oct 24 2020,Sevilla FC,SD Eibar,0,1,La Liga,2020-21
Sat Oct 24 2020,Atlético Madrid,Real Betis,2,0,La Liga,2020-21
Sun Oct 25 2020,Real Valladolid CF,Deportivo Alavés,0,2,La Liga,2020-21
Sun Oct 25 2020,Cádiz CF,Villarreal CF,0,0,La Liga,2020-21
Sun Oct 25 2020,Getafe CF,Granada CF,0,1,La Liga,2020-21
Sun Oct 25 2020,Real Sociedad,SD Huesca,4,1,La Liga,2020-21
Mon Oct 26 2020,Levante UD,RC Celta Vigo,1,1,La Liga,2020-21
Fri Oct 30 2020,SD Eibar,Cádiz CF,0,2,La Liga,2020-21
Sat Oct 31 2020,Real Madrid,SD Huesca,4,1,La Liga,2020-21
Sat Oct 31 2020,Athletic Club Bilbao,Sevilla FC,2,1,La Liga,2020-21
Sat Oct 31 2020,CA Osasuna,Atlético Madrid,1,3,La Liga,2020-21
Sat Oct 31 2020,Deportivo Alavés,FC Barcelona,1,1,La Liga,2020-21
Sun Nov 1 2020,Real Betis,Elche CF,3,1,La Liga,2020-21
Sun Nov 1 2020,RC Celta Vigo,Real Sociedad,1,4,La Liga,2020-21
Sun Nov 1 2020,Granada CF,Levante UD,1,1,La Liga,2020-21
Sun Nov 1 2020,Valencia CF,Getafe CF,2,2,La Liga,2020-21
Mon Nov 2 2020,Villarreal CF,Real Valladolid CF,2,0,La Liga,2020-21
Fri Nov 6 2020,Elche CF,RC Celta Vigo,1,1,La Liga,2020-21
Sat Nov 7 2020,SD Huesca,SD Eibar,1,1,La Liga,2020-21
Sat Nov 7 2020,FC Barcelona,Real Betis,5,2,La Liga,2020-21
Sat Nov 7 2020,Sevilla FC,CA Osasuna,1,0,La Liga,2020-21
Sat Nov 7 2020,Atlético Madrid,Cádiz CF,4,0,La Liga,2020-21
Sun Nov 8 2020,Getafe CF,Villarreal CF,1,3,La Liga,2020-21
Sun Nov 8 2020,Real Sociedad,Granada CF,2,0,La Liga,2020-21
Sun Nov 8 2020,Levante UD,Deportivo Alavés,1,1,La Liga,2020-21
Sun Nov 8 2020,Real Valladolid CF,Athletic Club Bilbao,2,1,La Liga,2020-21
Sun Nov 8 2020,Valencia CF,Real Madrid,4,1,La Liga,2020-21
